"DESCRIPTION","DURATION IN MS","NAME","PARENT SUITE","START TIME","STATUS","STOP TIME","SUB SUITE","SUITE","TEST CLASS","TEST METHOD"
"","1408","TC26 [English] — Profile header displays Guest state and Login/Signup button","Smoke Suite [English]","2026-09-02","passed","2026-09-02","","","",""
"","1380","TC_13 [Vietnamese] - Verify clicking Privacy Policy redirects to the Privacy Policy page","Profile Page (Vietnamese)","2026-09-02","passed","2026-09-02","","4. Account Tab","",""
"","1461","TC09 [Vietnamese] — Guest user can access Dashboard page successfully","Smoke Suite [Vietnamese]","2026-09-02","passed","2026-09-02","","","",""
"","7090","TC_07 [Vietnamese] - Verify Cancel/No on the logout confirmation popup keeps the user logged in","Logout (Vietnamese)","2026-09-02","passed","2026-09-02","","1. Logout Control Visibility & Non-Destructive Popup Checks [Vietnamese]","",""
"","5988","TC_15 [English] — Correct OTP auto-submits and navigates to link-telegram","OTP Verification (English)","2026-09-02","passed","2026-09-02","","","",""
"","6101","TC_26 [English] — Telegram-linked status: Connect CTA enabled; Skip path shows no Telegram link","Link Telegram (English)","2026-09-02","passed","2026-09-02","","","",""
"","53498","TC_38 [Vietnamese] — Signup journey renders and functions correctly on a mobile viewport","E2E Journey [Vietnamese]","2026-09-02","broken","2026-09-02","","","",""
"","248","TC_07 [Vietnamese] - Verify clicking Team 2 logo navigates to Team 2 details page and back returns to match","Recent Match Details Page [Vietnamese]","2026-09-02","passed","2026-09-02","","2. Match Header [Vietnamese]","",""
"","5611","TC_04 [Vietnamese] - Verify navigation to Africa Cup of Nations Qualification 2026 and URL/heading are correct","Tournament Pages [Vietnamese]","2026-09-02","passed","2026-09-02","","Africa Cup of Nations Qualification 2026 [Vietnamese]","",""
"","1462","TC_04 [English] - Verify hero tagline text element is displayed","Landing Page Validation (English)","2026-09-02","passed","2026-09-02","","","",""
"","8369","TC28 [Vietnamese] — Confirming the logout popup is accepted without error","Smoke Suite [Vietnamese]","2026-09-02","passed","2026-09-02","","TC27-TC28 — Logout [Vietnamese]","",""
"","146","TC_11 [English] - Verify lineup pitch shows at least 11 players","Recent Match Details Page [English]","2026-09-02","passed","2026-09-02","","4. Lineups Tab [English]","",""
"","6792","TC_18 [Vietnamese] - Verify the team name and competition context line display correctly","Team Details Page [Vietnamese]","2026-09-02","passed","2026-09-02","","2. Navigation & Header [Vietnamese]","",""
"","1498","TC25 [Vietnamese] — Profile page loads successfully via direct URL","Smoke Suite [Vietnamese]","2026-09-02","passed","2026-09-02","","","",""
"","59","TC_05 [English] - Verify Full Time (FT) status indicator is shown in match header","Recent Match Details Page [English]","2026-09-02","passed","2026-09-02","","2. Match Header [English]","",""
"","1953","TC_48 [Vietnamese] - Verify rapid tab switching does not cause content overlap or errors","Profile Page (Vietnamese)","2026-09-02","passed","2026-09-02","","9. Tab Switching","",""
"","1635","TC_23 [Vietnamese] — Directly navigating to the Link Telegram URL without OTP verification is not blocked [Known defect: route not protected]","OTP Verification [Vietnamese]","2026-09-02","passed","2026-09-02","","","",""
"","52197","TC_37 [English] — User who exits at Link Telegram can resume onboarding on return","E2E Journey [English]","2026-09-02","broken","2026-09-02","","","",""
"","31953","TC_30 [Vietnamese] - Verify language setting applies globally to other pages such as Dashboard","Profile Page (Vietnamese)","2026-09-02","broken","2026-09-02","","5. Preferences Tab","",""
"","13354","TC_34 [English] - Verify switching from one team's page to another's fully refreshes with no stale data","Team Details Page [English]","2026-09-02","passed","2026-09-02","","6. Data Integrity [English]","",""
"","198","TC_19 [English] - Verify clicking Preferences tab makes it active and loads Language section with language options","Profile Page (English)","2026-09-02","passed","2026-09-02","","5. Preferences Tab","",""
"","140","TC_11 [English] - Verify Goal Scoring Chances section heading is displayed","Upcoming Match Details Page [English]","2026-09-02","passed","2026-09-02","","4. Overview Tab [English]","",""
"","3042","TC_09 [Vietnamese] - Verify View All option is displayed in the Recent Results section and user is redirected to the Recent Results page after clicking it","Dashboard Validation (Vietnamese)","2026-09-02","passed","2026-09-02","","","",""
"","22834","TC_09 [English] - Verify default country code is pre-selected based on geo-location","Beat SFC [English]","2026-09-02","failed","2026-09-02","","Express Signup - Login/OTP Popup [English]","",""
"","6522","TC_29 [English] — Page displays correct heading, welcome message and CTA button","Welcome Page (English)","2026-09-02","passed","2026-09-02","","","",""
"","6438","TC_17 [English] - Verify the team crest/flag icon displays correctly","Team Details Page [English]","2026-09-02","passed","2026-09-02","","2. Navigation & Header [English]","",""
"","3109","TC_29 [English] - Verify Overview and Matches tabs display content on Int. Friendly Games 2026 page","Tournament Pages [English]","2026-09-02","passed","2026-09-02","","Int. Friendly Games 2026 [English]","",""
"","185","TC_26 [English] - Verify Passing section heading is displayed","Upcoming Match Details Page [English]","2026-09-02","passed","2026-09-02","","6. Stats Tab [English]","",""
"","4207","TC_16 [Vietnamese] - Verify all three Data & Privacy links redirect to their correct pages when clicked in sequence","Profile Page (Vietnamese)","2026-09-02","passed","2026-09-02","","4. Account Tab","",""
"","30062","TC_28 [Vietnamese] - Verify Rankings tab label and standings section heading text are correct","Recent Match Details Page [Vietnamese]","2026-09-02","broken","2026-09-02","","8. Rankings Tab [Vietnamese]","",""
"","1795","TC_17 [Vietnamese] — Login/Signup CTA is no longer displayed after successful login, and a profile avatar is shown instead","Organic Signup Journey (Vietnamese)","2026-09-02","passed","2026-09-02","","Post-Login Dashboard and Settings","",""
"","5220","TC_02 [English] - Verify Back button navigates user back to the Dashboard","Recent Match Details Page [English]","2026-09-02","passed","2026-09-02","","1. Navigation [English]","",""
"","414","TC_36 [Vietnamese] - Verify all 7 social channel links are enabled and clickable in the Community tab","Profile Page (Vietnamese)","2026-09-02","passed","2026-09-02","","7. Community Tab","",""
"","2577","TC10 [English] — Clicking the featured-competition promo banner navigates to that competition page","Smoke Suite [English]","2026-09-02","passed","2026-09-02","","","",""
"","2634","TC_33 [English] - Verify Knockout tab presence and Standings tab content on Club Friendly Games 2026 page","Tournament Pages [English]","2026-09-02","passed","2026-09-02","","Club Friendly Games 2026 [English]","",""
"","6143","TC_25 [English] — ""Maybe later"" navigates to the Welcome page","Link Telegram (English)","2026-09-02","passed","2026-09-02","","","",""
"","10293","TC_19 [English] — Resend OTP after countdown sends new OTP","OTP Verification (English)","2026-09-02","broken","2026-09-02","","","",""
"","5325","TC04 [Vietnamese] — Valid new phone triggers OTP dispatch and shows OTP verification page","Smoke Suite [Vietnamese]","2026-09-02","passed","2026-09-02","","","",""
"","3254","TC_11 [English] — Phone numbers with extra formatting characters (spaces, dashes, leading zero) are normalized consistently","Details Page [English]","2026-09-02","passed","2026-09-02","","","",""
"","864","TC_41 [English] — Incorrect OTP shows an error and allows the user to retry","OTP Verification — Wrong-Attempt Tests [English]","2026-09-02","passed","2026-09-02","","","",""
"","7208","TC_15 [English] — Entering an incorrect OTP displays an error and allows the user to retry","Organic Signup Journey (English)","2026-09-02","passed","2026-09-02","","OTP Page — incorrect code","",""
"","5121","TC04 [English] — Valid new phone triggers OTP dispatch and shows OTP verification page","Smoke Suite [English]","2026-09-02","passed","2026-09-02","","","",""
"","82","TC_14 [Vietnamese] - Verify Cookie Policy row is displayed and clickable","Profile Page (Vietnamese)","2026-09-02","passed","2026-09-02","","4. Account Tab","",""
"","5937","TC_01 [English] - Verify user is redirected to Match Details page after clicking the upcoming match","Upcoming Match Details Page [English]","2026-09-02","passed","2026-09-02","","1. Navigation [English]","",""
"","2914","TC_15 [Vietnamese] - Verify clicking the Tomorrow filter displays filtered match results","Dashboard Validation (Vietnamese)","2026-09-02","passed","2026-09-02","","","",""
"","4156","TC_40 [Vietnamese] - Verify 'Xem thêm 2 phân tích' link expands/collapses additional insights without requiring login","Beat SFC [Vietnamese]","2026-09-02","passed","2026-09-02","","Match Details - Beat Aiko Widgets (Pre-login) [Vietnamese]","",""
"","188","TC_15 [English] - Verify Defense section heading is displayed","Recent Match Details Page [English]","2026-09-02","passed","2026-09-02","","5. Stats Tab [English]","",""
"","116","TC_23 [English] - Verify Vietnamese language option displays 🇻🇳 flag and Tiếng Việt sub-label","Profile Page (English)","2026-09-02","passed","2026-09-02","","5. Preferences Tab","",""
"","6651","TC_21 [Vietnamese] - Verify the General Info section displays the FIFA Ranking and points correctly","Team Details Page [Vietnamese]","2026-09-02","passed","2026-09-02","","3. Stats [Vietnamese]","",""
"","2810","TC_16 [English] - Verify clicking the All Matches filter displays filtered match results","Dashboard Validation (English)","2026-09-02","passed","2026-09-02","","","",""
"","197","TC_32 [English] - Verify guest user name and Login/Signup button update to Vietnamese after language switch","Profile Page (English)","2026-09-02","passed","2026-09-02","","6. Guest User","",""
"","30464","TC_26 [English] - Verify tapping a Recent Result card navigates to that match's Match Details page","Team Details Page [English]","2026-09-02","passed","2026-09-02","","4. Recent Results [English]","",""
"","613","TC_11 [English] - Language switch keeps user on /privacy (no re-login required)","Privacy Policy (English)","2026-09-02","passed","2026-09-02","","","",""
"","0","TC_24 [English] — Direct URL to link-telegram is blocked without OTP verification [Product defect: route not protected]","","2026-09-02","skipped","2026-09-02","","","",""
"","5795","TC_08 [Vietnamese] — An inline validation error/disabled state is shown when Continue is clicked with an empty phone number field","Organic Signup Journey (Vietnamese)","2026-09-02","passed","2026-09-02","","Login/Join Page","",""
"","255","TC_21 [English] - Verify Language section can be collapsed and re-expanded","Profile Page (English)","2026-09-02","passed","2026-09-02","","5. Preferences Tab","",""
"","203","TC_08 [Vietnamese] - Verify clicking Account tab makes it active and loads DATA & PRIVACY section with all three rows","Profile Page (Vietnamese)","2026-09-02","passed","2026-09-02","","4. Account Tab","",""
"","370","TC_16 [Vietnamese] — 6-box display and Verify OTP requires all 6 digits","OTP Verification [Vietnamese]","2026-09-02","passed","2026-09-02","","","",""
"","6842","TC_18 [English] - Verify the team name and competition context line display correctly","Team Details Page [English]","2026-09-02","passed","2026-09-02","","2. Navigation & Header [English]","",""
"","133","TC_25 [English] - Verify Play by Play section shows match event minute indicators","Recent Match Details Page [English]","2026-09-02","passed","2026-09-02","","6. Play by Play Tab [English]","",""
"","2157","TC_03 [Vietnamese] - Verify Back arrow navigates the user away from the Profile page","Profile Page (Vietnamese)","2026-09-02","passed","2026-09-02","","1. Page Load","",""
"","7924","TC_04 [Vietnamese] - Verify Team Details page is reachable and loads correctly from CONMEBOL Sudamericana 2026","Team Details Page [Vietnamese]","2026-09-02","passed","2026-09-02","","1. Cross-Tournament Reachability [Vietnamese]","",""
"","5394","TC_19 [English] - Verify navigation to J1 League 26/27 and URL/heading are correct","Tournament Pages [English]","2026-09-02","passed","2026-09-02","","J1 League 26/27 [English]","",""
"","2728","TC_07 [Vietnamese] - Verify clicking the Team B CTA in the Beat Aiko banner navigates to Match Details AND triggers the Express Signup popup","Beat SFC [Vietnamese]","2026-09-02","passed","2026-09-02","","Overview Page - Next Match Widget [Vietnamese]","",""
"","651","TC_03 [English] - Verify header shows team logos, team names and competition name","Recent Match Details Page [English]","2026-09-02","passed","2026-09-02","","2. Match Header [English]","",""
"","3153","TC_11 [Vietnamese] — Phone numbers with extra formatting characters (spaces, dashes, leading zero) are normalized consistently","Details Page [Vietnamese]","2026-09-02","passed","2026-09-02","","","",""
"","164","TC_20 [Vietnamese] - Verify stat rows display numeric comparison values for both teams","Recent Match Details Page [Vietnamese]","2026-09-02","passed","2026-09-02","","5. Stats Tab [Vietnamese]","",""
"","2874","TC_32 [Vietnamese] - Verify Overview and Matches tabs display content on Club Friendly Games 2026 page","Tournament Pages [Vietnamese]","2026-09-02","passed","2026-09-02","","Club Friendly Games 2026 [Vietnamese]","",""
"","1402","TC_52 [English] - Verify Profile page loads correctly after clearing all browser cache and storage","Profile Page (English)","2026-09-02","passed","2026-09-02","","10. Edge Cases","",""
"","217","TC_22 [English] - Verify Team Statistics section shows stat comparison values","Upcoming Match Details Page [English]","2026-09-02","passed","2026-09-02","","6. Stats Tab [English]","",""
"","8520","TC_14 [Vietnamese] — Entering the correct OTP redirects directly to the Dashboard as a logged-in user, with no Telegram-link or Welcome step","Organic Signup Journey (Vietnamese)","2026-09-02","passed","2026-09-02","","OTP Page — correct verification","",""
"","36290","TC13 [Vietnamese] — Team Details page loads for Sevilla via valid URL","Smoke Suite [Vietnamese]","2026-09-02","broken","2026-09-02","","","",""
"","5502","TC_24 [English] — Back navigation returns to the Signup Details page","Blue Moon — OTP Page (English)","2026-09-02","passed","2026-09-02","","","",""
"","188","TC_36 [English] - Verify standings shows a team name for each of at least 4 teams","Upcoming Match Details Page [English]","2026-09-02","passed","2026-09-02","","8. Rankings Tab [English]","",""
"","253","TC_17 [English] - Verify Goalkeeping section is displayed with Corners stat row","Recent Match Details Page [English]","2026-09-02","passed","2026-09-02","","5. Stats Tab [English]","",""
"","15218","TC_34 [English] — Refreshing the OTP page ends the pending code; refreshing after verification retains the session","E2E Journey (English)","2026-09-02","broken","2026-09-02","","","",""
"","261","TC_21 [Vietnamese] - Verify Language section can be collapsed and re-expanded","Profile Page (Vietnamese)","2026-09-02","passed","2026-09-02","","5. Preferences Tab","",""
"","9152","TC_23 [English] — Network failure during OTP verification shows an appropriate error","OTP Verification (English)","2026-09-02","passed","2026-09-02","","","",""
"","2970","TC_14 [Vietnamese] - Verify clicking the Today filter displays filtered match results","Dashboard Validation (Vietnamese)","2026-09-02","passed","2026-09-02","","","",""
"","30048","TC_32 [Vietnamese] - Verify standings shows a team name for each of at least 4 teams","Recent Match Details Page [Vietnamese]","2026-09-02","broken","2026-09-02","","8. Rankings Tab [Vietnamese]","",""
"","2796","TC_35 [English] - Verify Overview and Matches tabs display content on V-League 1 26/27 page","Tournament Pages [English]","2026-09-02","passed","2026-09-02","","V-League 1 26/27 [English]","",""
"","3347","TC_28 [Vietnamese] - Verify 'ĐÁNH BẠI SFC · ĐOÁN NGƯỜI THẮNG!' section displays correctly","Beat SFC [Vietnamese]","2026-09-02","passed","2026-09-02","","Match Details - Beat Aiko Widgets (Pre-login) [Vietnamese]","",""
"","8605","TC_14 [English] — Entering the correct OTP redirects directly to the Dashboard as a logged-in user, with no Telegram-link or Welcome step","Organic Signup Journey (English)","2026-09-02","passed","2026-09-02","","OTP Page — correct verification","",""
"","6130","TC_28 [English] — The existing/login number can be reused for another full login without Firebase cleanup","Blue Moon — Welcome Page (existing/login number) (English)","2026-09-02","passed","2026-09-02","","","",""
"","15039","TC_12 [English] - Verify no leftover authenticated data is shown after logout completes","Logout (English)","2026-09-02","broken","2026-09-02","","2. Logout Execution & Redirect","",""
"","30064","TC_28 [English] - Verify Rankings tab label and standings section heading text are correct","Recent Match Details Page [English]","2026-09-02","broken","2026-09-02","","8. Rankings Tab [English]","",""
"","7017","TC_28 [English] - Verify the Competitions section lists tournaments the team has participated in","Team Details Page [English]","2026-09-02","passed","2026-09-02","","5. Competitions [English]","",""
"","3208","TC_32 [Vietnamese] - Verify 'ĐÁNH BẠI SFC · BÌNH CHỌN!' (Cast Your Vote) section displays correctly","Beat SFC [Vietnamese]","2026-09-02","passed","2026-09-02","","Match Details - Beat Aiko Widgets (Pre-login) [Vietnamese]","",""
"","4102","TC_01 [Vietnamese] - Verify 'Next Match' section label is displayed on Overview tab","Beat SFC [Vietnamese]","2026-09-02","passed","2026-09-02","","Overview Page - Next Match Widget [Vietnamese]","",""
"","6674","TC_34 [English] — Back button at each step returns to previous step, not forward in flow","E2E Journey [English]","2026-09-02","passed","2026-09-02","","","",""
"","6628","TC_27 [Vietnamese] - Verify an appropriate state is shown when the team has no recent results","Team Details Page [Vietnamese]","2026-09-02","passed","2026-09-02","","4. Recent Results [Vietnamese]","",""
"","2840","TC_05 [Vietnamese] - Verify clicking the Team A CTA in the Beat Aiko banner navigates to Match Details AND triggers the Express Signup popup","Beat SFC [Vietnamese]","2026-09-02","passed","2026-09-02","","Overview Page - Next Match Widget [Vietnamese]","",""
"","5937","TC_05 [English] — Page loads with heading, description, country code selector, phone field, Continue button and reCAPTCHA disclaimer","Organic Signup Journey (English)","2026-09-02","passed","2026-09-02","","Login/Join Page","",""
"","86","TC_31 [English] - Verify guest user name and Login/Signup button are displayed correctly in English","Profile Page (English)","2026-09-02","passed","2026-09-02","","6. Guest User","",""
"","11296","TC_13 [English] — Network failure on Sign Up shows an appropriate error","Signup Journey — Join Page (English)","2026-09-02","passed","2026-09-02","","","",""
"","1788","TC_46 [English] - Verify switching between all three tabs works correctly with no content overlap","Profile Page (English)","2026-09-02","passed","2026-09-02","","9. Tab Switching","",""
"","39082","TC20 [English] — Team Details page loads successfully via an upcoming match's team link","Smoke Suite [English]","2026-09-02","failed","2026-09-02","","","",""
"","1567","TC_10 [English] - Verify Personalisation interest chip images (FIFA WC™, Brazil, Neymar Jr.) are displayed","Landing Page Validation (English)","2026-09-02","passed","2026-09-02","","","",""
"","3741","TC_36 [English] - Verify clicking option '1' in What's Your Take triggers the Express Signup popup","Beat SFC [English]","2026-09-02","passed","2026-09-02","","Match Details - Beat Aiko Widgets (Pre-login) [English]","",""
"","1735","TC_55 [English] - Verify Login/Signup button is visible across all three profile tabs for a guest user","Profile Page (English)","2026-09-02","passed","2026-09-02","","10. Edge Cases","",""
"","1569","TC_12 [English] - Verify Real-Time Feed section is displayed","Landing Page Validation (English)","2026-09-02","passed","2026-09-02","","","",""
"","2201","TC_01 [Vietnamese] - Verify Profile page loads successfully via direct URL with all three tabs visible","Profile Page (Vietnamese)","2026-09-02","passed","2026-09-02","","1. Page Load","",""
"","115","TC_24 [Vietnamese] - Verify English language option displays 🌐 globe icon and English label","Profile Page (Vietnamese)","2026-09-02","passed","2026-09-02","","5. Preferences Tab","",""
"","420","TC_11 [English] - No horizontal overflow on mobile viewport","Terms of Use (English)","2026-09-02","passed","2026-09-02","","","",""
"","3063","TC_02 [Vietnamese] - Verify Overview and Matches tabs display content on Canadian Premier League 2026 page","Tournament Pages [Vietnamese]","2026-09-02","passed","2026-09-02","","Canadian Premier League 2026 [Vietnamese]","",""
"","1119","TC_08 [English] — Non-numeric characters are rejected in the mobile number field","Blue Moon — Signup Details Page (English)","2026-09-02","passed","2026-09-02","","","",""
"","3286","TC_03 [English] - Verify Knockout tab presence and Standings tab content on Canadian Premier League 2026 page","Tournament Pages [English]","2026-09-02","passed","2026-09-02","","Canadian Premier League 2026 [English]","",""
"","80777","TC_09 [Vietnamese] - Verify Ok/Yes on the logout confirmation popup logs the user out","Logout (Vietnamese)","2026-09-02","failed","2026-09-02","","2. Logout Execution & Redirect [Vietnamese]","",""
"","3107","TC_11 [Vietnamese] - Verify Overview and Matches tabs display content on CONMEBOL Sudamericana 2026 page","Tournament Pages [Vietnamese]","2026-09-02","passed","2026-09-02","","CONMEBOL Sudamericana 2026 [Vietnamese]","",""
"","80714","TC_09 [English] - Verify Ok/Yes on the logout confirmation popup logs the user out","Logout (English)","2026-09-02","failed","2026-09-02","","2. Logout Execution & Redirect","",""
"","675","TC_24 [Vietnamese] - Verify clicking Play by Play tab loads match event content","Recent Match Details Page [Vietnamese]","2026-09-02","passed","2026-09-02","","6. Play by Play Tab [Vietnamese]","",""
"","1566","TC_15 [English] - Verify Alerts card with FIFA World Cup 2026™ match info is displayed","Landing Page Validation (English)","2026-09-02","passed","2026-09-02","","","",""
"","5294","TC_31 [English] - Verify navigation to Club Friendly Games 2026 and URL/heading are correct","Tournament Pages [English]","2026-09-02","passed","2026-09-02","","Club Friendly Games 2026 [English]","",""
"","84","TC_12 [English] - Verify Privacy Policy row is displayed and clickable","Profile Page (English)","2026-09-02","passed","2026-09-02","","4. Account Tab","",""
"","3109","TC_18 [English] - Verify clicking a Trending Series card navigates to the series detail page","Dashboard Validation (English)","2026-09-02","passed","2026-09-02","","","",""
"","1451","TC26 [Vietnamese] — Profile header displays Guest state and Login/Signup button","Smoke Suite [Vietnamese]","2026-09-02","passed","2026-09-02","","","",""
"","16845","TC_05 [English] - Verify the Logout button is reachable and operable via keyboard","Logout (English)","2026-09-02","broken","2026-09-02","","1. Logout Control Visibility & Non-Destructive Popup Checks","",""
"","103","TC_02 [English] - Verify the Logout button displays the correct label and icon","Logout (English)","2026-09-02","passed","2026-09-02","","1. Logout Control Visibility & Non-Destructive Popup Checks","",""
"","2892","TC_17 [English] - Verify clicking a Today Match card navigates to the match detail page","Dashboard Validation (English)","2026-09-02","passed","2026-09-02","","","",""
"","6663","TC_17 [Vietnamese] - Verify the team crest/flag icon displays correctly","Team Details Page [Vietnamese]","2026-09-02","passed","2026-09-02","","2. Navigation & Header [Vietnamese]","",""
"","291","TC_05 [English] - Verify clicking Login/Signup button redirects to the Login/Registration page","Profile Page (English)","2026-09-02","passed","2026-09-02","","2. Profile Header","",""
"","5145","TC_02 [Vietnamese] - Verify Back button navigates user back to the Dashboard","Recent Match Details Page [Vietnamese]","2026-09-02","passed","2026-09-02","","1. Navigation [Vietnamese]","",""
"","1052","TC_53 [Vietnamese] - Verify the Beat SFC section is NOT displayed on Settings > Account tab for a logged-out user","Beat SFC [Vietnamese]","2026-09-02","passed","2026-09-02","","Settings - Account Tab - Beat SFC Section (Guest) [Vietnamese]","",""
"","41","TC_15 [Vietnamese] — Resend OTP shows a countdown immediately after the OTP is sent","OTP Verification [Vietnamese]","2026-09-02","passed","2026-09-02","","","",""
"","585","TC_17 [Vietnamese] - Verify Terms of Service, Privacy Policy and Cookie Policy all redirect to unique pages","Profile Page (Vietnamese)","2026-09-02","passed","2026-09-02","","4. Account Tab","",""
"","6266","TC_16 [English] - Verify navigation to MLS 2026 and URL/heading are correct","Tournament Pages [English]","2026-09-02","passed","2026-09-02","","MLS 2026 [English]","",""
"","4217","TC_07 [Vietnamese] — Phone number field accepts only numeric input and enforces correct digit length for the selected country","Organic Signup Journey (Vietnamese)","2026-09-02","passed","2026-09-02","","Login/Join Page","",""
"","7364","TC_10 [Vietnamese] - Verify Team Details page is reachable and loads correctly from Int. Friendly Games 2026","Team Details Page [Vietnamese]","2026-09-02","passed","2026-09-02","","1. Cross-Tournament Reachability [Vietnamese]","",""
"","6640","TC08 [English] — User is fully authenticated on Dashboard after completing signup","Smoke Suite [English]","2026-09-02","passed","2026-09-02","","","",""
"","4689","TC14 [Vietnamese] — Clicking an upcoming match card navigates to Match Details page","Smoke Suite [Vietnamese]","2026-09-02","passed","2026-09-02","","","",""
"","21100","TC_23 [English] — Repeated incorrect OTP attempts are handled gracefully (no crash, consistent error/lockout)","Blue Moon — OTP Page (English)","2026-09-02","passed","2026-09-02","","","",""
"","1957","TC_12 [Vietnamese] — Phone number field sanitizes/rejects script or injection-style input without executing it or causing errors","Details Page [Vietnamese]","2026-09-02","passed","2026-09-02","","","",""
"","913","TC_02 [English] - Effective Date reads ""23 April 2026""","Privacy Policy (English)","2026-09-02","passed","2026-09-02","","","",""
"","18847","TC21 [English] — Team name is displayed correctly in the page header","Smoke Suite [English]","2026-09-02","broken","2026-09-02","","","",""
"","3711","TC_03 [Vietnamese] - Verify Knockout tab presence and Standings tab content on Canadian Premier League 2026 page","Tournament Pages [Vietnamese]","2026-09-02","passed","2026-09-02","","Canadian Premier League 2026 [Vietnamese]","",""
"","5343","TC_13 [Vietnamese] - Verify navigation to K-League 1 2026 and URL/heading are correct","Tournament Pages [Vietnamese]","2026-09-02","passed","2026-09-02","","K-League 1 2026 [Vietnamese]","",""
"","23615","TC_10 [Vietnamese] — Repeated rapid Sign Up submissions are rate-limited or accepted","Details Page [Vietnamese]","2026-09-02","passed","2026-09-02","","","",""
"","3252","TC17 [English] — Completed match header shows logos, team names and competition name","Smoke Suite [English]","2026-09-02","passed","2026-09-02","","","",""
"","6697","TC_10 [English] — Terms & privacy disclaimer is shown on the login splash; Continue is gated purely by phone validity (no separate checkbox in the current build)","Organic Signup Journey (English)","2026-09-02","passed","2026-09-02","","Login/Join Page","",""
"","133","TC_26 [Vietnamese] - Verify selecting Vietnamese highlights it with a filled selection indicator","Profile Page (Vietnamese)","2026-09-02","passed","2026-09-02","","5. Preferences Tab","",""
"","3068","TC_41 [Vietnamese] - Verify the Leaderboard teaser is NOT shown when the user is logged out","Beat SFC [Vietnamese]","2026-09-02","passed","2026-09-02","","Match Details - Beat Aiko Widgets (Pre-login) [Vietnamese]","",""
"","275","TC_21 [English] - Verify Match Information section heading is displayed","Recent Match Details Page [English]","2026-09-02","passed","2026-09-02","","5. Stats Tab [English]","",""
"","249","TC_17 [Vietnamese] - Verify Goalkeeping section is displayed with Corners stat row","Recent Match Details Page [Vietnamese]","2026-09-02","passed","2026-09-02","","5. Stats Tab [Vietnamese]","",""
"","7126","TC_10 [Vietnamese] — Terms & privacy disclaimer is shown on the login splash; Continue is gated purely by phone validity (no separate checkbox in the current build)","Organic Signup Journey (Vietnamese)","2026-09-02","passed","2026-09-02","","Login/Join Page","",""
"","7203","TC_10 [English] - Verify Team Details page is reachable and loads correctly from Int. Friendly Games 2026","Team Details Page [English]","2026-09-02","passed","2026-09-02","","1. Cross-Tournament Reachability [English]","",""
"","5926","TC_17 [English] — Pasting 6-digit code redirects to Link Telegram","OTP Verification (English)","2026-09-02","passed","2026-09-02","","","",""
"","260","TC_16 [English] - Verify H2H section contains at least one past match entry","Upcoming Match Details Page [English]","2026-09-02","passed","2026-09-02","","4. Overview Tab [English]","",""
"","1658","TC_23 [English] - Verify all four main page sections are displayed on the Landing page","Landing Page Validation (English)","2026-09-02","passed","2026-09-02","","","",""
"","7514","TC_14 [Vietnamese] - Verify the breadcrumb title displays the correct team name","Team Details Page [Vietnamese]","2026-09-02","passed","2026-09-02","","2. Navigation & Header [Vietnamese]","",""
"","","TC_01 [English] - Verify 'Next Match' section label is displayed on Overview tab","Beat SFC [English]","2026-09-02","unknown","","","Overview Page - Next Match Widget [English]","",""
"","2518","TC_32 [Vietnamese] - Verify an invalid/non-existent team slug is handled gracefully","Team Details Page [Vietnamese]","2026-09-02","passed","2026-09-02","","6. Data Integrity [Vietnamese]","",""
"","1395","TC_21 [English] - Verify footer copyright text is displayed","Landing Page Validation (English)","2026-09-02","passed","2026-09-02","","","",""
"","2025","TC_02 [Vietnamese] — Details page loads with heading, description, country selector, phone field, terms text, Sign Up button and disclaimer","Details Page [Vietnamese]","2026-09-02","passed","2026-09-02","","","",""
"","3035","TC_21 [Vietnamese] - Verify Knockout tab presence and Standings tab content on J1 League 26/27 page","Tournament Pages [Vietnamese]","2026-09-02","passed","2026-09-02","","J1 League 26/27 [Vietnamese]","",""
"","2141","TC_16 [English] — Continue becomes enabled once Name, Mobile and the checkbox are all valid","Blue Moon — Signup Details Page (English)","2026-09-02","passed","2026-09-02","","","",""
"","113","TC_25 [English] - Verify selecting English highlights it with a filled selection indicator","Profile Page (English)","2026-09-02","passed","2026-09-02","","5. Preferences Tab","",""
"","10811","TC_33 [English] — Back button at each step returns to previous step, not forward in flow","E2E Journey (English)","2026-09-02","passed","2026-09-02","","","",""
"","1477","TC_02 [English] - Verify brand logo is displayed on Landing page","Landing Page Validation (English)","2026-09-02","passed","2026-09-02","","","",""
"","901","TC_03 [English] - Company name (RICH ABLE DEVELOPMENTS LIMITED) and Samoa address are unchanged","Privacy Policy (English)","2026-09-02","passed","2026-09-02","","","",""
"","6714","TC_33 [English] - Verify all sections consistently reflect the same team with no cross-team data leakage","Team Details Page [English]","2026-09-02","passed","2026-09-02","","6. Data Integrity [English]","",""
"","3264","TC_26 [English] - Verify Overview and Matches tabs display content on Brasileiro Serie A 2026 page","Tournament Pages [English]","2026-09-02","passed","2026-09-02","","Brasileiro Serie A 2026 [English]","",""
"","275","TC_34 [English] - Verify standings displays position numbers 1 through 4","Upcoming Match Details Page [English]","2026-09-02","passed","2026-09-02","","8. Rankings Tab [English]","",""
"","2336","TC_05 [English] — Country code dropdown shows a default value and opens to a scrollable country list","Blue Moon — Signup Details Page (English)","2026-09-02","passed","2026-09-02","","","",""
"","1673","TC_17 [English] — Login/Signup CTA is no longer displayed after successful login, and a profile avatar is shown instead","Organic Signup Journey (English)","2026-09-02","passed","2026-09-02","","Post-Login Dashboard and Settings","",""
"","1324","TC02 [Vietnamese] — ""Đăng ký"" CTA on Landing page navigates to sign-up flow","Smoke Suite [Vietnamese]","2026-09-02","passed","2026-09-02","","","",""
"","3913","TC_30 [English] - Verify clicking 'Draw' in Guess the Winner triggers the Express Signup popup","Beat SFC [English]","2026-09-02","passed","2026-09-02","","Match Details - Beat Aiko Widgets (Pre-login) [English]","",""
"","210","TC_08 [English] - Verify clicking Account tab makes it active and loads DATA & PRIVACY section with all three rows","Profile Page (English)","2026-09-02","passed","2026-09-02","","4. Account Tab","",""
"","6348","TC07 [Vietnamese] — ""Đi tới sportsfc.fans →"" on Welcome page navigates to the Dashboard","Smoke Suite [Vietnamese]","2026-09-02","passed","2026-09-02","","","",""
"","2987","TC_05 [English] - Verify Overview and Matches tabs display content on Africa Cup of Nations Qualification 2026 page","Tournament Pages [English]","2026-09-02","passed","2026-09-02","","Africa Cup of Nations Qualification 2026 [English]","",""
"","2598","TC_30 [Vietnamese] - Verify Knockout tab presence and Standings tab content on Int. Friendly Games 2026 page","Tournament Pages [Vietnamese]","2026-09-02","passed","2026-09-02","","Int. Friendly Games 2026 [Vietnamese]","",""
"","1526","TC_23 [English] — A logged-in user directly navigating to the login/join URL is redirected to the Dashboard instead of the phone entry page","Organic Signup Journey (English)","2026-09-02","passed","2026-09-02","","Post-Login Dashboard and Settings","",""
"","120","TC_12 [Vietnamese] — Page displays the exact phone number entered, 6 separate OTP boxes, and an active resend countdown","Organic Signup Journey (Vietnamese)","2026-09-02","passed","2026-09-02","","OTP Page — submission and display","",""
"","9411","TC_08 [English] - Verify Team Details page is reachable and loads correctly from CONMEBOL Libertadores 2026","Team Details Page [English]","2026-09-02","passed","2026-09-02","","1. Cross-Tournament Reachability [English]","",""
"","6800","TC_24 [Vietnamese] - Verify each Recent Result card displays the correct result text and score","Team Details Page [Vietnamese]","2026-09-02","passed","2026-09-02","","4. Recent Results [Vietnamese]","",""
"","9267","TC_01 [English] - Verify Team Details page is reachable and loads correctly from Canadian Premier League 2026","Team Details Page [English]","2026-09-02","passed","2026-09-02","","1. Cross-Tournament Reachability [English]","",""
"","4","TC_14 [Vietnamese] — Page displays the exact phone number entered on the Details page","OTP Verification [Vietnamese]","2026-09-02","passed","2026-09-02","","","",""
"","231","TC_14 [Vietnamese] - Verify Team Statistics section shows numeric stat comparison values","Recent Match Details Page [Vietnamese]","2026-09-02","passed","2026-09-02","","5. Stats Tab [Vietnamese]","",""
"","3163","TC_12 [Vietnamese] - Verify Knockout tab presence and Standings tab content on CONMEBOL Sudamericana 2026 page","Tournament Pages [Vietnamese]","2026-09-02","passed","2026-09-02","","CONMEBOL Sudamericana 2026 [Vietnamese]","",""
"","203","TC_19 [Vietnamese] - Verify Passing section shows numeric stat comparison values","Recent Match Details Page [Vietnamese]","2026-09-02","passed","2026-09-02","","5. Stats Tab [Vietnamese]","",""
"","1999","TC_02 [English] — Clicking the first Signup CTA navigates to the Signup Details page","Blue Moon — Landing Page (English)","2026-09-02","passed","2026-09-02","","","",""
"","234","TC_15 [English] - Verify Head-to-Head (H2H) section heading is displayed","Upcoming Match Details Page [English]","2026-09-02","passed","2026-09-02","","4. Overview Tab [English]","",""
"","6905","TC_30 [English] - Verify the Competitions list remains reachable when scrolled","Team Details Page [English]","2026-09-02","passed","2026-09-02","","5. Competitions [English]","",""
"","19233","TC22 [English] — Team logo/crest is displayed correctly","Smoke Suite [English]","2026-09-02","broken","2026-09-02","","","",""
"","2516","TC_06 [Vietnamese] - Verify clicking the 'Hòa' (Draw) CTA in the Beat Aiko banner navigates to Match Details AND triggers the Express Signup popup","Beat SFC [Vietnamese]","2026-09-02","passed","2026-09-02","","Overview Page - Next Match Widget [Vietnamese]","",""
"","6562","TC_13 [Vietnamese] — Network failure on Sign Up shows an appropriate error","Details Page [Vietnamese]","2026-09-02","passed","2026-09-02","","","",""
"","3594","TC_28 [English] - Verify 'BEAT SFC · GUESS THE WINNER!' section displays correctly","Beat SFC [English]","2026-09-02","passed","2026-09-02","","Match Details - Beat Aiko Widgets (Pre-login) [English]","",""
"","25921","TC_36 [English] — Language (English) persists consistently across all steps of the journey","E2E Journey [English]","2026-09-02","broken","2026-09-02","","","",""
"","2795","TC_38 [English] - Verify clicking WhatsApp row redirects to the WhatsApp channel in a new tab","Profile Page (English)","2026-09-02","passed","2026-09-02","","8. Community Tab – Social Redirections","",""
"","10071","TC_15 [English] - Verify the favorite/star icon reacts to a tap","Team Details Page [English]","2026-09-02","passed","2026-09-02","","2. Navigation & Header [English]","",""
"","3835","TC_36 [Vietnamese] - Verify clicking option '1' in What's Your Take triggers the Express Signup popup","Beat SFC [Vietnamese]","2026-09-02","passed","2026-09-02","","Match Details - Beat Aiko Widgets (Pre-login) [Vietnamese]","",""
"","7889","TC_50 [English] - Verify all 7 social channel links open in a new tab and do not navigate away from Profile page","Profile Page (English)","2026-09-02","passed","2026-09-02","","10. Edge Cases","",""
"","3129","TC_19 [English] - Verify clicking an Upcoming match card navigates to the match detail page","Dashboard Validation (English)","2026-09-02","passed","2026-09-02","","","",""
"","1459","TC_57 [English] - Verify Profile page layout is correct on tablet viewport 768x1024","Profile Page (English)","2026-09-02","passed","2026-09-02","","11. UI & Responsive","",""
"","4296","TC_06 [Vietnamese] — Country code selector allows changing the default country code to another country","Organic Signup Journey (Vietnamese)","2026-09-02","passed","2026-09-02","","Login/Join Page","",""
"","5836","TC_01 [Vietnamese] — Sign Up CTA on landing navigates to the Details page","Red Journey V4 (Vietnamese) — Landing Page","2026-09-02","passed","2026-09-02","","","",""
"","6686","TC08 [Vietnamese] — User is fully authenticated on Dashboard after completing signup","Smoke Suite [Vietnamese]","2026-09-02","passed","2026-09-02","","","",""
"","2919","TC_12 [English] - Verify match cards are displayed without any UI distortion","Dashboard Validation (English)","2026-09-02","passed","2026-09-02","","","",""
"","5950","TC05 [Vietnamese] — Correct OTP navigates user to Link Telegram page","Smoke Suite [Vietnamese]","2026-09-02","passed","2026-09-02","","","",""
"","475","TC_42 [Vietnamese] — Setting a 6-digit code fills the OTP field correctly and triggers submission","OTP Verification — Wrong-Attempt Tests [Vietnamese]","2026-09-02","passed","2026-09-02","","","",""
"","1665","TC_11 [English] - Verify Personalisation section 'Sign Up' button is displayed and redirects correctly","Landing Page Validation (English)","2026-09-02","passed","2026-09-02","","","",""
"","1840","TC_06 [English] — Selecting India (+91) updates the mobile field prefix","Blue Moon — Signup Details Page (English)","2026-09-02","passed","2026-09-02","","","",""
"","4426","TC15 [Vietnamese] — Upcoming match header shows logos, team names, competition and date/time","Smoke Suite [Vietnamese]","2026-09-02","passed","2026-09-02","","","",""
"","5720","TC_25 [Vietnamese] - Verify navigation to Brasileiro Serie A 2026 and URL/heading are correct","Tournament Pages [Vietnamese]","2026-09-02","passed","2026-09-02","","Brasileiro Serie A 2026 [Vietnamese]","",""
"","206","TC_32 [English] - Verify Ranking tab label and Standings section heading are correct","Upcoming Match Details Page [English]","2026-09-02","passed","2026-09-02","","8. Rankings Tab [English]","",""
"","1411","TC_16 [English] - Verify ""View insights"" button is displayed in Alerts card","Landing Page Validation (English)","2026-09-02","passed","2026-09-02","","","",""
"","2906","TC_12 [Vietnamese] - Verify match cards are displayed without any UI distortion","Dashboard Validation (Vietnamese)","2026-09-02","passed","2026-09-02","","","",""
"","437","TC_18 [English] - Verify Lineup tab displays football pitch for both teams with team names and logos","Upcoming Match Details Page [English]","2026-09-02","passed","2026-09-02","","5. Lineups Tab [English]","",""
"","6667","TC_19 [Vietnamese] - Verify Group position and Last 10 record display correctly for a club team","Team Details Page [Vietnamese]","2026-09-02","passed","2026-09-02","","3. Stats [Vietnamese]","",""
"","0","TC_43 [Vietnamese] - Verify clicking TikTok row redirects to the TikTok profile in a new tab [TikTok removed from Community tab]","","2026-09-02","skipped","2026-09-02","","","",""
"","199","TC_27 [English] — Clicking the Welcome CTA redirects to the Dashboard","Blue Moon — Welcome Page (existing/login number) (English)","2026-09-02","passed","2026-09-02","","","",""
"","2745","TC_29 [Vietnamese] - Verify Overview and Matches tabs display content on Int. Friendly Games 2026 page","Tournament Pages [Vietnamese]","2026-09-02","passed","2026-09-02","","Int. Friendly Games 2026 [Vietnamese]","",""
"","227","TC_31 [English] - Verify team names in match header match team names shown in Lineup tab","Upcoming Match Details Page [English]","2026-09-02","passed","2026-09-02","","7. Data Consistency [English]","",""
"","837","TC_11 [Vietnamese] - Verify protected pages are not accessible after logout via browser Back button","Logout (Vietnamese)","2026-09-02","passed","2026-09-02","","2. Logout Execution & Redirect [Vietnamese]","",""
"","2896","TC_45 [Vietnamese] - Verify Profile page URL is correct after navigating away to Dashboard and returning","Profile Page (Vietnamese)","2026-09-02","passed","2026-09-02","","9. Tab Switching","",""
"","700","TC_09 [English] - Browser tab title contains ""Privacy Policy""","Privacy Policy (English)","2026-09-02","passed","2026-09-02","","","",""
"","3033","TC_02 [Vietnamese] - Verify Match Card displays correct match summary details","Beat SFC [Vietnamese]","2026-09-02","passed","2026-09-02","","Overview Page - Next Match Widget [Vietnamese]","",""
"","244","TC_25 [English] - Verify Goalkeeping section is displayed with Corners stat row","Upcoming Match Details Page [English]","2026-09-02","passed","2026-09-02","","6. Stats Tab [English]","",""
"","2649","TC_09 [English] — A number shorter than 10 digits keeps Continue disabled","Blue Moon — Signup Details Page (English)","2026-09-02","passed","2026-09-02","","","",""
"","30050","TC_31 [English] - Verify standings shows team logos for at least 4 teams","Recent Match Details Page [English]","2026-09-02","broken","2026-09-02","","8. Rankings Tab [English]","",""
"","16383","TC12 [Vietnamese] — Selecting a tournament from the competition list navigates to its page","Smoke Suite [Vietnamese]","2026-09-02","broken","2026-09-02","","","",""
"","5533","TC05 [English] — Correct OTP navigates user to Link Telegram page","Smoke Suite [English]","2026-09-02","passed","2026-09-02","","","",""
"","411","TC_20 [English] — Verify OTP stays disabled while the OTP input is empty or partially filled","Blue Moon — OTP Page (English)","2026-09-02","passed","2026-09-02","","","",""
"","2069","TC_47 [Vietnamese] - Verify active tab indicator updates on each tab click","Profile Page (Vietnamese)","2026-09-02","passed","2026-09-02","","9. Tab Switching","",""
"","4349","TC_01 [English] — Guest user can access the Dashboard directly and the Login/Signup CTA is displayed in the header","Organic Signup Journey (English)","2026-09-02","passed","2026-09-02","","Guest Dashboard","",""
"","6905","TC_22 [English] - Verify the Recent Results section displays the team's recent matches","Team Details Page [English]","2026-09-02","passed","2026-09-02","","4. Recent Results [English]","",""
"","2451","TC11 [English] — Clicking a Today Match card navigates to the Match Detail page","Smoke Suite [English]","2026-09-02","passed","2026-09-02","","","",""
"","1979","TC_47 [English] - Verify active tab indicator updates on each tab click","Profile Page (English)","2026-09-02","passed","2026-09-02","","9. Tab Switching","",""
"","1191","TC_10 [English] — A valid name is accepted","Blue Moon — Signup Details Page (English)","2026-09-02","passed","2026-09-02","","","",""
"","0","TC_27 [English] — Linking a Telegram account already connected to another SportsFC account shows a conflict message [requires conflicted Telegram test account]","","2026-09-02","skipped","2026-09-02","","","",""
"","1911","TC_19 [Vietnamese] — No Login/Signup CTA is shown anywhere in Settings once the user is logged in","Organic Signup Journey (Vietnamese)","2026-09-02","passed","2026-09-02","","Post-Login Dashboard and Settings","",""
"","515","TC_13 [Vietnamese] — ""Verify OTP""/""Xác minh OTP"" button remains disabled until all 6 digits are entered","Organic Signup Journey (Vietnamese)","2026-09-02","passed","2026-09-02","","OTP Page — submission and display","",""
"","2191","TC_49 [Vietnamese] - Verify language selection in Preferences tab persists when switching to other tabs and back","Profile Page (Vietnamese)","2026-09-02","passed","2026-09-02","","9. Tab Switching","",""
"","1556","TC_08 [English] - Verify all four feature cards are displayed","Landing Page Validation (English)","2026-09-02","passed","2026-09-02","","","",""
"","22891","TC_09 [Vietnamese] - Verify default country code is pre-selected based on geo-location","Beat SFC [Vietnamese]","2026-09-02","failed","2026-09-02","","Express Signup - Login/OTP Popup [Vietnamese]","",""
"","7124","TC_08 [Vietnamese] - Verify dismissing the confirmation popup via Esc key keeps the user logged in","Logout (Vietnamese)","2026-09-02","passed","2026-09-02","","1. Logout Control Visibility & Non-Destructive Popup Checks [Vietnamese]","",""
"","6691","TC_23 [Vietnamese] - Verify each Recent Result card displays flags/logos for both competing teams","Team Details Page [Vietnamese]","2026-09-02","passed","2026-09-02","","4. Recent Results [Vietnamese]","",""
"","52","TC_23 [English] - Verify Play by Play tab is displayed with correct label","Recent Match Details Page [English]","2026-09-02","passed","2026-09-02","","6. Play by Play Tab [English]","",""
"","18865","TC23 [Vietnamese] — Squad list is displayed with registered players","Smoke Suite [Vietnamese]","2026-09-02","broken","2026-09-02","","","",""
"","2170","TC_11 [English] — Blank/whitespace-only name keeps Continue disabled","Blue Moon — Signup Details Page (English)","2026-09-02","passed","2026-09-02","","","",""
"","1907","TC_48 [English] - Verify rapid tab switching does not cause content overlap or errors","Profile Page (English)","2026-09-02","passed","2026-09-02","","9. Tab Switching","",""
"","5867","TC_25 [English] — An existing/login number goes DIRECTLY to the Welcome page (Download App page is skipped)","Blue Moon — OTP Page (English)","2026-09-02","passed","2026-09-02","","","",""
"","2796","TC_35 [Vietnamese] - Verify Overview and Matches tabs display content on V-League 1 26/27 page","Tournament Pages [Vietnamese]","2026-09-02","passed","2026-09-02","","V-League 1 26/27 [Vietnamese]","",""
"","3090","TC_17 [Vietnamese] - Verify clicking a Today Match card navigates to the match detail page","Dashboard Validation (Vietnamese)","2026-09-02","passed","2026-09-02","","","",""
"","429","TC_07 [English] - Verify all four tabs are displayed and Overview is active by default","Upcoming Match Details Page [English]","2026-09-02","passed","2026-09-02","","3. Match Detail Tabs [English]","",""
"","90","TC_07 [English] - Verify Preferences tab is the default active tab on page load","Profile Page (English)","2026-09-02","passed","2026-09-02","","3. Tab Navigation","",""
"","7064","TC_36 [English] — User who exits at Link Telegram can resume onboarding on return","E2E Journey (English)","2026-09-02","passed","2026-09-02","","","",""
"","1574","TC_12 [English] — Phone and name fields are safe against injection-style input","Signup Journey — Join Page (English)","2026-09-02","passed","2026-09-02","","","",""
"","2379","TC_15 [English] — Continue stays disabled when the T&C checkbox is unchecked, even with valid Name + Mobile","Blue Moon — Signup Details Page (English)","2026-09-02","passed","2026-09-02","","","",""
"","1415","TC_15 [Vietnamese] - Verify clicking Cookie Policy redirects to the Cookie Policy page","Profile Page (Vietnamese)","2026-09-02","passed","2026-09-02","","4. Account Tab","",""
"","2993","TC_06 [Vietnamese] - Verify Today Matches, Trending Series, Upcoming Matches and Recent Results sections are displayed on the Dashboard page","Dashboard Validation (Vietnamese)","2026-09-02","passed","2026-09-02","","","",""
"","226","TC_18 [Vietnamese] - Verify Passing section heading is displayed","Recent Match Details Page [Vietnamese]","2026-09-02","passed","2026-09-02","","5. Stats Tab [Vietnamese]","",""
"","2974","TC_06 [English] — Short phone number is rejected or triggers validation","Signup Journey — Join Page (English)","2026-09-02","passed","2026-09-02","","","",""
"","7193","TC_13 [Vietnamese] - Verify the back arrow navigates to the previous page","Team Details Page [Vietnamese]","2026-09-02","passed","2026-09-02","","2. Navigation & Header [Vietnamese]","",""
"","1692","TC_55 [Vietnamese] - Verify Login/Signup button is visible across all three profile tabs for a guest user","Profile Page (Vietnamese)","2026-09-02","passed","2026-09-02","","10. Edge Cases","",""
"","4415","TC_07 [English] — Phone number field accepts only numeric input and enforces correct digit length for the selected country","Organic Signup Journey (English)","2026-09-02","passed","2026-09-02","","Login/Join Page","",""
"","2191","TC_49 [English] - Verify language selection in Preferences tab persists when switching to other tabs and back","Profile Page (English)","2026-09-02","passed","2026-09-02","","9. Tab Switching","",""
"","17032","TC_41 [English] - Verify clicking Facebook row redirects to the Facebook page in a new tab","Profile Page (English)","2026-09-02","broken","2026-09-02","","8. Community Tab – Social Redirections","",""
"","815","TC_41 [Vietnamese] — Incorrect OTP shows an error and allows the user to retry","OTP Verification — Wrong-Attempt Tests [Vietnamese]","2026-09-02","passed","2026-09-02","","","",""
"","7373","TC_09 [English] — An inline validation error/disabled state is shown for an invalid/incomplete phone number","Organic Signup Journey (English)","2026-09-02","passed","2026-09-02","","Login/Join Page","",""
"","30062","TC_29 [English] - Verify standings table shows at least 4 team entries","Recent Match Details Page [English]","2026-09-02","broken","2026-09-02","","8. Rankings Tab [English]","",""
"","95","TC_31 [Vietnamese] - Verify guest user name and Login/Signup button are displayed correctly in Vietnamese","Profile Page (Vietnamese)","2026-09-02","passed","2026-09-02","","6. Guest User","",""
"","5073","TC_05 [Vietnamese] — Inline validation error is shown when Sign Up is clicked with an empty phone number field","Details Page [Vietnamese]","2026-09-02","passed","2026-09-02","","","",""
"","5484","TC_20 [English] — Expired or invalid OTP is rejected with error","OTP Verification (English)","2026-09-02","passed","2026-09-02","","","",""
"","86","TC_26 [English] — Reached directly after OTP for an existing account, with the Welcome CTA visible","Blue Moon — Welcome Page (existing/login number) (English)","2026-09-02","passed","2026-09-02","","","",""
"","690","TC_01 [English] - Terms of Use page loads in English with correct heading","Terms of Use (English)","2026-09-02","passed","2026-09-02","","","",""
"","5404","TC_34 [English] - Verify navigation to V-League 1 26/27 and URL/heading are correct","Tournament Pages [English]","2026-09-02","passed","2026-09-02","","V-League 1 26/27 [English]","",""
"","195","TC_35 [English] - Verify standings shows team logos for at least 4 teams","Upcoming Match Details Page [English]","2026-09-02","passed","2026-09-02","","8. Rankings Tab [English]","",""
"","3697","TC_34 [English] - Verify clicking 'No' in Cast Your Vote triggers the Express Signup popup","Beat SFC [English]","2026-09-02","passed","2026-09-02","","Match Details - Beat Aiko Widgets (Pre-login) [English]","",""
"","1781","TC_43 [Vietnamese] — Repeated wrong OTP attempts trigger lockout or throttling","OTP Verification — Wrong-Attempt Tests [Vietnamese]","2026-09-02","passed","2026-09-02","","","",""
"","52680","TC_22 [Vietnamese] — Submitting an expired OTP is rejected with an appropriate error message","OTP Verification [Vietnamese]","2026-09-02","failed","2026-09-02","","","",""
"","2122","TC01 [English] — Landing page loads successfully for a logged-out user","Smoke Suite [English]","2026-09-02","passed","2026-09-02","","","",""
"","3273","TC_12 [English] - Verify Knockout tab presence and Standings tab content on CONMEBOL Sudamericana 2026 page","Tournament Pages [English]","2026-09-02","passed","2026-09-02","","CONMEBOL Sudamericana 2026 [English]","",""
"","30319","TC_08 [English] - Verify all four tabs (Lineups, Stats, Play by Play, Rankings) are displayed and Lineups is the default active tab","Recent Match Details Page [English]","2026-09-02","broken","2026-09-02","","3. Match Detail Tabs [English]","",""
"","42","TC_34 [Vietnamese] - Verify the JOIN OUR PUBLIC CHANNELS section heading is displayed correctly","Profile Page (Vietnamese)","2026-09-02","passed","2026-09-02","","7. Community Tab","",""
"","32726","TC_16 [Vietnamese] — Clicking ""Resend OTP""/""Gửi lại OTP"" after the countdown expires sends a new OTP and resets the timer","Organic Signup Journey (Vietnamese)","2026-09-02","passed","2026-09-02","","OTP Page — resend","",""
"","6784","TC_31 [English] - Verify no duplicate competition entries are shown for the same tournament","Team Details Page [English]","2026-09-02","passed","2026-09-02","","5. Competitions [English]","",""
"","3074","TC_07 [English] - Verify View All option is displayed in the Upcoming section and user is redirected to the Upcoming Matches page after clicking it","Dashboard Validation (English)","2026-09-02","passed","2026-09-02","","","",""
"","3021","TC_15 [English] - Verify Knockout tab presence and Standings tab content on K-League 1 2026 page","Tournament Pages [English]","2026-09-02","passed","2026-09-02","","K-League 1 2026 [English]","",""
"","4000","TC_33 [English] - Verify clicking 'Yes' in Cast Your Vote triggers the Express Signup popup","Beat SFC [English]","2026-09-02","passed","2026-09-02","","Match Details - Beat Aiko Widgets (Pre-login) [English]","",""
"","434","TC_10 [Vietnamese] - Verify Lineups tab displays football pitch with both team names, logos and pitch container","Recent Match Details Page [Vietnamese]","2026-09-02","passed","2026-09-02","","4. Lineups Tab [Vietnamese]","",""
"","2824","TC_10 [English] - Verify Dashboard page is vertically scrollable","Dashboard Validation (English)","2026-09-02","passed","2026-09-02","","","",""
"","1372","TC_11 [English] - Verify clicking Terms of Service redirects to the Terms of Service page","Profile Page (English)","2026-09-02","passed","2026-09-02","","4. Account Tab","",""
"","6557","TC_20 [English] - Verify FIFA Ranking and Last 10 record display correctly for a national team","Team Details Page [English]","2026-09-02","passed","2026-09-02","","3. Stats [English]","",""
"","5878","TC_06 [Vietnamese] — Inline validation error is shown for an invalid/incomplete phone number","Details Page [Vietnamese]","2026-09-02","passed","2026-09-02","","","",""
"","7869","TC_02 [Vietnamese] - Verify Team Details page is reachable and loads correctly from Africa Cup of Nations Qualification 2026","Team Details Page [Vietnamese]","2026-09-02","passed","2026-09-02","","1. Cross-Tournament Reachability [Vietnamese]","",""
"","6656","TC_31 [English] — User is fully authenticated on Dashboard after completing signup","Welcome Page (English)","2026-09-02","passed","2026-09-02","","","",""
"","382","TC_35 [Vietnamese] - Verify all 7 social channel rows display correct channel names","Profile Page (Vietnamese)","2026-09-02","passed","2026-09-02","","7. Community Tab","",""
"","2897","TC_03 [English] - Verify Profile Icon is displayed","Dashboard Validation (English)","2026-09-02","passed","2026-09-02","","","",""
"","714","TC_03 [English] - Verify the Logout option appears only under the Account tab and not other Settings tabs","Logout (English)","2026-09-02","passed","2026-09-02","","1. Logout Control Visibility & Non-Destructive Popup Checks","",""
"","1871","TC29 [Vietnamese] — Account, Preferences and Community sections are present and navigable","Smoke Suite [Vietnamese]","2026-09-02","passed","2026-09-02","","","",""
"","3032","TC_11 [English] — Valid phone number triggers OTP dispatch and navigates to the OTP verification page","Organic Signup Journey (English)","2026-09-02","passed","2026-09-02","","OTP Page — submission and display","",""
"","2793","TC_06 [English] - Verify Today Matches, Trending Series, Upcoming Matches and Recent Results sections are displayed on the Dashboard page","Dashboard Validation (English)","2026-09-02","passed","2026-09-02","","","",""
"","171","TC_20 [English] - Verify stat rows display numeric comparison values for both teams","Recent Match Details Page [English]","2026-09-02","passed","2026-09-02","","5. Stats Tab [English]","",""
"","10257","TC_22 [Vietnamese] - Verify Match Information section shows match date and venue details","Recent Match Details Page [Vietnamese]","2026-09-02","broken","2026-09-02","","5. Stats Tab [Vietnamese]","",""
"","3396","TC_03 [English] — Country code selector defaults to +91 and can be changed to another country","Details Page [English]","2026-09-02","failed","2026-09-02","","","",""
"","16849","TC_44 [English] - Verify clicking YouTube row redirects to the YouTube channel in a new tab","Profile Page (English)","2026-09-02","broken","2026-09-02","","8. Community Tab – Social Redirections","",""
"","6817","TC_25 [English] - Verify a drawn match displays correctly in the Recent Results section","Team Details Page [English]","2026-09-02","passed","2026-09-02","","4. Recent Results [English]","",""
"","44","TC_20 [English] - Verify Language section heading is displayed and section is expanded by default","Profile Page (English)","2026-09-02","passed","2026-09-02","","5. Preferences Tab","",""
"","157","TC_28 [English] - Verify stat rows display numeric comparison values for both teams","Upcoming Match Details Page [English]","2026-09-02","passed","2026-09-02","","6. Stats Tab [English]","",""
"","3814","TC_38 [English] - Verify clicking option '3' in What's Your Take triggers the Express Signup popup","Beat SFC [English]","2026-09-02","passed","2026-09-02","","Match Details - Beat Aiko Widgets (Pre-login) [English]","",""
"","19182","TC22 [Vietnamese] — Team logo/crest is displayed correctly","Smoke Suite [Vietnamese]","2026-09-02","broken","2026-09-02","","","",""
"","1822","TC_58 [English] - Verify no broken images or missing icons on the Profile page across all three tabs","Profile Page (English)","2026-09-02","passed","2026-09-02","","11. UI & Responsive","",""
"","137","TC_25 [Vietnamese] - Verify selecting English highlights it with a filled selection indicator","Profile Page (Vietnamese)","2026-09-02","passed","2026-09-02","","5. Preferences Tab","",""
"","312","TC_37 [English] - Verify all 7 social channel icons and rows load without broken images","Profile Page (English)","2026-09-02","passed","2026-09-02","","7. Community Tab","",""
"","2731","TC_07 [English] — A valid 10-digit Indian number is accepted with no validation error","Blue Moon — Signup Details Page (English)","2026-09-02","passed","2026-09-02","","","",""
"","3569","TC_37 [Vietnamese] - Verify clicking option '2' in What's Your Take triggers the Express Signup popup","Beat SFC [Vietnamese]","2026-09-02","passed","2026-09-02","","Match Details - Beat Aiko Widgets (Pre-login) [Vietnamese]","",""
"","0","TC_39 [English] - Verify clicking Viber row redirects to the Viber channel in a new tab [Viber removed from Community tab]","","2026-09-02","skipped","2026-09-02","","","",""
"","334","TC_01 [Vietnamese] - Verify the Logout option is visible on the Account tab of Settings","Logout (Vietnamese)","2026-09-02","passed","2026-09-02","","1. Logout Control Visibility & Non-Destructive Popup Checks [Vietnamese]","",""
"","1656","TC_02 [English] - Verify Profile page is accessible via the Settings icon in the navigation","Profile Page (English)","2026-09-02","passed","2026-09-02","","1. Page Load","",""
"","6786","TC_04 [English] — Phone accepts numeric input only and enforces correct digit length","Details Page [English]","2026-09-02","passed","2026-09-02","","","",""
"","6834","TC_23 [English] - Verify each Recent Result card displays flags/logos for both competing teams","Team Details Page [English]","2026-09-02","passed","2026-09-02","","4. Recent Results [English]","",""
"","1596","TC_14 [English] - Verify Prediction card with Argentina and France data is displayed","Landing Page Validation (English)","2026-09-02","passed","2026-09-02","","","",""
"","241","TC_30 [English] - Verify Match Information section shows match date and venue details","Upcoming Match Details Page [English]","2026-09-02","passed","2026-09-02","","6. Stats Tab [English]","",""
"","196","TC_15 [Vietnamese] - Verify Defense section heading is displayed","Recent Match Details Page [Vietnamese]","2026-09-02","passed","2026-09-02","","5. Stats Tab [Vietnamese]","",""
"","6255","TC_21 [English] — Repeated wrong OTP attempts trigger lockout or throttling","OTP Verification (English)","2026-09-02","passed","2026-09-02","","","",""
"","39","TC_22 [English] - Verify Used in label with AI Card and Voice chips are displayed inside Language section","Profile Page (English)","2026-09-02","passed","2026-09-02","","5. Preferences Tab","",""
"","3285","TC16 [Vietnamese] — Clicking a completed match navigates to Match Details page","Smoke Suite [Vietnamese]","2026-09-02","passed","2026-09-02","","","",""
"","55","TC_23 [Vietnamese] - Verify Play by Play tab is displayed with correct label","Recent Match Details Page [Vietnamese]","2026-09-02","passed","2026-09-02","","6. Play by Play Tab [Vietnamese]","",""
"","16352","TC12 [English] — Selecting a tournament from the competition list navigates to its page","Smoke Suite [English]","2026-09-02","broken","2026-09-02","","","",""
"","3823","TC_39 [English] - Verify clicking option '4+' in What's Your Take triggers the Express Signup popup","Beat SFC [English]","2026-09-02","passed","2026-09-02","","Match Details - Beat Aiko Widgets (Pre-login) [English]","",""
"","34601","TC_01 [English] - Verify user is redirected to Match Details page after clicking a completed match","Recent Match Details Page [English]","2026-09-02","broken","2026-09-02","","1. Navigation [English]","",""
"","4572","TC_03 [Vietnamese] — Clicking the profile icon as a guest redirects to Settings > Preferences tab, where a Login/Signup CTA is displayed","Organic Signup Journey (Vietnamese)","2026-09-02","passed","2026-09-02","","Guest Dashboard","",""
"","17081","TC_44 [Vietnamese] - Verify clicking YouTube row redirects to the YouTube channel in a new tab","Profile Page (Vietnamese)","2026-09-02","broken","2026-09-02","","8. Community Tab – Social Redirections","",""
"","3305","TC_32 [English] - Verify 'BEAT SFC · CASE YOUR VOTE!' (Cast Your Vote) section displays correctly","Beat SFC [English]","2026-09-02","passed","2026-09-02","","Match Details - Beat Aiko Widgets (Pre-login) [English]","",""
"","83","TC_02 [Vietnamese] - Verify the Logout button displays the correct label and icon","Logout (Vietnamese)","2026-09-02","passed","2026-09-02","","1. Logout Control Visibility & Non-Destructive Popup Checks [Vietnamese]","",""
"","8453","TC_05 [Vietnamese] - Verify the Logout button is reachable and operable via keyboard","Logout (Vietnamese)","2026-09-02","passed","2026-09-02","","1. Logout Control Visibility & Non-Destructive Popup Checks [Vietnamese]","",""
"","6955","TC_22 [Vietnamese] - Verify the Recent Results section displays the team's recent matches","Team Details Page [Vietnamese]","2026-09-02","passed","2026-09-02","","4. Recent Results [Vietnamese]","",""
"","26066","TC_20 [English] — Correct OTP navigates to the Link Telegram page","OTP Verification [English]","2026-09-02","broken","2026-09-02","","","",""
"","1593","TC_56 [English] - Verify Profile page is fully responsive on mobile viewport 375x667","Profile Page (English)","2026-09-02","passed","2026-09-02","","11. UI & Responsive","",""
"","44","TC_09 [Vietnamese] - Verify DATA & PRIVACY section heading is displayed correctly in the Account tab","Profile Page (Vietnamese)","2026-09-02","passed","2026-09-02","","4. Account Tab","",""
"","16763","TC_42 [Vietnamese] - Verify clicking Instagram row redirects to the Instagram profile in a new tab","Profile Page (Vietnamese)","2026-09-02","broken","2026-09-02","","8. Community Tab – Social Redirections","",""
"","417","TC_35 [English] - Verify all 7 social channel rows display correct channel names","Profile Page (English)","2026-09-02","passed","2026-09-02","","7. Community Tab","",""
"","1782","TC30 [Vietnamese] — User is able to select English and Vietnamese language","Smoke Suite [Vietnamese]","2026-09-02","passed","2026-09-02","","","",""
"","2296","TC_39 [English] — Direct URL to Dashboard page allows proceeding without being bounced to login (guest-accessible by design)","Welcome Page — Direct Access [English]","2026-09-02","passed","2026-09-02","","","",""
"","18756","TC_04 [Vietnamese] — Clicking the Login/Signup CTA on the Preferences tab navigates to the phone number entry page","Organic Signup Journey (Vietnamese)","2026-09-02","passed","2026-09-02","","Guest Dashboard","",""
"","11224","TC_05 [Vietnamese] - Verify Team Details page is reachable and loads correctly from K-League 1 2026","Team Details Page [Vietnamese]","2026-09-02","passed","2026-09-02","","1. Cross-Tournament Reachability [Vietnamese]","",""
"","1772","TC_03 [English] — Clicking the second Signup CTA navigates to the same Signup Details page","Blue Moon — Landing Page (English)","2026-09-02","passed","2026-09-02","","","",""
"","6946","TC_33 [Vietnamese] - Verify all sections consistently reflect the same team with no cross-team data leakage","Team Details Page [Vietnamese]","2026-09-02","passed","2026-09-02","","6. Data Integrity [Vietnamese]","",""
"","85","TC_14 [English] - Verify Cookie Policy row is displayed and clickable","Profile Page (English)","2026-09-02","passed","2026-09-02","","4. Account Tab","",""
"","2964","TC_05 [Vietnamese] - Verify Overview and Matches tabs display content on Africa Cup of Nations Qualification 2026 page","Tournament Pages [Vietnamese]","2026-09-02","passed","2026-09-02","","Africa Cup of Nations Qualification 2026 [Vietnamese]","",""
"","3521","TC_31 [Vietnamese] - Verify clicking Team B WIN in Guess the Winner triggers the Express Signup popup","Beat SFC [Vietnamese]","2026-09-02","passed","2026-09-02","","Match Details - Beat Aiko Widgets (Pre-login) [Vietnamese]","",""
"","7053","TC_25 [Vietnamese] - Verify a drawn match displays correctly in the Recent Results section","Team Details Page [Vietnamese]","2026-09-02","passed","2026-09-02","","4. Recent Results [Vietnamese]","",""
"","189","TC_24 [English] - Verify Defense section shows stat comparison values","Upcoming Match Details Page [English]","2026-09-02","passed","2026-09-02","","6. Stats Tab [English]","",""
"","6248","TC_10 [English] — Repeated Sign Up submissions are rate-limited or accepted","Signup Journey — Join Page (English)","2026-09-02","passed","2026-09-02","","","",""
"","1784","TC_29 [Vietnamese] - Verify language selection persists after page refresh","Profile Page (Vietnamese)","2026-09-02","passed","2026-09-02","","5. Preferences Tab","",""
"","606","TC_05 [English] - No leftover Vietnamese diacritics in English Terms of Use","Terms of Use (English)","2026-09-02","passed","2026-09-02","","","",""
"","8750","TC_20 [Vietnamese] — Header Login/Signup CTA path reaches OTP dispatch","Organic Signup Journey (Vietnamese)","2026-09-02","passed","2026-09-02","","End-to-End Journeys — entry points reach OTP dispatch","",""
"","30065","TC_30 [Vietnamese] - Verify standings displays position numbers 1 through 4","Recent Match Details Page [Vietnamese]","2026-09-02","broken","2026-09-02","","8. Rankings Tab [Vietnamese]","",""
"","3210","TC_20 [Vietnamese] - Verify clicking the Login/Signup button redirects the user to the Login/Signup page","Dashboard Validation (Vietnamese)","2026-09-02","passed","2026-09-02","","","",""
"","2709","TC_01 [Vietnamese] — Guest user can access the Dashboard directly and the Login/Signup CTA is displayed in the header","Organic Signup Journey (Vietnamese)","2026-09-02","passed","2026-09-02","","Guest Dashboard","",""
"","211","TC_21 [English] - Verify Team Statistics section heading is displayed","Upcoming Match Details Page [English]","2026-09-02","passed","2026-09-02","","6. Stats Tab [English]","",""
"","138","TC_26 [English] - Verify selecting Vietnamese highlights it with a filled selection indicator","Profile Page (English)","2026-09-02","passed","2026-09-02","","5. Preferences Tab","",""
"","8716","TC_08 [Vietnamese] - Verify Team Details page is reachable and loads correctly from CONMEBOL Libertadores 2026","Team Details Page [Vietnamese]","2026-09-02","passed","2026-09-02","","1. Cross-Tournament Reachability [Vietnamese]","",""
"","4133","TC_16 [English] - Verify all three Data & Privacy links redirect to their correct pages when clicked in sequence","Profile Page (English)","2026-09-02","passed","2026-09-02","","4. Account Tab","",""
"","663","TC_10 [English] - No horizontal overflow on mobile viewport","Privacy Policy (English)","2026-09-02","passed","2026-09-02","","","",""
"","4664","TC_03 [English] — Clicking the profile icon as a guest redirects to Settings > Preferences tab, where a Login/Signup CTA is displayed","Organic Signup Journey (English)","2026-09-02","passed","2026-09-02","","Guest Dashboard","",""
"","8793","TC_06 [English] - Verify Team Details page is reachable and loads correctly from MLS 2026","Team Details Page [English]","2026-09-02","passed","2026-09-02","","1. Cross-Tournament Reachability [English]","",""
"","2136","TC_01 [English] - Privacy Policy page loads in English with correct heading","Privacy Policy (English)","2026-09-02","passed","2026-09-02","","","",""
"","6220","TC_35 [English] — Refreshing mid-flow retains session so the user can continue","E2E Journey [English]","2026-09-02","passed","2026-09-02","","","",""
"","196","TC_19 [English] - Verify Passing section shows numeric stat comparison values","Recent Match Details Page [English]","2026-09-02","passed","2026-09-02","","5. Stats Tab [English]","",""
"","1861","TC_46 [Vietnamese] - Verify switching between all three tabs works correctly with no content overlap","Profile Page (Vietnamese)","2026-09-02","passed","2026-09-02","","9. Tab Switching","",""
"","483","TC_28 [Vietnamese] - Verify switching to English changes the entire page UI language to English","Profile Page (Vietnamese)","2026-09-02","passed","2026-09-02","","5. Preferences Tab","",""
"","5405","TC_28 [English] - Verify navigation to Int. Friendly Games 2026 and URL/heading are correct","Tournament Pages [English]","2026-09-02","passed","2026-09-02","","Int. Friendly Games 2026 [English]","",""
"","3383","TC_06 [Vietnamese] - Verify Knockout tab presence and Standings tab content on Africa Cup of Nations Qualification 2026 page","Tournament Pages [Vietnamese]","2026-09-02","passed","2026-09-02","","Africa Cup of Nations Qualification 2026 [Vietnamese]","",""
"","30322","TC_08 [Vietnamese] - Verify all four tabs (Lineups, Stats, Play by Play, Rankings) are displayed and Lineups is the default active tab","Recent Match Details Page [Vietnamese]","2026-09-02","broken","2026-09-02","","3. Match Detail Tabs [Vietnamese]","",""
"","3332","TC_03 [Vietnamese] — Country code selector defaults to +91 and can be changed to another country","Details Page [Vietnamese]","2026-09-02","failed","2026-09-02","","","",""
"","7019","TC_06 [English] - Verify a confirmation popup appears when Logout is clicked","Logout (English)","2026-09-02","passed","2026-09-02","","1. Logout Control Visibility & Non-Destructive Popup Checks","",""
"","6072","TC_14 [English] — 6-box display and verify button requires all 6 digits","OTP Verification (English)","2026-09-02","passed","2026-09-02","","","",""
"","6753","TC_32 [English] — Complete ""Maybe later"" path: join → OTP → skip Telegram → welcome → Dashboard","E2E Journey (English)","2026-09-02","passed","2026-09-02","","","",""
"","150","TC_11 [Vietnamese] - Verify lineup pitch shows at least 11 players","Recent Match Details Page [Vietnamese]","2026-09-02","passed","2026-09-02","","4. Lineups Tab [Vietnamese]","",""
"","6561","TC07 [English] — ""Go to sportsfc.fans →"" on Welcome page navigates to the Dashboard","Smoke Suite [English]","2026-09-02","passed","2026-09-02","","","",""
"","6136","TC_01 [Vietnamese] - Verify navigation to Canadian Premier League 2026 and URL/heading are correct","Tournament Pages [Vietnamese]","2026-09-02","passed","2026-09-02","","Canadian Premier League 2026 [Vietnamese]","",""
"","412","TC_04 [Vietnamese] - Verify Profile header displays Guest username and Login/Signup button for guest user","Profile Page (Vietnamese)","2026-09-02","passed","2026-09-02","","2. Profile Header","",""
"","3016","TC_11 [Vietnamese] — Valid phone number triggers OTP dispatch and navigates to the OTP verification page","Organic Signup Journey (Vietnamese)","2026-09-02","passed","2026-09-02","","OTP Page — submission and display","",""
"","1823","TC30 [English] — User is able to select English and Vietnamese language","Smoke Suite [English]","2026-09-02","passed","2026-09-02","","","",""
"","143","TC_34 [English] - Verify the JOIN OUR PUBLIC CHANNELS section heading is displayed correctly","Profile Page (English)","2026-09-02","passed","2026-09-02","","7. Community Tab","",""
"","938","TC_07 [English] - Liability cap of 100 GBP is stated","Terms of Use (English)","2026-09-02","passed","2026-09-02","","","",""
"","135327","TC_07 [Vietnamese] - Verify Team Details page is reachable and loads correctly from J1 League 26/27","Team Details Page [Vietnamese]","2026-09-02","skipped","2026-09-02","","1. Cross-Tournament Reachability [Vietnamese]","",""
"","3108","TC_26 [Vietnamese] - Verify Overview and Matches tabs display content on Brasileiro Serie A 2026 page","Tournament Pages [Vietnamese]","2026-09-02","passed","2026-09-02","","Brasileiro Serie A 2026 [Vietnamese]","",""
"","3119","TC_45 [English] - Verify Profile page URL is correct after navigating away to Dashboard and returning","Profile Page (English)","2026-09-02","passed","2026-09-02","","9. Tab Switching","",""
"","235","TC_33 [English] - Verify clicking Community tab makes it active and loads all 7 social channels","Profile Page (English)","2026-09-02","passed","2026-09-02","","7. Community Tab","",""
"","35","TC_19 [English] — Resend OTP is disabled during the countdown and enables once it expires","Blue Moon — OTP Page (English)","2026-09-02","passed","2026-09-02","","","",""
"","6748","TC_35 [Vietnamese] — Refreshing mid-flow retains session so the user can continue","E2E Journey [Vietnamese]","2026-09-02","passed","2026-09-02","","","",""
"","1703","TC_07 [English] - Cross-reference link to Terms of Use navigates correctly","Privacy Policy (English)","2026-09-02","passed","2026-09-02","","","",""
"","9728","TC_20 [English] — Header Login/Signup CTA path reaches OTP dispatch","Organic Signup Journey (English)","2026-09-02","passed","2026-09-02","","End-to-End Journeys — entry points reach OTP dispatch","",""
"","528","TC_13 [English] — ""Verify OTP""/""Xác minh OTP"" button remains disabled until all 6 digits are entered","Organic Signup Journey (English)","2026-09-02","passed","2026-09-02","","OTP Page — submission and display","",""
"","49","TC_22 [English] — Submitting with the OTP field empty does not attempt verification","Blue Moon — OTP Page (English)","2026-09-02","passed","2026-09-02","","","",""
"","2763","TC_15 [Vietnamese] - Verify Knockout tab presence and Standings tab content on K-League 1 2026 page","Tournament Pages [Vietnamese]","2026-09-02","passed","2026-09-02","","K-League 1 2026 [Vietnamese]","",""
"","123","TC_18 [Vietnamese] - Verify Profile header Login/Signup button remains visible and functional on Account tab","Profile Page (Vietnamese)","2026-09-02","passed","2026-09-02","","4. Account Tab","",""
"","25725","TC_20 [Vietnamese] — Correct OTP navigates to the Link Telegram page","OTP Verification [Vietnamese]","2026-09-02","broken","2026-09-02","","","",""
"","11122","TC_05 [English] - Verify Team Details page is reachable and loads correctly from K-League 1 2026","Team Details Page [English]","2026-09-02","passed","2026-09-02","","1. Cross-Tournament Reachability [English]","",""
"","2914","TC_20 [Vietnamese] - Verify Overview and Matches tabs display content on J1 League 26/27 page","Tournament Pages [Vietnamese]","2026-09-02","passed","2026-09-02","","J1 League 26/27 [Vietnamese]","",""
"","3544","TC_35 [English] - Verify 'BEAT SFC · WHAT'S YOUR TAKE?' section displays correctly","Beat SFC [English]","2026-09-02","passed","2026-09-02","","Match Details - Beat Aiko Widgets (Pre-login) [English]","",""
"","6950","TC_31 [Vietnamese] - Verify no duplicate competition entries are shown for the same tournament","Team Details Page [Vietnamese]","2026-09-02","passed","2026-09-02","","5. Competitions [Vietnamese]","",""
"","251","TC_05 [Vietnamese] - Verify clicking Login/Signup button redirects to the Login/Registration page","Profile Page (Vietnamese)","2026-09-02","passed","2026-09-02","","2. Profile Header","",""
"","1503","TC_23 [Vietnamese] — A logged-in user directly navigating to the login/join URL is redirected to the Dashboard instead of the phone entry page","Organic Signup Journey (Vietnamese)","2026-09-02","passed","2026-09-02","","Post-Login Dashboard and Settings","",""
"","2920","TC_14 [English] - Verify Overview and Matches tabs display content on K-League 1 2026 page","Tournament Pages [English]","2026-09-02","passed","2026-09-02","","K-League 1 2026 [English]","",""
"","1228","TC_59 [Vietnamese] - Verify Profile page loads within 5 seconds","Profile Page (Vietnamese)","2026-09-02","passed","2026-09-02","","12. Performance","",""
"","1636","TC_20 [English] - Verify The Edge section 'Sign Up' button is displayed and redirects correctly","Landing Page Validation (English)","2026-09-02","passed","2026-09-02","","","",""
"","5449","TC_07 [English] - Verify navigation to Brasileiro Serie B 2026 and URL/heading are correct","Tournament Pages [English]","2026-09-02","passed","2026-09-02","","Brasileiro Serie B 2026 [English]","",""
"","3052","TC_01 [English] — Both Signup CTAs are visible and enabled","Blue Moon — Landing Page (English)","2026-09-02","passed","2026-09-02","","","",""
"","24175","TC_21 [Vietnamese] — Profile icon > Preferences tab CTA path reaches OTP dispatch","Organic Signup Journey (Vietnamese)","2026-09-02","passed","2026-09-02","","End-to-End Journeys — entry points reach OTP dispatch","",""
"","446","TC_17 [Vietnamese] — OTP field accepts numeric input only","OTP Verification [Vietnamese]","2026-09-02","passed","2026-09-02","","","",""
"","115","TC_19 [English] - Verify each team pitch shows exactly 11 players","Upcoming Match Details Page [English]","2026-09-02","passed","2026-09-02","","5. Lineups Tab [English]","",""
"","2686","TC_33 [Vietnamese] - Verify Knockout tab presence and Standings tab content on Club Friendly Games 2026 page","Tournament Pages [Vietnamese]","2026-09-02","passed","2026-09-02","","Club Friendly Games 2026 [Vietnamese]","",""
"","3189","TC_13 [Vietnamese] - Verify Dashboard page loads without any broken UI elements","Dashboard Validation (Vietnamese)","2026-09-02","passed","2026-09-02","","","",""
"","5864","TC_05 [Vietnamese] — Page loads with heading, description, country code selector, phone field, Continue button and reCAPTCHA disclaimer","Organic Signup Journey (Vietnamese)","2026-09-02","passed","2026-09-02","","Login/Join Page","",""
"","5331","TC_27 [English] - Verify navigating to Match Details via the Match Card (not the banner) shows no popup and all 3 Beat Aiko sections are visible","Beat SFC [English]","2026-09-02","passed","2026-09-02","","Match Details - Beat Aiko Widgets (Pre-login) [English]","",""
"","611","TC_05 [English] - No leftover Vietnamese diacritics in English page","Privacy Policy (English)","2026-09-02","passed","2026-09-02","","","",""
"","198","TC_16 [Vietnamese] - Verify Defense section shows numeric stat comparison values","Recent Match Details Page [Vietnamese]","2026-09-02","passed","2026-09-02","","5. Stats Tab [Vietnamese]","",""
"","975","TC_08 [English] - Marketing opt-out / unsubscribe wording is present","Privacy Policy (English)","2026-09-02","passed","2026-09-02","","","",""
"","2814","TC_08 [English] - Verify Recent Result cards display completed match information","Dashboard Validation (English)","2026-09-02","passed","2026-09-02","","","",""
"","2842","TC_20 [English] - Verify Overview and Matches tabs display content on J1 League 26/27 page","Tournament Pages [English]","2026-09-02","passed","2026-09-02","","J1 League 26/27 [English]","",""
"","2768","TC_08 [Vietnamese] - Verify Recent Result cards display completed match information","Dashboard Validation (Vietnamese)","2026-09-02","passed","2026-09-02","","","",""
"","5445","TC_19 [Vietnamese] - Verify navigation to J1 League 26/27 and URL/heading are correct","Tournament Pages [Vietnamese]","2026-09-02","passed","2026-09-02","","J1 League 26/27 [Vietnamese]","",""
"","1751","TC_07 [English] - Verify hero 'Sign Up' button is displayed and redirects correctly","Landing Page Validation (English)","2026-09-02","passed","2026-09-02","","","",""
"","1424","TC_15 [English] - Verify clicking Cookie Policy redirects to the Cookie Policy page","Profile Page (English)","2026-09-02","passed","2026-09-02","","4. Account Tab","",""
"","246","TC_07 [English] - Verify clicking Team 2 logo navigates to Team 2 details page and back returns to match","Recent Match Details Page [English]","2026-09-02","passed","2026-09-02","","2. Match Header [English]","",""
"","251","TC_27 [Vietnamese] - Verify team names in match header match team names shown in Lineups tab","Recent Match Details Page [Vietnamese]","2026-09-02","passed","2026-09-02","","7. Data Consistency [Vietnamese]","",""
"","2091","TC_02 [English] — Details page loads with heading, description, country selector, phone field, terms text, Sign Up button and disclaimer","Details Page [English]","2026-09-02","passed","2026-09-02","","","",""
"","5863","TC06 [English] — ""Maybe later"" on Link Telegram navigates to Welcome page without linking Telegram","Smoke Suite [English]","2026-09-02","passed","2026-09-02","","","",""
"","28805","""before all"" hook for TC27-TC28 — Logout [English]","","2026-09-02","broken","2026-09-02","","","",""
"","121","TC_18 [English] - Verify Profile header Login/Signup button remains visible and functional on Account tab","Profile Page (English)","2026-09-02","passed","2026-09-02","","4. Account Tab","",""
"","5664","TC_04 [English] - Verify navigation to Africa Cup of Nations Qualification 2026 and URL/heading are correct","Tournament Pages [English]","2026-09-02","passed","2026-09-02","","Africa Cup of Nations Qualification 2026 [English]","",""
"","16932","TC_42 [English] - Verify clicking Instagram row redirects to the Instagram profile in a new tab","Profile Page (English)","2026-09-02","broken","2026-09-02","","8. Community Tab – Social Redirections","",""
"","19265","TC_04 [English] — Clicking the Login/Signup CTA on the Preferences tab navigates to the phone number entry page","Organic Signup Journey (English)","2026-09-02","passed","2026-09-02","","Guest Dashboard","",""
"","144","TC_26 [Vietnamese] - Verify Play by Play section contains goal event entries","Recent Match Details Page [Vietnamese]","2026-09-02","passed","2026-09-02","","6. Play by Play Tab [Vietnamese]","",""
"","30049","TC_29 [Vietnamese] - Verify standings table shows at least 4 team entries","Recent Match Details Page [Vietnamese]","2026-09-02","broken","2026-09-02","","8. Rankings Tab [Vietnamese]","",""
"","150","TC_33 [English] - Verify standings table shows at least 4 team entries","Upcoming Match Details Page [English]","2026-09-02","passed","2026-09-02","","8. Rankings Tab [English]","",""
"","1042","TC_12 [English] — Continue is disabled by default on a freshly loaded page","Blue Moon — Signup Details Page (English)","2026-09-02","passed","2026-09-02","","","",""
"","4871","TC_09 [English] — Valid phone and name navigates to OTP page","Signup Journey — Join Page (English)","2026-09-02","passed","2026-09-02","","","",""
"","1453","TC_08 [English] - Verify user can switch between Overview, Lineup, Stats and Ranking tabs","Upcoming Match Details Page [English]","2026-09-02","passed","2026-09-02","","3. Match Detail Tabs [English]","",""
"","352","TC_06 [Vietnamese] - Verify clicking Team 1 logo navigates to Team 1 details page and back returns to match","Recent Match Details Page [Vietnamese]","2026-09-02","passed","2026-09-02","","2. Match Header [Vietnamese]","",""
"","5816","TC_08 [English] — An inline validation error/disabled state is shown when Continue is clicked with an empty phone number field","Organic Signup Journey (English)","2026-09-02","passed","2026-09-02","","Login/Join Page","",""
"","1025","TC_04 [English] — English heading, sub-heading and description are displayed correctly","Blue Moon — Signup Details Page (English)","2026-09-02","passed","2026-09-02","","","",""
"","10756","TC11 [Vietnamese] — Clicking a Today Match card navigates to the Match Detail page","Smoke Suite [Vietnamese]","2026-09-02","broken","2026-09-02","","","",""
"","7014","TC_13 [English] - Verify the back arrow navigates to the previous page","Team Details Page [English]","2026-09-02","passed","2026-09-02","","2. Navigation & Header [English]","",""
"","1209","TC_02 [English] — Join page loads with all expected UI elements","Signup Journey — Join Page (English)","2026-09-02","passed","2026-09-02","","","",""
"","863","TC_40 [English] — Verify OTP button stays disabled until the 6th digit is entered, then a submission is triggered","OTP Verification — Wrong-Attempt Tests [English]","2026-09-02","passed","2026-09-02","","","",""
"","3376","TC_17 [Vietnamese] - Verify Overview and Matches tabs display content on MLS 2026 page","Tournament Pages [Vietnamese]","2026-09-02","passed","2026-09-02","","MLS 2026 [Vietnamese]","",""
"","3114","TC_20 [English] - Verify clicking the Login/Signup button redirects the user to the Login/Signup page","Dashboard Validation (English)","2026-09-02","passed","2026-09-02","","","",""
"","2729","TC_40 [Vietnamese] - Verify clicking Telegram row redirects to the Telegram channel in a new tab","Profile Page (Vietnamese)","2026-09-02","passed","2026-09-02","","8. Community Tab – Social Redirections","",""
"","6893","TC_28 [Vietnamese] - Verify the Competitions section lists tournaments the team has participated in","Team Details Page [Vietnamese]","2026-09-02","passed","2026-09-02","","5. Competitions [Vietnamese]","",""
"","5167","TC_18 [English] — Resend OTP after the countdown expires sends a new OTP and resets the timer","OTP Verification [English]","2026-09-02","passed","2026-09-02","","","",""
"","3636","TC_04 [English] - Verify Dashboard Filters are displayed","Dashboard Validation (English)","2026-09-02","passed","2026-09-02","","","",""
"","25986","TC_36 [Vietnamese] — Language (Vietnamese) persists consistently across all steps of the journey","E2E Journey [Vietnamese]","2026-09-02","broken","2026-09-02","","","",""
"","16893","TC_40 [English] - Verify clicking Telegram row redirects to the Telegram channel in a new tab","Profile Page (English)","2026-09-02","broken","2026-09-02","","8. Community Tab – Social Redirections","",""
"","3074","TC_09 [English] - Verify Knockout tab presence and Standings tab content on Brasileiro Serie B 2026 page","Tournament Pages [English]","2026-09-02","passed","2026-09-02","","Brasileiro Serie B 2026 [English]","",""
"","3056","TC_06 [English] - Verify Knockout tab presence and Standings tab content on Africa Cup of Nations Qualification 2026 page","Tournament Pages [English]","2026-09-02","passed","2026-09-02","","Africa Cup of Nations Qualification 2026 [English]","",""
"","8370","TC_22 [English] — Submitting the already-registered phone number reaches OTP dispatch the same as any number (no duplicate-account path)","Organic Signup Journey (English)","2026-09-02","passed","2026-09-02","","End-to-End Journeys — entry points reach OTP dispatch","",""
"","73","TC_05 [Vietnamese] - Verify Full Time (FT/KT) status indicator is shown in match header","Recent Match Details Page [Vietnamese]","2026-09-02","passed","2026-09-02","","2. Match Header [Vietnamese]","",""
"","39078","TC20 [Vietnamese] — Team Details page loads successfully via an upcoming match's team link","Smoke Suite [Vietnamese]","2026-09-02","failed","2026-09-02","","","",""
"","5452","TC_31 [Vietnamese] - Verify navigation to Club Friendly Games 2026 and URL/heading are correct","Tournament Pages [Vietnamese]","2026-09-02","passed","2026-09-02","","Club Friendly Games 2026 [Vietnamese]","",""
"","213","TC_23 [English] - Verify Defense section heading is displayed","Upcoming Match Details Page [English]","2026-09-02","passed","2026-09-02","","6. Stats Tab [English]","",""
"","5914","TC_21 [Vietnamese] — Back navigation returns to the Details page","OTP Verification [Vietnamese]","2026-09-02","passed","2026-09-02","","","",""
"","2978","TC_09 [English] - Verify View All option is displayed in the Recent Results section and user is redirected to the Recent Results page after clicking it","Dashboard Validation (English)","2026-09-02","passed","2026-09-02","","","",""
"","2916","TC_11 [English] - Verify Dashboard sections are displayed in the correct sequence","Dashboard Validation (English)","2026-09-02","failed","2026-09-02","","","",""
"","2735","TC01 [Vietnamese] — Landing page loads successfully for a logged-out user","Smoke Suite [Vietnamese]","2026-09-02","passed","2026-09-02","","","",""
"","1640","TC_23 [English] — Directly navigating to the Link Telegram URL without OTP verification is not blocked [Known defect: route not protected]","OTP Verification [English]","2026-09-02","passed","2026-09-02","","","",""
"","34676","TC_01 [Vietnamese] - Verify user is redirected to Match Details page after clicking a completed match","Recent Match Details Page [Vietnamese]","2026-09-02","broken","2026-09-02","","1. Navigation [Vietnamese]","",""
"","2056","TC10 [Vietnamese] — Clicking the featured-competition promo banner navigates to that competition page","Smoke Suite [Vietnamese]","2026-09-02","passed","2026-09-02","","","",""
"","1512","TC_56 [Vietnamese] - Verify Profile page is fully responsive on mobile viewport 375x667","Profile Page (Vietnamese)","2026-09-02","passed","2026-09-02","","11. UI & Responsive","",""
"","18798","TC21 [Vietnamese] — Team name is displayed correctly in the page header","Smoke Suite [Vietnamese]","2026-09-02","broken","2026-09-02","","","",""
"","52399","TC_37 [Vietnamese] — User who exits at Link Telegram can resume onboarding on return","E2E Journey [Vietnamese]","2026-09-02","broken","2026-09-02","","","",""
"","86758","TC_09 [Vietnamese] - Verify Team Details page is reachable and loads correctly from Brasileiro Serie A 2026","Team Details Page [Vietnamese]","2026-09-02","skipped","2026-09-02","","1. Cross-Tournament Reachability [Vietnamese]","",""
"","40044","TC_10 [English] - Verify the user is redirected to the Login/Landing page after logout","Logout (English)","2026-09-02","broken","2026-09-02","","2. Logout Execution & Redirect","",""
"","315","TC_06 [English] - Verify Account, Preferences and Community tabs are all displayed and enabled","Profile Page (English)","2026-09-02","passed","2026-09-02","","3. Tab Navigation","",""
"","463","TC_10 [English] - Verify Lineups tab displays football pitch with both team names, logos and pitch container","Recent Match Details Page [English]","2026-09-02","passed","2026-09-02","","4. Lineups Tab [English]","",""
"","4864","TC_17 [English] — Clicking Continue with all fields valid redirects to the OTP page","Blue Moon — Signup Details Page (English)","2026-09-02","passed","2026-09-02","","","",""
"","6927","TC_27 [English] - Verify an appropriate state is shown when the team has no recent results","Team Details Page [English]","2026-09-02","passed","2026-09-02","","4. Recent Results [English]","",""
"","6097","TC06 [Vietnamese] — ""Để sau"" on Link Telegram navigates to Welcome page without linking Telegram","Smoke Suite [Vietnamese]","2026-09-02","passed","2026-09-02","","","",""
"","23802","TC_21 [English] — Profile icon > Preferences tab CTA path reaches OTP dispatch","Organic Signup Journey (English)","2026-09-02","passed","2026-09-02","","End-to-End Journeys — entry points reach OTP dispatch","",""
"","53132","TC_38 [English] — Signup journey renders and functions correctly on a mobile viewport","E2E Journey [English]","2026-09-02","broken","2026-09-02","","","",""
"","88355","TC_09 [English] - Verify Team Details page is reachable and loads correctly from Brasileiro Serie A 2026","Team Details Page [English]","2026-09-02","skipped","2026-09-02","","1. Cross-Tournament Reachability [English]","",""
"","7846","TC_02 [English] - Verify Team Details page is reachable and loads correctly from Africa Cup of Nations Qualification 2026","Team Details Page [English]","2026-09-02","passed","2026-09-02","","1. Cross-Tournament Reachability [English]","",""
"","3759","TC_03 [Vietnamese] - Verify Beat Aiko (Beat SFC) promotional banner displays correctly under the Match Card","Beat SFC [Vietnamese]","2026-09-02","passed","2026-09-02","","Overview Page - Next Match Widget [Vietnamese]","",""
"","3203","TC_27 [Vietnamese] - Verify Knockout tab presence and Standings tab content on Brasileiro Serie A 2026 page","Tournament Pages [Vietnamese]","2026-09-02","passed","2026-09-02","","Brasileiro Serie A 2026 [Vietnamese]","",""
"","5988","TC_06 [English] — Inline validation error is shown for an invalid/incomplete phone number","Details Page [English]","2026-09-02","passed","2026-09-02","","","",""
"","6050","TC_01 [English] - Verify navigation to Canadian Premier League 2026 and URL/heading are correct","Tournament Pages [English]","2026-09-02","passed","2026-09-02","","Canadian Premier League 2026 [English]","",""
"","3344","TC_27 [English] - Verify Knockout tab presence and Standings tab content on Brasileiro Serie A 2026 page","Tournament Pages [English]","2026-09-02","passed","2026-09-02","","Brasileiro Serie A 2026 [English]","",""
"","21506","TC_29 [English] - Verify language selection persists after page refresh","Profile Page (English)","2026-09-02","failed","2026-09-02","","5. Preferences Tab","",""
"","1412","TC_13 [English] - Verify clicking Privacy Policy redirects to the Privacy Policy page","Profile Page (English)","2026-09-02","passed","2026-09-02","","4. Account Tab","",""
"","3835","TC_39 [Vietnamese] - Verify clicking option '4+' in What's Your Take triggers the Express Signup popup","Beat SFC [Vietnamese]","2026-09-02","passed","2026-09-02","","Match Details - Beat Aiko Widgets (Pre-login) [Vietnamese]","",""
"","5651","TC_08 [English] — Submitting a phone number already associated with an existing account is handled appropriately","Details Page [English]","2026-09-02","passed","2026-09-02","","","",""
"","3757","TC_33 [Vietnamese] - Verify clicking 'Có' (Yes) in Cast Your Vote triggers the Express Signup popup","Beat SFC [Vietnamese]","2026-09-02","passed","2026-09-02","","Match Details - Beat Aiko Widgets (Pre-login) [Vietnamese]","",""
"","1454","TC_13 [English] - Verify Live Alerts card is displayed in the Feed section","Landing Page Validation (English)","2026-09-02","passed","2026-09-02","","","",""
"","458","TC_28 [English] - Verify switching to Vietnamese changes the entire page UI language to Vietnamese","Profile Page (English)","2026-09-02","passed","2026-09-02","","5. Preferences Tab","",""
"","30414","TC_26 [Vietnamese] - Verify tapping a Recent Result card navigates to that match's Match Details page","Team Details Page [Vietnamese]","2026-09-02","passed","2026-09-02","","4. Recent Results [Vietnamese]","",""
"","81441","TC_11 [English] - Verify Team Details page is reachable and loads correctly from Club Friendly Games 2026","Team Details Page [English]","2026-09-02","skipped","2026-09-02","","1. Cross-Tournament Reachability [English]","",""
"","221","TC_21 [Vietnamese] - Verify Match Information section heading is displayed","Recent Match Details Page [Vietnamese]","2026-09-02","passed","2026-09-02","","5. Stats Tab [Vietnamese]","",""
"","3280","TC_41 [English] - Verify the Leaderboard teaser ('You're in the game!') is NOT shown when the user is logged out","Beat SFC [English]","2026-09-02","passed","2026-09-02","","Match Details - Beat Aiko Widgets (Pre-login) [English]","",""
"","626","TC_24 [English] - Verify clicking Play by Play tab loads match event content","Recent Match Details Page [English]","2026-09-02","passed","2026-09-02","","6. Play by Play Tab [English]","",""
"","110","TC_10 [English] - Verify win prediction section shows percentage values","Upcoming Match Details Page [English]","2026-09-02","passed","2026-09-02","","4. Overview Tab [English]","",""
"","5578","TC_34 [Vietnamese] - Verify navigation to V-League 1 26/27 and URL/heading are correct","Tournament Pages [Vietnamese]","2026-09-02","passed","2026-09-02","","V-League 1 26/27 [Vietnamese]","",""
"","2941","TC_53 [English] - Verify the Beat SFC section is NOT displayed on Settings > Account tab for a logged-out user","Beat SFC [English]","2026-09-02","passed","2026-09-02","","Settings - Account Tab - Beat SFC Section (Guest) [English]","",""
"","907","TC_27 [Vietnamese] - Verify only one language can be selected at a time (mutual exclusion)","Profile Page (Vietnamese)","2026-09-02","passed","2026-09-02","","5. Preferences Tab","",""
"","2","TC_39 [Vietnamese] - Verify clicking Viber row redirects to the Viber channel in a new tab [Viber removed from Community tab]","","2026-09-02","skipped","2026-09-02","","","",""
"","5833","TC_09 [English] — Valid, new phone number triggers OTP dispatch and navigates to the OTP verification page","Details Page [English]","2026-09-02","passed","2026-09-02","","","",""
"","5729","TC_22 [Vietnamese] - Verify navigation to CONMEBOL Libertadores 2026 and URL/heading are correct","Tournament Pages [Vietnamese]","2026-09-02","passed","2026-09-02","","CONMEBOL Libertadores 2026 [Vietnamese]","",""
"","2947","TC_36 [English] - Verify Knockout tab presence and Standings tab content on V-League 1 26/27 page","Tournament Pages [English]","2026-09-02","passed","2026-09-02","","V-League 1 26/27 [English]","",""
"","804","TC_03 [English] - Company name (RICH ABLE DEVELOPMENTS LIMITED) and Samoa address are unchanged","Terms of Use (English)","2026-09-02","passed","2026-09-02","","","",""
"","5922","TC_13 [English] — Network failure on Sign Up shows an appropriate error","Details Page [English]","2026-09-02","passed","2026-09-02","","","",""
"","592","TC_03 [Vietnamese] - Verify header shows team logos, team names and competition name","Recent Match Details Page [Vietnamese]","2026-09-02","passed","2026-09-02","","2. Match Header [Vietnamese]","",""
"","2844","TC_09 [Vietnamese] - Verify Knockout tab presence and Standings tab content on Brasileiro Serie B 2026 page","Tournament Pages [Vietnamese]","2026-09-02","passed","2026-09-02","","Brasileiro Serie B 2026 [Vietnamese]","",""
"","907","TC_40 [Vietnamese] — Verify OTP button stays disabled until the 6th digit is entered, then a submission is triggered","OTP Verification — Wrong-Attempt Tests [Vietnamese]","2026-09-02","passed","2026-09-02","","","",""
"","2307","TC_03 [English] - Verify Back arrow navigates the user away from the Profile page","Profile Page (English)","2026-09-02","passed","2026-09-02","","1. Page Load","",""
"","3135","TC_23 [Vietnamese] - Verify Overview and Matches tabs display content on CONMEBOL Libertadores 2026 page","Tournament Pages [Vietnamese]","2026-09-02","passed","2026-09-02","","CONMEBOL Libertadores 2026 [Vietnamese]","",""
"","1386","TC_52 [Vietnamese] - Verify Profile page loads correctly after clearing all browser cache and storage","Profile Page (Vietnamese)","2026-09-02","passed","2026-09-02","","10. Edge Cases","",""
"","2898","TC_14 [English] - Verify clicking the Today filter displays filtered match results","Dashboard Validation (English)","2026-09-02","passed","2026-09-02","","","",""
"","0","TC_43 [English] - Verify clicking TikTok row redirects to the TikTok profile in a new tab [TikTok removed from Community tab]","","2026-09-02","skipped","2026-09-02","","","",""
"","28","TC_15 [English] — Resend OTP shows a countdown immediately after the OTP is sent","OTP Verification [English]","2026-09-02","passed","2026-09-02","","","",""
"","1753","TC_07 [English] — Terms and Privacy links preserve entered phone number","Signup Journey — Join Page (English)","2026-09-02","passed","2026-09-02","","","",""
"","1221","TC02 [English] — ""Sign up"" CTA on Landing page navigates to sign-up flow","Smoke Suite [English]","2026-09-02","passed","2026-09-02","","","",""
"","637","TC_10 [English] - Browser tab title contains ""Terms of Use""","Terms of Use (English)","2026-09-02","passed","2026-09-02","","","",""
"","536","TC_21 [English] — An incorrect OTP shows an error and keeps the user on the OTP page","Blue Moon — OTP Page (English)","2026-09-02","passed","2026-09-02","","","",""
"","1514","TC_02 [Vietnamese] - Verify Profile page is accessible via the Settings icon in the navigation","Profile Page (Vietnamese)","2026-09-02","passed","2026-09-02","","1. Page Load","",""
"","5682","TC_22 [English] - Verify navigation to CONMEBOL Libertadores 2026 and URL/heading are correct","Tournament Pages [English]","2026-09-02","passed","2026-09-02","","CONMEBOL Libertadores 2026 [English]","",""
"","3599","TC_17 [English] - Verify Overview and Matches tabs display content on MLS 2026 page","Tournament Pages [English]","2026-09-02","passed","2026-09-02","","MLS 2026 [English]","",""
"","3916","TC_27 [Vietnamese] - Verify navigating to Match Details via the Match Card (not the banner) shows no popup and all 3 Beat Aiko sections are visible","Beat SFC [Vietnamese]","2026-09-02","passed","2026-09-02","","Match Details - Beat Aiko Widgets (Pre-login) [Vietnamese]","",""
"","5197","TC_22 [English] — Back navigation returns to join page","OTP Verification (English)","2026-09-02","passed","2026-09-02","","","",""
"","2985","TC_19 [Vietnamese] - Verify clicking an Upcoming match card navigates to the match detail page","Dashboard Validation (Vietnamese)","2026-09-02","passed","2026-09-02","","","",""
"","36437","TC13 [English] — Team Details page loads for Sevilla via valid URL","Smoke Suite [English]","2026-09-02","broken","2026-09-02","","","",""
"","38","TC_22 [Vietnamese] - Verify Used in label with AI Card and Voice chips are displayed inside Language section","Profile Page (Vietnamese)","2026-09-02","passed","2026-09-02","","5. Preferences Tab","",""
"","19182","TC24 [English] — Clicking a player navigates to the Player Details page","Smoke Suite [English]","2026-09-02","broken","2026-09-02","","","",""
"","5416","TC_08 [English] — Submitting a registered phone shows appropriate response","Signup Journey — Join Page (English)","2026-09-02","passed","2026-09-02","","","",""
"","","TC_10 [English] - Verify 'Continue' button is disabled when the phone number field is empty","Beat SFC [English]","2026-09-02","unknown","","","Express Signup - Login/OTP Popup [English]","",""
"","112","TC_23 [Vietnamese] - Verify Vietnamese language option displays 🇻🇳 flag and Tiếng Việt sub-label","Profile Page (Vietnamese)","2026-09-02","passed","2026-09-02","","5. Preferences Tab","",""
"","259","TC_33 [Vietnamese] - Verify clicking Community tab makes it active and loads all 7 social channels","Profile Page (Vietnamese)","2026-09-02","passed","2026-09-02","","7. Community Tab","",""
"","4","TC_14 [English] — Page displays the exact phone number entered on the Details page","OTP Verification [English]","2026-09-02","passed","2026-09-02","","","",""
"","4966","TC03 [English] — Existing account phone submission on Join page is handled appropriately","Smoke Suite [English]","2026-09-02","passed","2026-09-02","","","",""
"","487","TC_04 [English] - Verify the Logout button shows a hover/focus state and pointer cursor on desktop","Logout (English)","2026-09-02","passed","2026-09-02","","1. Logout Control Visibility & Non-Destructive Popup Checks","",""
"","5392","TC_13 [English] - Verify navigation to K-League 1 2026 and URL/heading are correct","Tournament Pages [English]","2026-09-02","passed","2026-09-02","","K-League 1 2026 [English]","",""
"","6838","TC_24 [English] - Verify each Recent Result card displays the correct result text and score","Team Details Page [English]","2026-09-02","passed","2026-09-02","","4. Recent Results [English]","",""
"","1567","TC_09 [English] - Cross-reference link to Privacy Policy navigates correctly","Terms of Use (English)","2026-09-02","passed","2026-09-02","","","",""
"","1498","TC_53 [English] - Verify no JavaScript console errors appear across all three tabs","Profile Page (English)","2026-09-02","passed","2026-09-02","","10. Edge Cases","",""
"","2675","TC_01 [English] - Verify Landing page URL","Landing Page Validation (English)","2026-09-02","passed","2026-09-02","","","",""
"","23787","TC_10 [English] — Repeated rapid Sign Up submissions are rate-limited or accepted","Details Page [English]","2026-09-02","passed","2026-09-02","","","",""
"","32485","TC_16 [English] — Clicking ""Resend OTP""/""Gửi lại OTP"" after the countdown expires sends a new OTP and resets the timer","Organic Signup Journey (English)","2026-09-02","passed","2026-09-02","","OTP Page — resend","",""
"","4770","TC_02 [English] — Clicking the Login/Signup CTA in the header navigates to the phone number entry page","Organic Signup Journey (English)","2026-09-02","passed","2026-09-02","","Guest Dashboard","",""
"","322","TC_12 [English] - Verify Both Teams Score section shows Yes and No buttons","Upcoming Match Details Page [English]","2026-09-02","passed","2026-09-02","","4. Overview Tab [English]","",""
"","1445","TC_57 [Vietnamese] - Verify Profile page layout is correct on tablet viewport 768x1024","Profile Page (Vietnamese)","2026-09-02","passed","2026-09-02","","11. UI & Responsive","",""
"","1501","TC09 [English] — Guest user can access Dashboard page successfully","Smoke Suite [English]","2026-09-02","passed","2026-09-02","","","",""
"","1834","TC_39 [Vietnamese] — Direct URL to Dashboard page allows proceeding without being bounced to login (guest-accessible by design)","Welcome Page — Direct Access [Vietnamese]","2026-09-02","passed","2026-09-02","","","",""
"","302","TC_06 [Vietnamese] - Verify Account, Preferences and Community tabs are all displayed and enabled","Profile Page (Vietnamese)","2026-09-02","passed","2026-09-02","","3. Tab Navigation","",""
"","3213","TC_04 [English] — Phone accepts numeric input and Sign Up requires both fields","Signup Journey — Join Page (English)","2026-09-02","passed","2026-09-02","","","",""
"","214","TC_18 [English] - Verify Passing section heading is displayed","Recent Match Details Page [English]","2026-09-02","passed","2026-09-02","","5. Stats Tab [English]","",""
"","2819","TC_32 [English] - Verify Overview and Matches tabs display content on Club Friendly Games 2026 page","Tournament Pages [English]","2026-09-02","passed","2026-09-02","","Club Friendly Games 2026 [English]","",""
"","5799","TC_25 [English] - Verify navigation to Brasileiro Serie A 2026 and URL/heading are correct","Tournament Pages [English]","2026-09-02","passed","2026-09-02","","Brasileiro Serie A 2026 [English]","",""
"","2637","TC_14 [English] — Continue stays disabled with only the mobile number filled","Blue Moon — Signup Details Page (English)","2026-09-02","passed","2026-09-02","","","",""
"","5227","TC_18 [English] — Resend OTP shows countdown immediately after page load","OTP Verification (English)","2026-09-02","passed","2026-09-02","","","",""
"","5497","TC03 [Vietnamese] — Existing account phone submission on Join page is handled appropriately","Smoke Suite [Vietnamese]","2026-09-02","passed","2026-09-02","","","",""
"","5068","TC_09 [Vietnamese] — Valid, new phone number triggers OTP dispatch and navigates to the OTP verification page","Details Page [Vietnamese]","2026-09-02","passed","2026-09-02","","","",""
"","0","TC_28 [English] — Direct URL without completing signup redirects away [Product defect: route not protected]","","2026-09-02","skipped","2026-09-02","","","",""
"","2918","TC_07 [Vietnamese] — Terms/Privacy links preserve the entered phone number","Details Page [Vietnamese]","2026-09-02","passed","2026-09-02","","","",""
"","5866","TC_01 [English] — Sign Up CTA on landing navigates to the Details page","Red Journey V4 (English) — Landing Page","2026-09-02","passed","2026-09-02","","","",""
"","1473","TC_19 [English] - Verify Key Insights widget is displayed in The Edge section","Landing Page Validation (English)","2026-09-02","passed","2026-09-02","","","",""
"","3671","TC_29 [Vietnamese] - Verify clicking Team A WIN in Guess the Winner triggers the Express Signup popup","Beat SFC [Vietnamese]","2026-09-02","passed","2026-09-02","","Match Details - Beat Aiko Widgets (Pre-login) [Vietnamese]","",""
"","7458","TC27 [Vietnamese] — Logout button is displayed, enabled and clicking it shows the confirmation popup","Smoke Suite [Vietnamese]","2026-09-02","passed","2026-09-02","","TC27-TC28 — Logout [Vietnamese]","",""
"","8402","TC_06 [Vietnamese] - Verify Team Details page is reachable and loads correctly from MLS 2026","Team Details Page [Vietnamese]","2026-09-02","passed","2026-09-02","","1. Cross-Tournament Reachability [Vietnamese]","",""
"","592","TC_17 [English] - Verify Terms of Service, Privacy Policy and Cookie Policy all redirect to unique pages","Profile Page (English)","2026-09-02","passed","2026-09-02","","4. Account Tab","",""
"","3228","TC_19 [English] — Network failure during OTP verification shows an appropriate error","OTP Verification [English]","2026-09-02","passed","2026-09-02","","","",""
"","6693","TC_30 [Vietnamese] - Verify the Competitions list remains reachable when scrolled","Team Details Page [Vietnamese]","2026-09-02","passed","2026-09-02","","5. Competitions [Vietnamese]","",""
"","10262","TC_22 [English] - Verify Match Information section shows match date and venue details","Recent Match Details Page [English]","2026-09-02","broken","2026-09-02","","5. Stats Tab [English]","",""
"","411","TC_06 [English] - Minimum age requirement (18 years) is stated","Terms of Use (English)","2026-09-02","passed","2026-09-02","","","",""
"","6638","TC_29 [English] - Verify each competition entry displays an icon and name","Team Details Page [English]","2026-09-02","passed","2026-09-02","","5. Competitions [English]","",""
"","138","TC_25 [Vietnamese] - Verify Play by Play section shows match event minute indicators","Recent Match Details Page [Vietnamese]","2026-09-02","passed","2026-09-02","","6. Play by Play Tab [Vietnamese]","",""
"","2442","TC_10 [Vietnamese] - Verify Dashboard page is vertically scrollable","Dashboard Validation (Vietnamese)","2026-09-02","passed","2026-09-02","","","",""
"","3668","TC_01 [English] - Verify Dashboard URL","Dashboard Validation (English)","2026-09-02","passed","2026-09-02","","","",""
"","80","TC_10 [Vietnamese] - Verify Terms of Service row is displayed and clickable","Profile Page (Vietnamese)","2026-09-02","passed","2026-09-02","","4. Account Tab","",""
"","30065","TC_31 [Vietnamese] - Verify standings shows team logos for at least 4 teams","Recent Match Details Page [Vietnamese]","2026-09-02","broken","2026-09-02","","8. Rankings Tab [Vietnamese]","",""
"","30771","TC_09 [English] - Verify user can switch between Lineups, Stats, Play by Play and Rankings tabs","Recent Match Details Page [English]","2026-09-02","broken","2026-09-02","","3. Match Detail Tabs [English]","",""
"","3242","TC_35 [Vietnamese] - Verify 'ĐÁNH BẠI SFC · BẠN NGHĨ SAO?' section displays correctly","Beat SFC [Vietnamese]","2026-09-02","passed","2026-09-02","","Match Details - Beat Aiko Widgets (Pre-login) [Vietnamese]","",""
"","1890","TC_51 [Vietnamese] - Verify Terms of Service, Privacy Policy and Cookie Policy links each redirect to unique pages","Profile Page (Vietnamese)","2026-09-02","passed","2026-09-02","","10. Edge Cases","",""
"","2132","TC_01 [English] — Sign Up CTA on landing navigates to the join page","Signup Journey — Landing Page (English)","2026-09-02","passed","2026-09-02","","","",""
"","18998","TC24 [Vietnamese] — Clicking a player navigates to the Player Details page","Smoke Suite [Vietnamese]","2026-09-02","broken","2026-09-02","","","",""
"","847","TC_02 [English] - Effective Date reads ""23 April 2026""","Terms of Use (English)","2026-09-02","passed","2026-09-02","","","",""
"","3216","TC_18 [English] - Verify Knockout tab presence and Standings tab content on MLS 2026 page","Tournament Pages [English]","2026-09-02","passed","2026-09-02","","MLS 2026 [English]","",""
"","3264","TC_18 [Vietnamese] - Verify Knockout tab presence and Standings tab content on MLS 2026 page","Tournament Pages [Vietnamese]","2026-09-02","passed","2026-09-02","","MLS 2026 [Vietnamese]","",""
"","499","TC_04 [Vietnamese] - Verify the Logout button shows a hover/focus state and pointer cursor on desktop","Logout (Vietnamese)","2026-09-02","passed","2026-09-02","","1. Logout Control Visibility & Non-Destructive Popup Checks [Vietnamese]","",""
"","3548","TC_02 [English] - Verify Overview and Matches tabs display content on Canadian Premier League 2026 page","Tournament Pages [English]","2026-09-02","passed","2026-09-02","","Canadian Premier League 2026 [English]","",""
"","1266","TC_05 [English] — Sign Up is disabled on empty form","Signup Journey — Join Page (English)","2026-09-02","passed","2026-09-02","","","",""
"","79","TC_10 [English] - Verify Terms of Service row is displayed and clickable","Profile Page (English)","2026-09-02","passed","2026-09-02","","4. Account Tab","",""
"","170","TC_17 [English] - Verify Standings section is displayed in Overview tab","Upcoming Match Details Page [English]","2026-09-02","passed","2026-09-02","","4. Overview Tab [English]","",""
"","5327","TC_07 [Vietnamese] - Verify navigation to Brasileiro Serie B 2026 and URL/heading are correct","Tournament Pages [Vietnamese]","2026-09-02","passed","2026-09-02","","Brasileiro Serie B 2026 [Vietnamese]","",""
"","5080","TC_05 [English] — Inline validation error is shown when Sign Up is clicked with an empty phone number field","Details Page [English]","2026-09-02","passed","2026-09-02","","","",""
"","15519","TC_06 [Vietnamese] - Verify a confirmation popup appears when Logout is clicked","Logout (Vietnamese)","2026-09-02","passed","2026-09-02","","1. Logout Control Visibility & Non-Destructive Popup Checks [Vietnamese]","",""
"","157","TC_13 [English] - Verify Expected Goals (xG) section heading is displayed","Upcoming Match Details Page [English]","2026-09-02","passed","2026-09-02","","4. Overview Tab [English]","",""
"","2518","TC_32 [English] - Verify an invalid/non-existent team slug is handled gracefully","Team Details Page [English]","2026-09-02","passed","2026-09-02","","6. Data Integrity [English]","",""
"","134","TC_26 [English] - Verify Play by Play section contains goal event entries","Recent Match Details Page [English]","2026-09-02","passed","2026-09-02","","6. Play by Play Tab [English]","",""
"","1859","TC_58 [Vietnamese] - Verify no broken images or missing icons on the Profile page across all three tabs","Profile Page (Vietnamese)","2026-09-02","passed","2026-09-02","","11. UI & Responsive","",""
"","192","TC_14 [English] - Verify Expected Goals section shows numeric xG values","Upcoming Match Details Page [English]","2026-09-02","passed","2026-09-02","","4. Overview Tab [English]","",""
"","552","TC_12 [English] - Language switch keeps user on /terms (no re-login required)","Terms of Use (English)","2026-09-02","passed","2026-09-02","","","",""
"","18599","TC23 [English] — Squad list is displayed with registered players","Smoke Suite [English]","2026-09-02","broken","2026-09-02","","","",""
"","3536","TC_34 [Vietnamese] - Verify clicking 'Không' (No) in Cast Your Vote triggers the Express Signup popup","Beat SFC [Vietnamese]","2026-09-02","passed","2026-09-02","","Match Details - Beat Aiko Widgets (Pre-login) [Vietnamese]","",""
"","80797","TC_11 [Vietnamese] - Verify Team Details page is reachable and loads correctly from Club Friendly Games 2026","Team Details Page [Vietnamese]","2026-09-02","skipped","2026-09-02","","1. Cross-Tournament Reachability [Vietnamese]","",""
"","1900","TC_19 [English] — No Login/Signup CTA is shown anywhere in Settings once the user is logged in","Organic Signup Journey (English)","2026-09-02","passed","2026-09-02","","Post-Login Dashboard and Settings","",""
"","6295","TC_35 [English] — Language (English) persists consistently across all steps of the journey","E2E Journey (English)","2026-09-02","passed","2026-09-02","","","",""
"","1497","TC_54 [English] - Verify Profile page displays correctly on the standard 360×740 viewport","Profile Page (English)","2026-09-02","passed","2026-09-02","","10. Edge Cases","",""
"","5105","TC_02 [English] - Verify Back button navigates user back to the Dashboard","Upcoming Match Details Page [English]","2026-09-02","passed","2026-09-02","","1. Navigation [English]","",""
"","369","TC_06 [English] - Verify clicking Team 1 logo navigates to Team 1 details page and back returns to match","Recent Match Details Page [English]","2026-09-02","passed","2026-09-02","","2. Match Header [English]","",""
"","15609","TC_07 [English] - Verify Cancel/No on the logout confirmation popup keeps the user logged in","Logout (English)","2026-09-02","passed","2026-09-02","","1. Logout Control Visibility & Non-Destructive Popup Checks","",""
"","3046","TC_08 [Vietnamese] - Verify Overview and Matches tabs display content on Brasileiro Serie B 2026 page","Tournament Pages [Vietnamese]","2026-09-02","passed","2026-09-02","","Brasileiro Serie B 2026 [Vietnamese]","",""
"","7830","TC_03 [English] - Verify Team Details page is reachable and loads correctly from Brasileiro Serie B 2026","Team Details Page [English]","2026-09-02","passed","2026-09-02","","1. Cross-Tournament Reachability [English]","",""
"","7768","TC_04 [English] - Verify Team Details page is reachable and loads correctly from CONMEBOL Sudamericana 2026","Team Details Page [English]","2026-09-02","passed","2026-09-02","","1. Cross-Tournament Reachability [English]","",""
"","3056","TC_08 [Vietnamese] - Verify clicking 'Xem tất cả' (View all) link inside the Beat Aiko banner navigates correctly","Beat SFC [Vietnamese]","2026-09-02","passed","2026-09-02","","Overview Page - Next Match Widget [Vietnamese]","",""
"","892","TC_37 [English] — Direct URL to Dashboard page allows proceeding to Dashboard","Welcome Page — Direct Access (English)","2026-09-02","passed","2026-09-02","","","",""
"","5181","TC_18 [Vietnamese] — Resend OTP after the countdown expires sends a new OTP and resets the timer","OTP Verification [Vietnamese]","2026-09-02","passed","2026-09-02","","","",""
"","2953","TC_14 [Vietnamese] - Verify Overview and Matches tabs display content on K-League 1 2026 page","Tournament Pages [Vietnamese]","2026-09-02","passed","2026-09-02","","K-League 1 2026 [Vietnamese]","",""
"","1110","TC_59 [English] - Verify Profile page loads within 5 seconds","Profile Page (English)","2026-09-02","passed","2026-09-02","","12. Performance","",""
"","3134","TC_04 [Vietnamese] - Verify Dashboard Filters are displayed","Dashboard Validation (Vietnamese)","2026-09-02","passed","2026-09-02","","","",""
"","1106","TC_18 [English] — The T&C checkbox has visible, legible consent text","Blue Moon — Signup Details Page (English)","2026-09-02","passed","2026-09-02","","","",""
"","243","TC_01 [English] - Verify the Logout option is visible on the Account tab of Settings","Logout (English)","2026-09-02","passed","2026-09-02","","1. Logout Control Visibility & Non-Destructive Popup Checks","",""
"","116","TC_24 [English] - Verify English language option displays 🌐 globe icon and English label","Profile Page (English)","2026-09-02","passed","2026-09-02","","5. Preferences Tab","",""
"","2941","TC_15 [English] - Verify clicking the Tomorrow filter displays filtered match results","Dashboard Validation (English)","2026-09-02","passed","2026-09-02","","","",""
"","1605","TC_53 [Vietnamese] - Verify no JavaScript console errors appear across all three tabs","Profile Page (Vietnamese)","2026-09-02","passed","2026-09-02","","10. Edge Cases","",""
"","3059","TC_13 [English] - Verify Dashboard page loads without any broken UI elements","Dashboard Validation (English)","2026-09-02","passed","2026-09-02","","","",""
"","52345","TC_33 [Vietnamese] — Complete ""Để sau"" path: Details → OTP → skip Telegram → Welcome → Dashboard","E2E Journey [Vietnamese]","2026-09-02","broken","2026-09-02","","","",""
"","30789","TC_09 [Vietnamese] - Verify user can switch between Lineups, Stats, Play by Play and Rankings tabs","Recent Match Details Page [Vietnamese]","2026-09-02","broken","2026-09-02","","3. Match Detail Tabs [Vietnamese]","",""
"","2512","TC_03 [English] — Country code defaults to +91 (India) and the dropdown allows re-selection","Signup Journey — Join Page (English)","2026-09-02","failed","2026-09-02","","","",""
"","3450","TC17 [Vietnamese] — Completed match header shows logos, team names and competition name","Smoke Suite [Vietnamese]","2026-09-02","passed","2026-09-02","","","",""
"","5358","TC_10 [English] - Verify navigation to CONMEBOL Sudamericana 2026 and URL/heading are correct","Tournament Pages [English]","2026-09-02","passed","2026-09-02","","CONMEBOL Sudamericana 2026 [English]","",""
"","1573","TC_22 [English] - Verify three Sign Up buttons are present across the Landing page","Landing Page Validation (English)","2026-09-02","passed","2026-09-02","","","",""
"","277","TC_13 [English] - Verify Team Statistics section heading is displayed","Recent Match Details Page [English]","2026-09-02","passed","2026-09-02","","5. Stats Tab [English]","",""
"","1993","TC_51 [English] - Verify Terms of Service, Privacy Policy and Cookie Policy links each redirect to unique pages","Profile Page (English)","2026-09-02","passed","2026-09-02","","10. Edge Cases","",""
"","3420","TC_07 [English] — Terms/Privacy links preserve the entered phone number","Details Page [English]","2026-09-02","passed","2026-09-02","","","",""
"","3600","TC_38 [Vietnamese] - Verify clicking option '3' in What's Your Take triggers the Express Signup popup","Beat SFC [Vietnamese]","2026-09-02","passed","2026-09-02","","Match Details - Beat Aiko Widgets (Pre-login) [Vietnamese]","",""
"","7795","TC_15 [Vietnamese] — Entering an incorrect OTP displays an error and allows the user to retry","Organic Signup Journey (Vietnamese)","2026-09-02","passed","2026-09-02","","OTP Page — incorrect code","",""
"","3835","TC_01 [Vietnamese] - Verify Dashboard URL","Dashboard Validation (Vietnamese)","2026-09-02","passed","2026-09-02","","","",""
"","181","TC_16 [English] - Verify Defense section shows numeric stat comparison values","Recent Match Details Page [English]","2026-09-02","passed","2026-09-02","","5. Stats Tab [English]","",""
"","427","TC_04 [English] - All 15 numbered sections are present","Privacy Policy (English)","2026-09-02","passed","2026-09-02","","","",""
"","6715","TC_19 [English] - Verify Group position and Last 10 record display correctly for a club team","Team Details Page [English]","2026-09-02","passed","2026-09-02","","3. Stats [English]","",""
"","65","TC_04 [Vietnamese] - Verify final score is displayed between team names in match header","Recent Match Details Page [Vietnamese]","2026-09-02","passed","2026-09-02","","2. Match Header [Vietnamese]","",""
"","2508","TC_02 [Vietnamese] - Verify Dashboard Logo is displayed","Dashboard Validation (Vietnamese)","2026-09-02","passed","2026-09-02","","","",""
"","1364","TC_11 [Vietnamese] - Verify clicking Terms of Service redirects to the Terms of Service page","Profile Page (Vietnamese)","2026-09-02","passed","2026-09-02","","4. Account Tab","",""
"","3102","TC_07 [Vietnamese] - Verify View All option is displayed in the Upcoming section and user is redirected to the Upcoming Matches page after clicking it","Dashboard Validation (Vietnamese)","2026-09-02","passed","2026-09-02","","","",""
"","2530","TC_30 [English] - Verify Knockout tab presence and Standings tab content on Int. Friendly Games 2026 page","Tournament Pages [English]","2026-09-02","passed","2026-09-02","","Int. Friendly Games 2026 [English]","",""
"","1491","TC_05 [English] - Verify hero headline text element is displayed","Landing Page Validation (English)","2026-09-02","passed","2026-09-02","","","",""
"","2093","TC29 [English] — Account, Preferences and Community sections are present and navigable","Smoke Suite [English]","2026-09-02","passed","2026-09-02","","","",""
"","","TC_10 [Vietnamese] - Verify 'Continue' button is disabled when the phone number field is empty","Beat SFC [Vietnamese]","2026-09-02","unknown","","","Express Signup - Login/OTP Popup [Vietnamese]","",""
"","1213","TC_13 [English] — Continue stays disabled with only the name filled","Blue Moon — Signup Details Page (English)","2026-09-02","passed","2026-09-02","","","",""
"","3066","TC_21 [English] - Verify Knockout tab presence and Standings tab content on J1 League 26/27 page","Tournament Pages [English]","2026-09-02","passed","2026-09-02","","J1 League 26/27 [English]","",""
"","3768","TC_29 [English] - Verify clicking Team A WIN in Guess the Winner triggers the Express Signup popup","Beat SFC [English]","2026-09-02","passed","2026-09-02","","Match Details - Beat Aiko Widgets (Pre-login) [English]","",""
"","896","TC_27 [English] - Verify only one language can be selected at a time (mutual exclusion)","Profile Page (English)","2026-09-02","passed","2026-09-02","","5. Preferences Tab","",""
"","2650","TC_02 [English] - Verify Dashboard Logo is displayed","Dashboard Validation (English)","2026-09-02","passed","2026-09-02","","","",""
"","5556","TC_08 [Vietnamese] — Submitting a phone number already associated with an existing account is handled appropriately","Details Page [Vietnamese]","2026-09-02","passed","2026-09-02","","","",""
"","6544","TC_20 [Vietnamese] - Verify FIFA Ranking and Last 10 record display correctly for a national team","Team Details Page [Vietnamese]","2026-09-02","passed","2026-09-02","","3. Stats [Vietnamese]","",""
"","2852","TC_05 [English] - verify FIFA world cup banner is displayed and after clicking on it, It redirects to the FIFA page","Dashboard Validation (English)","2026-09-02","passed","2026-09-02","","","",""
"","225","TC_36 [English] - Verify all 7 social channel links are enabled and clickable in the Community tab","Profile Page (English)","2026-09-02","passed","2026-09-02","","7. Community Tab","",""
"","761","TC_03 [English] - Verify header shows team logos, team names, competition name and date/time","Upcoming Match Details Page [English]","2026-09-02","passed","2026-09-02","","2. Match Header [English]","",""
"","6736","TC_29 [Vietnamese] - Verify each competition entry displays an icon and name","Team Details Page [Vietnamese]","2026-09-02","passed","2026-09-02","","5. Competitions [Vietnamese]","",""
"","397","TC_17 [English] — OTP field accepts numeric input only","OTP Verification [English]","2026-09-02","passed","2026-09-02","","","",""
"","8876","TC_01 [Vietnamese] - Verify Team Details page is reachable and loads correctly from Canadian Premier League 2026","Team Details Page [Vietnamese]","2026-09-02","passed","2026-09-02","","1. Cross-Tournament Reachability [Vietnamese]","",""
"","10094","TC_15 [Vietnamese] - Verify the favorite/star icon reacts to a tap","Team Details Page [Vietnamese]","2026-09-02","passed","2026-09-02","","2. Navigation & Header [Vietnamese]","",""
"","1425","TC_54 [Vietnamese] - Verify Profile page displays correctly on the standard 360×740 viewport","Profile Page (Vietnamese)","2026-09-02","passed","2026-09-02","","10. Edge Cases","",""
"","6706","TC_04 [Vietnamese] — Phone accepts numeric input only and enforces correct digit length","Details Page [Vietnamese]","2026-09-02","passed","2026-09-02","","","",""
"","7860","TC_03 [Vietnamese] - Verify Team Details page is reachable and loads correctly from Brasileiro Serie B 2026","Team Details Page [Vietnamese]","2026-09-02","passed","2026-09-02","","1. Cross-Tournament Reachability [Vietnamese]","",""
"","1446","TC25 [English] — Profile page loads successfully via direct URL","Smoke Suite [English]","2026-09-02","passed","2026-09-02","","","",""
"","217","TC_14 [English] - Verify Team Statistics section shows numeric stat comparison values","Recent Match Details Page [English]","2026-09-02","passed","2026-09-02","","5. Stats Tab [English]","",""
"","7067","TC_08 [English] - Verify dismissing the confirmation popup via Esc key keeps the user logged in","Logout (English)","2026-09-02","passed","2026-09-02","","1. Logout Control Visibility & Non-Destructive Popup Checks","",""
"","1931","TC_01 [English] - Verify Profile page loads successfully via direct URL with all three tabs visible","Profile Page (English)","2026-09-02","passed","2026-09-02","","1. Page Load","",""
"","1704","TC_43 [English] — Repeated wrong OTP attempts trigger lockout or throttling","OTP Verification — Wrong-Attempt Tests [English]","2026-09-02","passed","2026-09-02","","","",""
"","195","TC_29 [English] - Verify Match Information section heading is displayed","Upcoming Match Details Page [English]","2026-09-02","passed","2026-09-02","","6. Stats Tab [English]","",""
"","2887","TC_03 [Vietnamese] - Verify Profile Icon is displayed","Dashboard Validation (Vietnamese)","2026-09-02","passed","2026-09-02","","","",""
"","123","TC_12 [English] — Page displays the exact phone number entered, 6 separate OTP boxes, and an active resend countdown","Organic Signup Journey (English)","2026-09-02","passed","2026-09-02","","OTP Page — submission and display","",""
"","2867","TC_05 [Vietnamese] - verify FIFA world cup banner is displayed and after clicking on it, It redirects to the FIFA page","Dashboard Validation (Vietnamese)","2026-09-02","passed","2026-09-02","","","",""
"","3041","TC_23 [English] - Verify Overview and Matches tabs display content on CONMEBOL Libertadores 2026 page","Tournament Pages [English]","2026-09-02","passed","2026-09-02","","CONMEBOL Libertadores 2026 [English]","",""
"","2941","TC_11 [Vietnamese] - Verify Dashboard sections are displayed in the correct sequence","Dashboard Validation (Vietnamese)","2026-09-02","failed","2026-09-02","","","",""
"","32047","TC_30 [English] - Verify language setting applies globally to other pages such as Dashboard","Profile Page (English)","2026-09-02","broken","2026-09-02","","5. Preferences Tab","",""
"","819","TC_11 [English] - Verify protected pages are not accessible after logout via browser Back button","Logout (English)","2026-09-02","passed","2026-09-02","","2. Logout Execution & Redirect","",""
"","481","TC_04 [English] - Verify Profile header displays Guest username and Login/Signup button for guest user","Profile Page (English)","2026-09-02","passed","2026-09-02","","2. Profile Header","",""
"","6124","TC14 [English] — Clicking an upcoming match card navigates to Match Details page","Smoke Suite [English]","2026-09-02","passed","2026-09-02","","","",""
"","43","TC_20 [Vietnamese] - Verify Language section heading is displayed and section is expanded by default","Profile Page (Vietnamese)","2026-09-02","passed","2026-09-02","","5. Preferences Tab","",""
"","2741","TC_38 [Vietnamese] - Verify clicking WhatsApp row redirects to the WhatsApp channel in a new tab","Profile Page (Vietnamese)","2026-09-02","passed","2026-09-02","","8. Community Tab – Social Redirections","",""
"","907","TC_06 [English] - Support email (support@sportsfc.fans) is present","Privacy Policy (English)","2026-09-02","passed","2026-09-02","","","",""
"","9941","TC_16 [Vietnamese] - Verify tapping the favorite icon as a guest prompts sign-up/login","Team Details Page [Vietnamese]","2026-09-02","passed","2026-09-02","","2. Navigation & Header [Vietnamese]","",""
"","3637","TC_37 [English] - Verify clicking option '2' in What's Your Take triggers the Express Signup popup","Beat SFC [English]","2026-09-02","passed","2026-09-02","","Match Details - Beat Aiko Widgets (Pre-login) [English]","",""
"","30063","TC_32 [English] - Verify standings shows a team name for each of at least 4 teams","Recent Match Details Page [English]","2026-09-02","broken","2026-09-02","","8. Rankings Tab [English]","",""
"","3111","TC_18 [Vietnamese] - Verify clicking a Trending Series card navigates to the series detail page","Dashboard Validation (Vietnamese)","2026-09-02","passed","2026-09-02","","","",""
"","175","TC_27 [English] - Verify Passing section shows stat comparison values","Upcoming Match Details Page [English]","2026-09-02","passed","2026-09-02","","6. Stats Tab [English]","",""
"","40059","TC_10 [Vietnamese] - Verify the user is redirected to the Login/Landing page after logout","Logout (Vietnamese)","2026-09-02","broken","2026-09-02","","2. Logout Execution & Redirect [Vietnamese]","",""
"","5469","TC_10 [Vietnamese] - Verify navigation to CONMEBOL Sudamericana 2026 and URL/heading are correct","Tournament Pages [Vietnamese]","2026-09-02","passed","2026-09-02","","CONMEBOL Sudamericana 2026 [Vietnamese]","",""
"","196","TC_09 [English] - Verify win prediction section heading is displayed","Upcoming Match Details Page [English]","2026-09-02","passed","2026-09-02","","4. Overview Tab [English]","",""
"","454","TC_04 [English] - All 15 numbered sections are present","Terms of Use (English)","2026-09-02","passed","2026-09-02","","","",""
"","323","TC_06 [English] - Verify clicking Team 2 logo navigates to Team 2 details page and back returns to match","Upcoming Match Details Page [English]","2026-09-02","passed","2026-09-02","","2. Match Header [English]","",""
"","7252","TC_09 [Vietnamese] — An inline validation error/disabled state is shown for an invalid/incomplete phone number","Organic Signup Journey (Vietnamese)","2026-09-02","passed","2026-09-02","","Login/Join Page","",""
"","1516","TC_03 [English] - Verify hero ball image is displayed on Landing page","Landing Page Validation (English)","2026-09-02","passed","2026-09-02","","","",""
"","2508","TC_11 [English] — Phone field normalizes extra formatting characters to digits only","Signup Journey — Join Page (English)","2026-09-02","passed","2026-09-02","","","",""
"","53568","TC_33 [English] — Complete ""Maybe later"" path: Details → OTP → skip Telegram → Welcome → Dashboard","E2E Journey [English]","2026-09-02","broken","2026-09-02","","","",""
"","4090","TC_06 [English] — Country code selector allows changing the default country code to another country","Organic Signup Journey (English)","2026-09-02","passed","2026-09-02","","Login/Join Page","",""
"","283","TC_12 [Vietnamese] - Verify player name labels are visible in the lineup pitch area","Recent Match Details Page [Vietnamese]","2026-09-02","passed","2026-09-02","","4. Lineups Tab [Vietnamese]","",""
"","6163","TC_16 [English] — Numeric only input and wrong OTP shows error","OTP Verification (English)","2026-09-02","passed","2026-09-02","","","",""
"","7145","TC_12 [Vietnamese] - Verify Team Details page is reachable and loads correctly from V-League 1 26/27","Team Details Page [Vietnamese]","2026-09-02","passed","2026-09-02","","1. Cross-Tournament Reachability [Vietnamese]","",""
"","725","TC_03 [Vietnamese] - Verify the Logout option appears only under the Account tab and not other Settings tabs","Logout (Vietnamese)","2026-09-02","passed","2026-09-02","","1. Logout Control Visibility & Non-Destructive Popup Checks [Vietnamese]","",""
"","394","TC_05 [English] - Verify clicking Team 1 logo navigates to Team 1 details page and back returns to match","Upcoming Match Details Page [English]","2026-09-02","passed","2026-09-02","","2. Match Header [English]","",""
"","8512","TC_22 [Vietnamese] — Submitting the already-registered phone number reaches OTP dispatch the same as any number (no duplicate-account path)","Organic Signup Journey (Vietnamese)","2026-09-02","passed","2026-09-02","","End-to-End Journeys — entry points reach OTP dispatch","",""
"","3028","TC_08 [English] - Verify Overview and Matches tabs display content on Brasileiro Serie B 2026 page","Tournament Pages [English]","2026-09-02","passed","2026-09-02","","Brasileiro Serie B 2026 [English]","",""
"","30049","TC_30 [English] - Verify standings displays position numbers 1 through 4","Recent Match Details Page [English]","2026-09-02","broken","2026-09-02","","8. Rankings Tab [English]","",""
"","1837","TC_06 [English] - Verify hero description text element is displayed","Landing Page Validation (English)","2026-09-02","passed","2026-09-02","","","",""
"","110","TC_04 [English] - Verify date/time element in header contains numeric content","Upcoming Match Details Page [English]","2026-09-02","passed","2026-09-02","","2. Match Header [English]","",""
"","52924","TC_22 [English] — Submitting an expired OTP is rejected with an appropriate error message","OTP Verification [English]","2026-09-02","failed","2026-09-02","","","",""
"","3233","TC_19 [Vietnamese] — Network failure during OTP verification shows an appropriate error","OTP Verification [Vietnamese]","2026-09-02","passed","2026-09-02","","","",""
"","43","TC_09 [English] - Verify DATA & PRIVACY section heading is displayed correctly in the Account tab","Profile Page (English)","2026-09-02","passed","2026-09-02","","4. Account Tab","",""
"","7299","TC_14 [English] - Verify the breadcrumb title displays the correct team name","Team Details Page [English]","2026-09-02","passed","2026-09-02","","2. Navigation & Header [English]","",""
"","6710","TC_30 [English] — ""Go to sportsfc.fans"" navigates to the Dashboard","Welcome Page (English)","2026-09-02","passed","2026-09-02","","","",""
"","1520","TC_24 [English] - Verify footer with copyright is displayed at the bottom of the Landing page","Landing Page Validation (English)","2026-09-02","passed","2026-09-02","","","",""
"","67","TC_04 [English] - Verify final score is displayed between team names in match header","Recent Match Details Page [English]","2026-09-02","passed","2026-09-02","","2. Match Header [English]","",""
"","3472","TC_24 [Vietnamese] - Verify Knockout tab presence and Standings tab content on CONMEBOL Libertadores 2026 page","Tournament Pages [Vietnamese]","2026-09-02","passed","2026-09-02","","CONMEBOL Libertadores 2026 [Vietnamese]","",""
"","412","TC_08 [English] - Governing law (Samoa) jurisdiction clause is present","Terms of Use (English)","2026-09-02","passed","2026-09-02","","","",""
"","15039","TC_12 [Vietnamese] - Verify no leftover authenticated data is shown after logout completes","Logout (Vietnamese)","2026-09-02","broken","2026-09-02","","2. Logout Execution & Redirect [Vietnamese]","",""
"","5511","TC_28 [Vietnamese] - Verify navigation to Int. Friendly Games 2026 and URL/heading are correct","Tournament Pages [Vietnamese]","2026-09-02","passed","2026-09-02","","Int. Friendly Games 2026 [Vietnamese]","",""
"","6704","TC_21 [English] - Verify the General Info section displays the FIFA Ranking and points correctly","Team Details Page [English]","2026-09-02","passed","2026-09-02","","3. Stats [English]","",""
"","10058","TC_16 [English] - Verify tapping the favorite icon as a guest prompts sign-up/login","Team Details Page [English]","2026-09-02","passed","2026-09-02","","2. Navigation & Header [English]","",""
"","3822","TC_30 [Vietnamese] - Verify clicking 'Hòa' (Draw) in Guess the Winner triggers the Express Signup popup","Beat SFC [Vietnamese]","2026-09-02","passed","2026-09-02","","Match Details - Beat Aiko Widgets (Pre-login) [Vietnamese]","",""
"","1958","TC_12 [English] — Phone number field sanitizes/rejects script or injection-style input without executing it or causing errors","Details Page [English]","2026-09-02","passed","2026-09-02","","","",""
"","3589","TC_02 [Vietnamese] — Clicking the Login/Signup CTA in the header navigates to the phone number entry page","Organic Signup Journey (Vietnamese)","2026-09-02","passed","2026-09-02","","Guest Dashboard","",""
"","279","TC_27 [English] - Verify team names in match header match team names shown in Lineups tab","Recent Match Details Page [English]","2026-09-02","passed","2026-09-02","","7. Data Consistency [English]","",""
"","6938","TC_12 [English] - Verify Team Details page is reachable and loads correctly from V-League 1 26/27","Team Details Page [English]","2026-09-02","passed","2026-09-02","","1. Cross-Tournament Reachability [English]","",""
"","3452","TC_24 [English] - Verify Knockout tab presence and Standings tab content on CONMEBOL Libertadores 2026 page","Tournament Pages [English]","2026-09-02","passed","2026-09-02","","CONMEBOL Libertadores 2026 [English]","",""
"","180","TC_19 [Vietnamese] - Verify clicking Preferences tab makes it active and loads Language section with language options","Profile Page (Vietnamese)","2026-09-02","passed","2026-09-02","","5. Preferences Tab","",""
"","8897","TC_50 [Vietnamese] - Verify all 7 social channel links open in a new tab and do not navigate away from Profile page","Profile Page (Vietnamese)","2026-09-02","passed","2026-09-02","","10. Edge Cases","",""
"","6044","TC_16 [Vietnamese] - Verify navigation to MLS 2026 and URL/heading are correct","Tournament Pages [Vietnamese]","2026-09-02","passed","2026-09-02","","MLS 2026 [Vietnamese]","",""
"","2878","TC_11 [English] - Verify Overview and Matches tabs display content on CONMEBOL Sudamericana 2026 page","Tournament Pages [English]","2026-09-02","passed","2026-09-02","","CONMEBOL Sudamericana 2026 [English]","",""
"","2541","TC_04 [Vietnamese] - Verify clicking the Match Card (outside the Beat Aiko banner) navigates to Match Details with NO popup","Beat SFC [Vietnamese]","2026-09-02","passed","2026-09-02","","Overview Page - Next Match Widget [Vietnamese]","",""
"","288","TC_37 [Vietnamese] - Verify all 7 social channel icons and rows load without broken images","Profile Page (Vietnamese)","2026-09-02","passed","2026-09-02","","7. Community Tab","",""
"","3818","TC_41 [Vietnamese] - Verify clicking Facebook row redirects to the Facebook page in a new tab","Profile Page (Vietnamese)","2026-09-02","passed","2026-09-02","","8. Community Tab – Social Redirections","",""
"","1562","TC_09 [English] - Verify Personalisation section is displayed","Landing Page Validation (English)","2026-09-02","passed","2026-09-02","","","",""
"","464","TC_42 [English] — Setting a 6-digit code fills the OTP field correctly and triggers submission","OTP Verification — Wrong-Attempt Tests [English]","2026-09-02","passed","2026-09-02","","","",""
"","244","TC_13 [Vietnamese] - Verify Team Statistics section heading is displayed","Recent Match Details Page [Vietnamese]","2026-09-02","passed","2026-09-02","","5. Stats Tab [Vietnamese]","",""
"","4368","TC_40 [English] - Verify 'See 2 more insights' link expands/collapses additional insights without requiring login","Beat SFC [English]","2026-09-02","passed","2026-09-02","","Match Details - Beat Aiko Widgets (Pre-login) [English]","",""
"","280","TC_32 [Vietnamese] - Verify guest user name and Login/Signup button update to English after language switch","Profile Page (Vietnamese)","2026-09-02","passed","2026-09-02","","6. Guest User","",""
"","3656","TC15 [English] — Upcoming match header shows logos, team names, competition and date/time","Smoke Suite [English]","2026-09-02","passed","2026-09-02","","","",""
"","167","TC_12 [English] - Verify player name labels are visible in the lineup pitch area","Recent Match Details Page [English]","2026-09-02","passed","2026-09-02","","4. Lineups Tab [English]","",""
"","142267","TC_07 [English] - Verify Team Details page is reachable and loads correctly from J1 League 26/27","Team Details Page [English]","2026-09-02","skipped","2026-09-02","","1. Cross-Tournament Reachability [English]","",""
"","1670","TC_17 [English] - Verify The Edge section widgets (MATCH PREDICTION, KEY INSIGHTS) are displayed","Landing Page Validation (English)","2026-09-02","passed","2026-09-02","","","",""
"","2891","TC_36 [Vietnamese] - Verify Knockout tab presence and Standings tab content on V-League 1 26/27 page","Tournament Pages [Vietnamese]","2026-09-02","passed","2026-09-02","","V-League 1 26/27 [Vietnamese]","",""
"","1524","TC_18 [English] - Verify Match Prediction widget is displayed in The Edge section","Landing Page Validation (English)","2026-09-02","passed","2026-09-02","","","",""
"","90","TC_07 [Vietnamese] - Verify Preferences tab is the default active tab on page load","Profile Page (Vietnamese)","2026-09-02","passed","2026-09-02","","3. Tab Navigation","",""
"","5380","TC_34 [Vietnamese] — Back button at each step returns to previous step, not forward in flow","E2E Journey [Vietnamese]","2026-09-02","passed","2026-09-02","","","",""
"","5805","TC_21 [English] — Back navigation returns to the Details page","OTP Verification [English]","2026-09-02","passed","2026-09-02","","","",""
"","3854","TC_31 [English] - Verify clicking Team B WIN in Guess the Winner triggers the Express Signup popup","Beat SFC [English]","2026-09-02","passed","2026-09-02","","Match Details - Beat Aiko Widgets (Pre-login) [English]","",""
"","2701","TC_16 [Vietnamese] - Verify clicking the All Matches filter displays filtered match results","Dashboard Validation (Vietnamese)","2026-09-02","passed","2026-09-02","","","",""
"","157","TC_20 [English] - Verify player name labels are visible on both team pitches","Upcoming Match Details Page [English]","2026-09-02","passed","2026-09-02","","5. Lineups Tab [English]","",""
"","3116","TC16 [English] — Clicking a completed match navigates to Match Details page","Smoke Suite [English]","2026-09-02","passed","2026-09-02","","","",""
"","86","TC_12 [Vietnamese] - Verify Privacy Policy row is displayed and clickable","Profile Page (Vietnamese)","2026-09-02","passed","2026-09-02","","4. Account Tab","",""
"","370","TC_16 [English] — 6-box display and Verify OTP requires all 6 digits","OTP Verification [English]","2026-09-02","passed","2026-09-02","","","",""
"","13471","TC_34 [Vietnamese] - Verify switching from one team's page to another's fully refreshes with no stale data","Team Details Page [Vietnamese]","2026-09-02","passed","2026-09-02","","6. Data Integrity [Vietnamese]","",""
