"DESCRIPTION","DURATION IN MS","NAME","PARENT SUITE","START TIME","STATUS","STOP TIME","SUB SUITE","SUITE","TEST CLASS","TEST METHOD"
"","968","TC_09 [Vietnamese] - Verify user can switch between Lineups, Stats, Play by Play and Rankings tabs","Recent Match Details Page [Vietnamese]","2026-08-31","passed","2026-08-31","","3. Match Detail Tabs [Vietnamese]","",""
"","2909","TC_09 [Vietnamese] - Verify Knockout tab presence and Standings tab content on Brasileiro Serie B 2026 page","Tournament Pages [Vietnamese]","2026-08-31","passed","2026-08-31","","Brasileiro Serie B 2026 [Vietnamese]","",""
"","2731","TC_19 [Vietnamese] - Verify clicking an Upcoming match card navigates to the match detail page","Dashboard Validation (Vietnamese)","2026-08-31","passed","2026-08-31","","","",""
"","5561","TC_10 [English] - Verify navigation to CONMEBOL Sudamericana 2026 and URL/heading are correct","Tournament Pages [English]","2026-08-31","passed","2026-08-31","","CONMEBOL Sudamericana 2026 [English]","",""
"","33273","TC_26 [English] - Verify tapping a Recent Result card navigates to that match's Match Details page","Team Details Page [English]","2026-08-31","passed","2026-08-31","","4. Recent Results [English]","",""
"","215","TC_20 [English] - Verify stat rows display numeric comparison values for both teams","Recent Match Details Page [English]","2026-08-31","passed","2026-08-31","","5. Stats Tab [English]","",""
"","10362","TC12 [Vietnamese] — Selecting a tournament from the competition list navigates to its page","Smoke Suite [Vietnamese]","2026-08-31","broken","2026-08-31","","","",""
"","41","TC_23 [Vietnamese] - Verify Play by Play tab is displayed with correct label","Recent Match Details Page [Vietnamese]","2026-08-31","passed","2026-08-31","","6. Play by Play Tab [Vietnamese]","",""
"","5629","TC_21 [Vietnamese] — Back navigation returns to the Details page","OTP Verification [Vietnamese]","2026-08-31","passed","2026-08-31","","","",""
"","3462","TC_51 [English] - Verify Terms of Service, Privacy Policy and Cookie Policy links each redirect to unique pages","Profile Page (English)","2026-08-31","passed","2026-08-31","","10. Edge Cases","",""
"","4528","TC_49 [Vietnamese] - Verify language selection in Preferences tab persists when switching to other tabs and back","Profile Page (Vietnamese)","2026-08-31","passed","2026-08-31","","9. Tab Switching","",""
"","7027","TC_07 [Vietnamese] - Verify Cancel/No on the logout confirmation popup keeps the user logged in","Logout (Vietnamese)","2026-08-31","passed","2026-08-31","","1. Logout Control Visibility & Non-Destructive Popup Checks [Vietnamese]","",""
"","2440","TC_18 [English] - Verify clicking a Trending Series card navigates to the series detail page","Dashboard Validation (English)","2026-08-31","passed","2026-08-31","","","",""
"","1467","TC_15 [English] - Verify Alerts card with FIFA World Cup 2026™ match info is displayed","Landing Page Validation (English)","2026-08-31","passed","2026-08-31","","","",""
"","1934","TC_27 [Vietnamese] - Verify only one language can be selected at a time (mutual exclusion)","Profile Page (Vietnamese)","2026-08-31","passed","2026-08-31","","5. Preferences Tab","",""
"","5142","TC_07 [Vietnamese] - Verify navigation to Brasileiro Serie B 2026 and URL/heading are correct","Tournament Pages [Vietnamese]","2026-08-31","passed","2026-08-31","","Brasileiro Serie B 2026 [Vietnamese]","",""
"","901","TC_41 [English] — Incorrect OTP shows an error and allows the user to retry","OTP Verification — Wrong-Attempt Tests [English]","2026-08-31","passed","2026-08-31","","","",""
"","120242","TC_03 [English] - Verify header shows team logos, team names and competition name","Recent Match Details Page [English]","2026-08-31","broken","2026-08-31","","2. Match Header [English]","",""
"","2784","TC_52 [Vietnamese] - Verify Profile page loads correctly after clearing all browser cache and storage","Profile Page (Vietnamese)","2026-08-31","passed","2026-08-31","","10. Edge Cases","",""
"","237","TC_32 [Vietnamese] - Verify standings shows a team name for each of at least 4 teams","Recent Match Details Page [Vietnamese]","2026-08-31","passed","2026-08-31","","8. Rankings Tab [Vietnamese]","",""
"","5124","TC_08 [Vietnamese] - Verify Overview and Matches tabs display content on Brasileiro Serie B 2026 page","Tournament Pages [Vietnamese]","2026-08-31","passed","2026-08-31","","Brasileiro Serie B 2026 [Vietnamese]","",""
"","19269","TC_34 [English] - Verify switching from one team's page to another's fully refreshes with no stale data","Team Details Page [English]","2026-08-31","passed","2026-08-31","","6. Data Integrity [English]","",""
"","5506","TC_14 [Vietnamese] - Verify Overview and Matches tabs display content on K-League 1 2026 page","Tournament Pages [Vietnamese]","2026-08-31","passed","2026-08-31","","K-League 1 2026 [Vietnamese]","",""
"","85","TC_04 [English] - Verify Profile header displays Guest username and Login/Signup button for guest user","Profile Page (English)","2026-08-31","passed","2026-08-31","","2. Profile Header","",""
"","9764","TC_33 [English] - Verify all sections consistently reflect the same team with no cross-team data leakage","Team Details Page [English]","2026-08-31","passed","2026-08-31","","6. Data Integrity [English]","",""
"","13185","TC_50 [Vietnamese] - Verify all 7 social channel links open in a new tab and do not navigate away from Profile page","Profile Page (Vietnamese)","2026-08-31","passed","2026-08-31","","10. Edge Cases","",""
"","639","TC_17 [Vietnamese] - Verify Terms of Service, Privacy Policy and Cookie Policy all redirect to unique pages","Profile Page (Vietnamese)","2026-08-31","passed","2026-08-31","","4. Account Tab","",""
"","2006","TC13 [Vietnamese] — Team Details page loads for Sevilla via valid URL","Smoke Suite [Vietnamese]","2026-08-31","passed","2026-08-31","","","",""
"","3022","TC17 [Vietnamese] — Completed match header shows logos, team names and competition name","Smoke Suite [Vietnamese]","2026-08-31","passed","2026-08-31","","","",""
"","2079","TC_12 [English] — Phone number field sanitizes/rejects script or injection-style input without executing it or causing errors","Details Page [English]","2026-08-31","passed","2026-08-31","","","",""
"","10066","TC_12 [Vietnamese] - Verify Team Details page is reachable and loads correctly from V-League 1 26/27","Team Details Page [Vietnamese]","2026-08-31","passed","2026-08-31","","1. Cross-Tournament Reachability [Vietnamese]","",""
"","3187","TC_10 [English] - Verify Dashboard page is vertically scrollable","Dashboard Validation (English)","2026-08-31","passed","2026-08-31","","","",""
"","1601","TC_23 [Vietnamese] — Directly navigating to the Link Telegram URL without OTP verification is not blocked [Known defect: route not protected]","OTP Verification [Vietnamese]","2026-08-31","passed","2026-08-31","","","",""
"","4506","TC21 [Vietnamese] — Team name is displayed correctly in the page header","Smoke Suite [Vietnamese]","2026-08-31","passed","2026-08-31","","","",""
"","51","TC_12 [Vietnamese] - Verify Privacy Policy row is displayed and clickable","Profile Page (Vietnamese)","2026-08-31","passed","2026-08-31","","4. Account Tab","",""
"","5381","TC_34 [Vietnamese] - Verify navigation to V-League 1 26/27 and URL/heading are correct","Tournament Pages [Vietnamese]","2026-08-31","passed","2026-08-31","","V-League 1 26/27 [Vietnamese]","",""
"","3293","TC30 [Vietnamese] — User is able to select English and Vietnamese language","Smoke Suite [Vietnamese]","2026-08-31","passed","2026-08-31","","","",""
"","32545","TC_09 [Vietnamese] - Verify Team Details page is reachable and loads correctly from Brasileiro Serie A 2026","Team Details Page [Vietnamese]","2026-08-31","skipped","2026-08-31","","1. Cross-Tournament Reachability [Vietnamese]","",""
"","8863","TC_16 [English] — Numeric only input and wrong OTP shows error","OTP Verification (English)","2026-08-31","passed","2026-08-31","","","",""
"","38","TC_05 [English] - Verify Full Time (FT) status indicator is shown in match header","Recent Match Details Page [English]","2026-08-31","passed","2026-08-31","","2. Match Header [English]","",""
"","141","TC_26 [English] — Reached directly after OTP for an existing account, with the Welcome CTA visible","Blue Moon — Welcome Page (existing/login number) (English)","2026-08-31","passed","2026-08-31","","","",""
"","4075","TC15 [English] — Upcoming match header shows logos, team names, competition and date/time","Smoke Suite [English]","2026-08-31","passed","2026-08-31","","","",""
"","9622","TC_31 [Vietnamese] - Verify no duplicate competition entries are shown for the same tournament","Team Details Page [Vietnamese]","2026-08-31","passed","2026-08-31","","5. Competitions [Vietnamese]","",""
"","9649","TC_12 [English] - Verify Team Details page is reachable and loads correctly from V-League 1 26/27","Team Details Page [English]","2026-08-31","passed","2026-08-31","","1. Cross-Tournament Reachability [English]","",""
"","8971","TC_16 [Vietnamese] - Verify all three Data & Privacy links redirect to their correct pages when clicked in sequence","Profile Page (Vietnamese)","2026-08-31","passed","2026-08-31","","4. Account Tab","",""
"","8167","TC_08 [English] — Submitting a registered phone shows appropriate response","Signup Journey — Join Page (English)","2026-08-31","passed","2026-08-31","","","",""
"","4993","TC_02 [Vietnamese] - Verify Back button navigates user back to the Dashboard","Recent Match Details Page [Vietnamese]","2026-08-31","passed","2026-08-31","","1. Navigation [Vietnamese]","",""
"","3391","TC_47 [Vietnamese] - Verify active tab indicator updates on each tab click","Profile Page (Vietnamese)","2026-08-31","passed","2026-08-31","","9. Tab Switching","",""
"","241","TC_06 [English] - Verify clicking Team 1 logo navigates to Team 1 details page and back returns to match","Recent Match Details Page [English]","2026-08-31","passed","2026-08-31","","2. Match Header [English]","",""
"","132","TC_11 [English] - Verify lineup pitch shows at least 11 players","Recent Match Details Page [English]","2026-08-31","passed","2026-08-31","","4. Lineups Tab [English]","",""
"","6238","TC_04 [English] — Phone accepts numeric input only and enforces correct digit length","Details Page [English]","2026-08-31","passed","2026-08-31","","","",""
"","4981","TC_29 [Vietnamese] - Verify Overview and Matches tabs display content on Int. Friendly Games 2026 page","Tournament Pages [Vietnamese]","2026-08-31","passed","2026-08-31","","Int. Friendly Games 2026 [Vietnamese]","",""
"","10738","TC_06 [Vietnamese] - Verify Team Details page is reachable and loads correctly from MLS 2026","Team Details Page [Vietnamese]","2026-08-31","passed","2026-08-31","","1. Cross-Tournament Reachability [Vietnamese]","",""
"","105","TC_24 [Vietnamese] - Verify English language option displays 🌐 globe icon and English label","Profile Page (Vietnamese)","2026-08-31","passed","2026-08-31","","5. Preferences Tab","",""
"","1128","TC_10 [English] — A valid name is accepted","Blue Moon — Signup Details Page (English)","2026-08-31","passed","2026-08-31","","","",""
"","1697","TC_09 [English] - Cross-reference link to Privacy Policy navigates correctly","Terms of Use (English)","2026-08-31","passed","2026-08-31","","","",""
"","9501","TC_24 [Vietnamese] - Verify each Recent Result card displays the correct result text and score","Team Details Page [Vietnamese]","2026-08-31","passed","2026-08-31","","4. Recent Results [Vietnamese]","",""
"","18332","TC_44 [Vietnamese] - Verify clicking YouTube row redirects to the YouTube channel in a new tab","Profile Page (Vietnamese)","2026-08-31","broken","2026-08-31","","8. Community Tab – Social Redirections","",""
"","5383","TC_19 [Vietnamese] - Verify navigation to J1 League 26/27 and URL/heading are correct","Tournament Pages [Vietnamese]","2026-08-31","passed","2026-08-31","","J1 League 26/27 [Vietnamese]","",""
"","632","TC_05 [English] - No leftover Vietnamese diacritics in English Terms of Use","Terms of Use (English)","2026-08-31","passed","2026-08-31","","","",""
"","7798","TC_09 [Vietnamese] — An inline validation error/disabled state is shown for an invalid/incomplete phone number","Organic Signup Journey (Vietnamese)","2026-08-31","passed","2026-08-31","","Login/Join Page","",""
"","18237","TC_42 [Vietnamese] - Verify clicking Instagram row redirects to the Instagram profile in a new tab","Profile Page (Vietnamese)","2026-08-31","broken","2026-08-31","","8. Community Tab – Social Redirections","",""
"","3126","TC_11 [Vietnamese] - Verify clicking Terms of Service redirects to the Terms of Service page","Profile Page (Vietnamese)","2026-08-31","passed","2026-08-31","","4. Account Tab","",""
"","5448","TC_19 [English] - Verify navigation to J1 League 26/27 and URL/heading are correct","Tournament Pages [English]","2026-08-31","passed","2026-08-31","","J1 League 26/27 [English]","",""
"","5777","TC_25 [English] — An existing/login number goes DIRECTLY to the Welcome page (Download App page is skipped)","Blue Moon — OTP Page (English)","2026-08-31","passed","2026-08-31","","","",""
"","5321","TC_31 [Vietnamese] - Verify navigation to Club Friendly Games 2026 and URL/heading are correct","Tournament Pages [Vietnamese]","2026-08-31","passed","2026-08-31","","Club Friendly Games 2026 [Vietnamese]","",""
"","80","TC_18 [English] - Verify Profile header Login/Signup button remains visible and functional on Account tab","Profile Page (English)","2026-08-31","passed","2026-08-31","","4. Account Tab","",""
"","211","TC_13 [English] - Verify Team Statistics section heading is displayed","Recent Match Details Page [English]","2026-08-31","passed","2026-08-31","","5. Stats Tab [English]","",""
"","1420","TC_12 [English] - Verify Real-Time Feed section is displayed","Landing Page Validation (English)","2026-08-31","passed","2026-08-31","","","",""
"","3143","TC_01 [English] — Both Signup CTAs are visible and enabled","Blue Moon — Landing Page (English)","2026-08-31","passed","2026-08-31","","","",""
"","154","TC_28 [Vietnamese] - Verify Rankings tab label and standings section heading text are correct","Recent Match Details Page [Vietnamese]","2026-08-31","passed","2026-08-31","","8. Rankings Tab [Vietnamese]","",""
"","9648","TC_33 [Vietnamese] - Verify all sections consistently reflect the same team with no cross-team data leakage","Team Details Page [Vietnamese]","2026-08-31","passed","2026-08-31","","6. Data Integrity [Vietnamese]","",""
"","2099","TC_39 [Vietnamese] — Direct URL to Dashboard page allows proceeding without being bounced to login (guest-accessible by design)","Welcome Page — Direct Access [Vietnamese]","2026-08-31","passed","2026-08-31","","","",""
"","15529","TC_06 [Vietnamese] - Verify a confirmation popup appears when Logout is clicked","Logout (Vietnamese)","2026-08-31","passed","2026-08-31","","1. Logout Control Visibility & Non-Destructive Popup Checks [Vietnamese]","",""
"","8279","TC_01 [English] - Verify user is redirected to Match Details page after clicking a completed match","Recent Match Details Page [English]","2026-08-31","passed","2026-08-31","","1. Navigation [English]","",""
"","9365","TC_29 [English] — Page displays correct heading, welcome message and CTA button","Welcome Page (English)","2026-08-31","passed","2026-08-31","","","",""
"","9372","TC_31 [English] — User is fully authenticated on Dashboard after completing signup","Welcome Page (English)","2026-08-31","passed","2026-08-31","","","",""
"","29941","TC_11 [Vietnamese] - Verify Team Details page is reachable and loads correctly from Club Friendly Games 2026","Team Details Page [Vietnamese]","2026-08-31","skipped","2026-08-31","","1. Cross-Tournament Reachability [Vietnamese]","",""
"","4555","TC_49 [English] - Verify language selection in Preferences tab persists when switching to other tabs and back","Profile Page (English)","2026-08-31","passed","2026-08-31","","9. Tab Switching","",""
"","92","TC_23 [English] - Verify Vietnamese language option displays 🇻🇳 flag and Tiếng Việt sub-label","Profile Page (English)","2026-08-31","passed","2026-08-31","","5. Preferences Tab","",""
"","2444","TC_14 [English] - Verify clicking the Today filter displays filtered match results","Dashboard Validation (English)","2026-08-31","passed","2026-08-31","","","",""
"","1177","TC_08 [English] — Non-numeric characters are rejected in the mobile number field","Blue Moon — Signup Details Page (English)","2026-08-31","passed","2026-08-31","","","",""
"","2632","TC_18 [Vietnamese] - Verify clicking a Trending Series card navigates to the series detail page","Dashboard Validation (Vietnamese)","2026-08-31","passed","2026-08-31","","","",""
"","36","TC_15 [Vietnamese] — Resend OTP shows a countdown immediately after the OTP is sent","OTP Verification [Vietnamese]","2026-08-31","passed","2026-08-31","","","",""
"","57","TC_10 [English] - Verify Terms of Service row is displayed and clickable","Profile Page (English)","2026-08-31","passed","2026-08-31","","4. Account Tab","",""
"","9471","TC_27 [Vietnamese] - Verify an appropriate state is shown when the team has no recent results","Team Details Page [Vietnamese]","2026-08-31","passed","2026-08-31","","4. Recent Results [Vietnamese]","",""
"","4969","TC_20 [English] - Verify Overview and Matches tabs display content on J1 League 26/27 page","Tournament Pages [English]","2026-08-31","passed","2026-08-31","","J1 League 26/27 [English]","",""
"","2315","TC_24 [Vietnamese] - Verify clicking Play by Play tab loads match event content","Recent Match Details Page [Vietnamese]","2026-08-31","passed","2026-08-31","","6. Play by Play Tab [Vietnamese]","",""
"","9104","TC_35 [English] — Language (English) persists consistently across all steps of the journey","E2E Journey (English)","2026-08-31","passed","2026-08-31","","","",""
"","383","TC_03 [English] - Verify the Logout option appears only under the Account tab and not other Settings tabs","Logout (English)","2026-08-31","passed","2026-08-31","","1. Logout Control Visibility & Non-Destructive Popup Checks","",""
"","3178","TC_13 [Vietnamese] - Verify clicking Privacy Policy redirects to the Privacy Policy page","Profile Page (Vietnamese)","2026-08-31","passed","2026-08-31","","4. Account Tab","",""
"","5858","TC_45 [Vietnamese] - Verify Profile page URL is correct after navigating away to Dashboard and returning","Profile Page (Vietnamese)","2026-08-31","passed","2026-08-31","","9. Tab Switching","",""
"","25743","TC_36 [Vietnamese] — Language (Vietnamese) persists consistently across all steps of the journey","E2E Journey [Vietnamese]","2026-08-31","broken","2026-08-31","","","",""
"","15043","TC_12 [English] - Verify no leftover authenticated data is shown after logout completes","Logout (English)","2026-08-31","broken","2026-08-31","","2. Logout Execution & Redirect","",""
"","0","TC_27 [English] — Linking a Telegram account already connected to another SportsFC account shows a conflict message [requires conflicted Telegram test account]","","2026-08-31","skipped","2026-08-31","","","",""
"","6062","TC_06 [English] — Inline validation error is shown for an invalid/incomplete phone number","Details Page [English]","2026-08-31","passed","2026-08-31","","","",""
"","10522","TC_22 [Vietnamese] — Submitting the already-registered phone number reaches OTP dispatch the same as any number (no duplicate-account path)","Organic Signup Journey (Vietnamese)","2026-08-31","passed","2026-08-31","","End-to-End Journeys — entry points reach OTP dispatch","",""
"","3545","TC13 [English] — Team Details page loads for Sevilla via valid URL","Smoke Suite [English]","2026-08-31","passed","2026-08-31","","","",""
"","2532","TC_16 [English] — Continue becomes enabled once Name, Mobile and the checkbox are all valid","Blue Moon — Signup Details Page (English)","2026-08-31","passed","2026-08-31","","","",""
"","5786","TC_13 [English] - Verify navigation to K-League 1 2026 and URL/heading are correct","Tournament Pages [English]","2026-08-31","passed","2026-08-31","","K-League 1 2026 [English]","",""
"","1406","TC_05 [English] - Verify hero headline text element is displayed","Landing Page Validation (English)","2026-08-31","passed","2026-08-31","","","",""
"","5576","TC_22 [Vietnamese] - Verify navigation to CONMEBOL Libertadores 2026 and URL/heading are correct","Tournament Pages [Vietnamese]","2026-08-31","passed","2026-08-31","","CONMEBOL Libertadores 2026 [Vietnamese]","",""
"","1628","TC_17 [Vietnamese] — Login/Signup CTA is no longer displayed after successful login, and a profile avatar is shown instead","Organic Signup Journey (Vietnamese)","2026-08-31","passed","2026-08-31","","Post-Login Dashboard and Settings","",""
"","5109","TC_05 [Vietnamese] - Verify Overview and Matches tabs display content on Africa Cup of Nations Qualification 2026 page","Tournament Pages [Vietnamese]","2026-08-31","passed","2026-08-31","","Africa Cup of Nations Qualification 2026 [Vietnamese]","",""
"","1419","TC_03 [English] - Verify hero ball image is displayed on Landing page","Landing Page Validation (English)","2026-08-31","passed","2026-08-31","","","",""
"","9622","TC_07 [English] - Verify Team Details page is reachable and loads correctly from J1 League 26/27","Team Details Page [English]","2026-08-31","passed","2026-08-31","","1. Cross-Tournament Reachability [English]","",""
"","12058","TC_15 [Vietnamese] - Verify the favorite/star icon reacts to a tap","Team Details Page [Vietnamese]","2026-08-31","passed","2026-08-31","","2. Navigation & Header [Vietnamese]","",""
"","459","TC_37 [Vietnamese] - Verify all 7 social channel icons and rows load without broken images","Profile Page (Vietnamese)","2026-08-31","passed","2026-08-31","","7. Community Tab","",""
"","100","TC_18 [Vietnamese] - Verify Profile header Login/Signup button remains visible and functional on Account tab","Profile Page (Vietnamese)","2026-08-31","passed","2026-08-31","","4. Account Tab","",""
"","1667","TC_20 [English] - Verify The Edge section 'Sign Up' button is displayed and redirects correctly","Landing Page Validation (English)","2026-08-31","passed","2026-08-31","","","",""
"","9630","TC_22 [Vietnamese] - Verify the Recent Results section displays the team's recent matches","Team Details Page [Vietnamese]","2026-08-31","passed","2026-08-31","","4. Recent Results [Vietnamese]","",""
"","2709","TC_08 [English] - Verify Recent Result cards display completed match information","Dashboard Validation (English)","2026-08-31","passed","2026-08-31","","","",""
"","4002","TC_07 [English] - Verify View All option is displayed in the Upcoming section and user is redirected to the Upcoming Matches page after clicking it","Dashboard Validation (English)","2026-08-31","passed","2026-08-31","","","",""
"","2526","TC_30 [English] - Verify Knockout tab presence and Standings tab content on Int. Friendly Games 2026 page","Tournament Pages [English]","2026-08-31","passed","2026-08-31","","Int. Friendly Games 2026 [English]","",""
"","2181","TC_02 [Vietnamese] - Verify Dashboard Logo is displayed","Dashboard Validation (Vietnamese)","2026-08-31","passed","2026-08-31","","","",""
"","9562","TC_27 [English] - Verify an appropriate state is shown when the team has no recent results","Team Details Page [English]","2026-08-31","passed","2026-08-31","","4. Recent Results [English]","",""
"","36","TC_09 [English] - Verify DATA & PRIVACY section heading is displayed correctly in the Account tab","Profile Page (English)","2026-08-31","passed","2026-08-31","","4. Account Tab","",""
"","121","TC_19 [Vietnamese] - Verify clicking Preferences tab makes it active and loads Language section with language options","Profile Page (Vietnamese)","2026-08-31","passed","2026-08-31","","5. Preferences Tab","",""
"","3053","TC_15 [Vietnamese] - Verify Knockout tab presence and Standings tab content on K-League 1 2026 page","Tournament Pages [Vietnamese]","2026-08-31","passed","2026-08-31","","K-League 1 2026 [Vietnamese]","",""
"","53246","TC_22 [Vietnamese] — Submitting an expired OTP is rejected with an appropriate error message","OTP Verification [Vietnamese]","2026-08-31","failed","2026-08-31","","","",""
"","25882","TC_33 [Vietnamese] — Complete ""Để sau"" path: Details → OTP → skip Telegram → Welcome → Dashboard","E2E Journey [Vietnamese]","2026-08-31","broken","2026-08-31","","","",""
"","9971","TC_02 [English] - Verify Team Details page is reachable and loads correctly from Africa Cup of Nations Qualification 2026","Team Details Page [English]","2026-08-31","passed","2026-08-31","","1. Cross-Tournament Reachability [English]","",""
"","5310","TC_31 [English] - Verify navigation to Club Friendly Games 2026 and URL/heading are correct","Tournament Pages [English]","2026-08-31","passed","2026-08-31","","Club Friendly Games 2026 [English]","",""
"","35","TC_34 [English] - Verify the JOIN OUR PUBLIC CHANNELS section heading is displayed correctly","Profile Page (English)","2026-08-31","passed","2026-08-31","","7. Community Tab","",""
"","9847","TC_13 [Vietnamese] - Verify the back arrow navigates to the previous page","Team Details Page [Vietnamese]","2026-08-31","passed","2026-08-31","","2. Navigation & Header [Vietnamese]","",""
"","67","TC_07 [English] - Verify Preferences tab is the default active tab on page load","Profile Page (English)","2026-08-31","passed","2026-08-31","","3. Tab Navigation","",""
"","2586","TC_11 [English] — Phone field normalizes extra formatting characters to digits only","Signup Journey — Join Page (English)","2026-08-31","passed","2026-08-31","","","",""
"","2457","TC_32 [English] - Verify an invalid/non-existent team slug is handled gracefully","Team Details Page [English]","2026-08-31","passed","2026-08-31","","6. Data Integrity [English]","",""
"","5790","TC05 [English] — Correct OTP navigates user to Link Telegram page","Smoke Suite [English]","2026-08-31","passed","2026-08-31","","","",""
"","7980","TC_18 [English] — Resend OTP shows countdown immediately after page load","OTP Verification (English)","2026-08-31","passed","2026-08-31","","","",""
"","4792","TC_24 [English] - Verify Knockout tab presence and Standings tab content on CONMEBOL Libertadores 2026 page","Tournament Pages [English]","2026-08-31","passed","2026-08-31","","CONMEBOL Libertadores 2026 [English]","",""
"","6492","TC22 [English] — Team logo/crest is displayed correctly","Smoke Suite [English]","2026-08-31","passed","2026-08-31","","","",""
"","6408","TC22 [Vietnamese] — Team logo/crest is displayed correctly","Smoke Suite [Vietnamese]","2026-08-31","passed","2026-08-31","","","",""
"","31","TC_23 [English] - Verify Play by Play tab is displayed with correct label","Recent Match Details Page [English]","2026-08-31","passed","2026-08-31","","6. Play by Play Tab [English]","",""
"","146","TC_20 [Vietnamese] - Verify stat rows display numeric comparison values for both teams","Recent Match Details Page [Vietnamese]","2026-08-31","passed","2026-08-31","","5. Stats Tab [Vietnamese]","",""
"","10854","TC_36 [English] — User who exits at Link Telegram can resume onboarding on return","E2E Journey (English)","2026-08-31","passed","2026-08-31","","","",""
"","425","TC_17 [English] — OTP field accepts numeric input only","OTP Verification [English]","2026-08-31","passed","2026-08-31","","","",""
"","5705","TC_01 [Vietnamese] — Sign Up CTA on landing navigates to the Details page","Red Journey V4 (Vietnamese) — Landing Page","2026-08-31","passed","2026-08-31","","","",""
"","1565","TC_11 [English] - Verify Personalisation section 'Sign Up' button is displayed and redirects correctly","Landing Page Validation (English)","2026-08-31","passed","2026-08-31","","","",""
"","9643","TC_18 [English] - Verify the team name and competition context line display correctly","Team Details Page [English]","2026-08-31","passed","2026-08-31","","2. Navigation & Header [English]","",""
"","2890","TC_56 [English] - Verify Profile page is fully responsive on mobile viewport 375x667","Profile Page (English)","2026-08-31","passed","2026-08-31","","11. UI & Responsive","",""
"","4758","TC20 [English] — Team Details page loads successfully via an upcoming match's team link","Smoke Suite [English]","2026-08-31","passed","2026-08-31","","","",""
"","9611","TC_19 [Vietnamese] - Verify Group position and Last 10 record display correctly for a club team","Team Details Page [Vietnamese]","2026-08-31","passed","2026-08-31","","3. Stats [Vietnamese]","",""
"","120220","TC_03 [Vietnamese] - Verify header shows team logos, team names and competition name","Recent Match Details Page [Vietnamese]","2026-08-31","broken","2026-08-31","","2. Match Header [Vietnamese]","",""
"","595","TC_17 [English] - Verify Terms of Service, Privacy Policy and Cookie Policy all redirect to unique pages","Profile Page (English)","2026-08-31","passed","2026-08-31","","4. Account Tab","",""
"","981","TC_40 [English] — Verify OTP button stays disabled until the 6th digit is entered, then a submission is triggered","OTP Verification — Wrong-Attempt Tests [English]","2026-08-31","passed","2026-08-31","","","",""
"","23310","TC_10 [English] — Repeated rapid Sign Up submissions are rate-limited or accepted","Details Page [English]","2026-08-31","passed","2026-08-31","","","",""
"","53","TC_10 [Vietnamese] - Verify Terms of Service row is displayed and clickable","Profile Page (Vietnamese)","2026-08-31","passed","2026-08-31","","4. Account Tab","",""
"","401","TC_03 [Vietnamese] - Verify the Logout option appears only under the Account tab and not other Settings tabs","Logout (Vietnamese)","2026-08-31","passed","2026-08-31","","1. Logout Control Visibility & Non-Destructive Popup Checks [Vietnamese]","",""
"","1662","TC_03 [English] — Clicking the second Signup CTA navigates to the same Signup Details page","Blue Moon — Landing Page (English)","2026-08-31","passed","2026-08-31","","","",""
"","2620","TC_09 [English] — A number shorter than 10 digits keeps Continue disabled","Blue Moon — Signup Details Page (English)","2026-08-31","passed","2026-08-31","","","",""
"","38727","TC_17 [Vietnamese] - Verify clicking a Today Match card navigates to the match detail page","Dashboard Validation (Vietnamese)","2026-08-31","broken","2026-08-31","","","",""
"","7035","TC08 [Vietnamese] — User is fully authenticated on Dashboard after completing signup","Smoke Suite [Vietnamese]","2026-08-31","passed","2026-08-31","","","",""
"","3091","TC_07 [Vietnamese] — Terms/Privacy links preserve the entered phone number","Details Page [Vietnamese]","2026-08-31","passed","2026-08-31","","","",""
"","40047","TC_10 [English] - Verify the user is redirected to the Login/Landing page after logout","Logout (English)","2026-08-31","broken","2026-08-31","","2. Logout Execution & Redirect","",""
"","197","TC_16 [English] - Verify Defense section shows numeric stat comparison values","Recent Match Details Page [English]","2026-08-31","passed","2026-08-31","","5. Stats Tab [English]","",""
"","5694","TC_41 [Vietnamese] - Verify clicking Facebook row redirects to the Facebook page in a new tab","Profile Page (Vietnamese)","2026-08-31","passed","2026-08-31","","8. Community Tab – Social Redirections","",""
"","30130","TC_29 [English] - Verify standings table shows at least 4 team entries","Recent Match Details Page [English]","2026-08-31","failed","2026-08-31","","8. Rankings Tab [English]","",""
"","12387","TC_23 [English] — Network failure during OTP verification shows an appropriate error","OTP Verification (English)","2026-08-31","passed","2026-08-31","","","",""
"","498","TC_08 [English] - Governing law (Samoa) jurisdiction clause is present","Terms of Use (English)","2026-08-31","passed","2026-08-31","","","",""
"","6922","TC_08 [English] — An inline validation error/disabled state is shown when Continue is clicked with an empty phone number field","Organic Signup Journey (English)","2026-08-31","passed","2026-08-31","","Login/Join Page","",""
"","2766","TC26 [Vietnamese] — Profile header displays Guest state and Login/Signup button","Smoke Suite [Vietnamese]","2026-08-31","passed","2026-08-31","","","",""
"","9843","TC_10 [Vietnamese] - Verify Team Details page is reachable and loads correctly from Int. Friendly Games 2026","Team Details Page [Vietnamese]","2026-08-31","passed","2026-08-31","","1. Cross-Tournament Reachability [Vietnamese]","",""
"","2911","TC_15 [English] - Verify clicking Cookie Policy redirects to the Cookie Policy page","Profile Page (English)","2026-08-31","passed","2026-08-31","","4. Account Tab","",""
"","2970","TC_11 [English] - Verify clicking Terms of Service redirects to the Terms of Service page","Profile Page (English)","2026-08-31","passed","2026-08-31","","4. Account Tab","",""
"","515","TC_13 [Vietnamese] — ""Verify OTP""/""Xác minh OTP"" button remains disabled until all 6 digits are entered","Organic Signup Journey (Vietnamese)","2026-08-31","passed","2026-08-31","","OTP Page — submission and display","",""
"","10206","TC_30 [Vietnamese] - Verify the Competitions list remains reachable when scrolled","Team Details Page [Vietnamese]","2026-08-31","passed","2026-08-31","","5. Competitions [Vietnamese]","",""
"","886","TC_41 [Vietnamese] — Incorrect OTP shows an error and allows the user to retry","OTP Verification — Wrong-Attempt Tests [Vietnamese]","2026-08-31","passed","2026-08-31","","","",""
"","1372","TC_18 [English] - Verify Match Prediction widget is displayed in The Edge section","Landing Page Validation (English)","2026-08-31","passed","2026-08-31","","","",""
"","3321","TC_11 [Vietnamese] — Valid phone number triggers OTP dispatch and navigates to the OTP verification page","Organic Signup Journey (Vietnamese)","2026-08-31","passed","2026-08-31","","OTP Page — submission and display","",""
"","3552","TC_07 [English] — Terms/Privacy links preserve the entered phone number","Details Page [English]","2026-08-31","passed","2026-08-31","","","",""
"","807","TC_11 [English] - Verify protected pages are not accessible after logout via browser Back button","Logout (English)","2026-08-31","passed","2026-08-31","","2. Logout Execution & Redirect","",""
"","31970","TC_09 [English] - Verify Team Details page is reachable and loads correctly from Brasileiro Serie A 2026","Team Details Page [English]","2026-08-31","skipped","2026-08-31","","1. Cross-Tournament Reachability [English]","",""
"","611","TC_26 [English] - Verify selecting Vietnamese highlights it with a filled selection indicator","Profile Page (English)","2026-08-31","passed","2026-08-31","","5. Preferences Tab","",""
"","83568","TC_09 [English] - Verify Ok/Yes on the logout confirmation popup logs the user out","Logout (English)","2026-08-31","failed","2026-08-31","","2. Logout Execution & Redirect","",""
"","9400","TC_32 [English] — Complete ""Maybe later"" path: join → OTP → skip Telegram → welcome → Dashboard","E2E Journey (English)","2026-08-31","passed","2026-08-31","","","",""
"","25650","TC_36 [English] — Language (English) persists consistently across all steps of the journey","E2E Journey [English]","2026-08-31","broken","2026-08-31","","","",""
"","20100","TC12 [English] — Selecting a tournament from the competition list navigates to its page","Smoke Suite [English]","2026-08-31","broken","2026-08-31","","","",""
"","4349","TC_38 [English] - Verify clicking WhatsApp row redirects to the WhatsApp channel in a new tab","Profile Page (English)","2026-08-31","passed","2026-08-31","","8. Community Tab – Social Redirections","",""
"","34","TC_05 [Vietnamese] - Verify Full Time (FT/KT) status indicator is shown in match header","Recent Match Details Page [Vietnamese]","2026-08-31","passed","2026-08-31","","2. Match Header [Vietnamese]","",""
"","3141","TC_01 [English] - Verify Landing page URL","Landing Page Validation (English)","2026-08-31","passed","2026-08-31","","","",""
"","5445","TC_07 [Vietnamese] — Phone number field accepts only numeric input and enforces correct digit length for the selected country","Organic Signup Journey (Vietnamese)","2026-08-31","passed","2026-08-31","","Login/Join Page","",""
"","866","TC_11 [Vietnamese] - Verify protected pages are not accessible after logout via browser Back button","Logout (Vietnamese)","2026-08-31","passed","2026-08-31","","2. Logout Execution & Redirect [Vietnamese]","",""
"","989","TC_04 [English] — English heading, sub-heading and description are displayed correctly","Blue Moon — Signup Details Page (English)","2026-08-31","passed","2026-08-31","","","",""
"","2285","TC_11 [Vietnamese] — Phone numbers with extra formatting characters (spaces, dashes, leading zero) are normalized consistently","Details Page [Vietnamese]","2026-08-31","passed","2026-08-31","","","",""
"","5013","TC_35 [English] - Verify Overview and Matches tabs display content on V-League 1 26/27 page","Tournament Pages [English]","2026-08-31","passed","2026-08-31","","V-League 1 26/27 [English]","",""
"","26332","TC_38 [Vietnamese] — Signup journey renders and functions correctly on a mobile viewport","E2E Journey [Vietnamese]","2026-08-31","broken","2026-08-31","","","",""
"","12726","TC_05 [English] - Verify Team Details page is reachable and loads correctly from K-League 1 2026","Team Details Page [English]","2026-08-31","passed","2026-08-31","","1. Cross-Tournament Reachability [English]","",""
"","3234","TC_18 [English] - Verify Knockout tab presence and Standings tab content on MLS 2026 page","Tournament Pages [English]","2026-08-31","passed","2026-08-31","","MLS 2026 [English]","",""
"","5309","TC_04 [English] - Verify navigation to Africa Cup of Nations Qualification 2026 and URL/heading are correct","Tournament Pages [English]","2026-08-31","passed","2026-08-31","","Africa Cup of Nations Qualification 2026 [English]","",""
"","39274","TC_16 [Vietnamese] - Verify clicking the All Matches filter displays filtered match results","Dashboard Validation (Vietnamese)","2026-08-31","failed","2026-08-31","","","",""
"","5034","TC_02 [English] - Verify Back button navigates user back to the Dashboard","Recent Match Details Page [English]","2026-08-31","passed","2026-08-31","","1. Navigation [English]","",""
"","5454","TC_06 [English] — Short phone number is rejected or triggers validation","Signup Journey — Join Page (English)","2026-08-31","passed","2026-08-31","","","",""
"","71164","TC_05 [Vietnamese] — Inline validation error is shown when Sign Up is clicked with an empty phone number field","Details Page [Vietnamese]","2026-08-31","passed","2026-08-31","","","",""
"","2638","TC_03 [Vietnamese] - Verify Profile Icon is displayed","Dashboard Validation (Vietnamese)","2026-08-31","passed","2026-08-31","","","",""
"","8439","TC_01 [Vietnamese] - Verify user is redirected to Match Details page after clicking a completed match","Recent Match Details Page [Vietnamese]","2026-08-31","passed","2026-08-31","","1. Navigation [Vietnamese]","",""
"","9962","TC_14 [English] - Verify the breadcrumb title displays the correct team name","Team Details Page [English]","2026-08-31","passed","2026-08-31","","2. Navigation & Header [English]","",""
"","2116","TC_01 [English] — Sign Up CTA on landing navigates to the join page","Signup Journey — Landing Page (English)","2026-08-31","passed","2026-08-31","","","",""
"","3394","TC_47 [English] - Verify active tab indicator updates on each tab click","Profile Page (English)","2026-08-31","passed","2026-08-31","","9. Tab Switching","",""
"","5543","TC_25 [English] - Verify navigation to Brasileiro Serie A 2026 and URL/heading are correct","Tournament Pages [English]","2026-08-31","passed","2026-08-31","","Brasileiro Serie A 2026 [English]","",""
"","2437","TC_15 [English] - Verify clicking the Tomorrow filter displays filtered match results","Dashboard Validation (English)","2026-08-31","passed","2026-08-31","","","",""
"","8535","TC_05 [English] - Verify the Logout button is reachable and operable via keyboard","Logout (English)","2026-08-31","passed","2026-08-31","","1. Logout Control Visibility & Non-Destructive Popup Checks","",""
"","172","TC_21 [Vietnamese] - Verify Match Information section heading is displayed","Recent Match Details Page [Vietnamese]","2026-08-31","passed","2026-08-31","","5. Stats Tab [Vietnamese]","",""
"","1020","TC_05 [English] — Sign Up is disabled on empty form","Signup Journey — Join Page (English)","2026-08-31","passed","2026-08-31","","","",""
"","124","TC_19 [English] - Verify clicking Preferences tab makes it active and loads Language section with language options","Profile Page (English)","2026-08-31","passed","2026-08-31","","5. Preferences Tab","",""
"","3508","TC14 [Vietnamese] — Clicking an upcoming match card navigates to Match Details page","Smoke Suite [Vietnamese]","2026-08-31","passed","2026-08-31","","","",""
"","1464","TC_08 [English] - Verify all four feature cards are displayed","Landing Page Validation (English)","2026-08-31","passed","2026-08-31","","","",""
"","5173","TC_18 [English] — Resend OTP after the countdown expires sends a new OTP and resets the timer","OTP Verification [English]","2026-08-31","passed","2026-08-31","","","",""
"","4163","TC_06 [English] - Verify Knockout tab presence and Standings tab content on Africa Cup of Nations Qualification 2026 page","Tournament Pages [English]","2026-08-31","passed","2026-08-31","","Africa Cup of Nations Qualification 2026 [English]","",""
"","77","TC_02 [English] - Verify the Logout button displays the correct label and icon","Logout (English)","2026-08-31","passed","2026-08-31","","1. Logout Control Visibility & Non-Destructive Popup Checks","",""
"","5543","TC_07 [English] - Verify navigation to Brasileiro Serie B 2026 and URL/heading are correct","Tournament Pages [English]","2026-08-31","passed","2026-08-31","","Brasileiro Serie B 2026 [English]","",""
"","3408","TC_01 [English] - Verify Dashboard URL","Dashboard Validation (English)","2026-08-31","passed","2026-08-31","","","",""
"","625","TC_26 [Vietnamese] - Verify selecting Vietnamese highlights it with a filled selection indicator","Profile Page (Vietnamese)","2026-08-31","passed","2026-08-31","","5. Preferences Tab","",""
"","2016","TC_12 [Vietnamese] — Phone number field sanitizes/rejects script or injection-style input without executing it or causing errors","Details Page [Vietnamese]","2026-08-31","passed","2026-08-31","","","",""
"","981","TC_40 [Vietnamese] — Verify OTP button stays disabled until the 6th digit is entered, then a submission is triggered","OTP Verification — Wrong-Attempt Tests [Vietnamese]","2026-08-31","passed","2026-08-31","","","",""
"","243","TC_29 [Vietnamese] - Verify standings table shows at least 4 team entries","Recent Match Details Page [Vietnamese]","2026-08-31","failed","2026-08-31","","8. Rankings Tab [Vietnamese]","",""
"","134","TC_08 [Vietnamese] - Verify clicking Account tab makes it active and loads DATA & PRIVACY section with all three rows","Profile Page (Vietnamese)","2026-08-31","passed","2026-08-31","","4. Account Tab","",""
"","157","TC_11 [Vietnamese] - Verify lineup pitch shows at least 11 players","Recent Match Details Page [Vietnamese]","2026-08-31","passed","2026-08-31","","4. Lineups Tab [Vietnamese]","",""
"","1832","TC_06 [English] - Verify hero description text element is displayed","Landing Page Validation (English)","2026-08-31","passed","2026-08-31","","","",""
"","1218","TC_18 [English] — The T&C checkbox has visible, legible consent text","Blue Moon — Signup Details Page (English)","2026-08-31","passed","2026-08-31","","","",""
"","2565","TC_33 [Vietnamese] - Verify Knockout tab presence and Standings tab content on Club Friendly Games 2026 page","Tournament Pages [Vietnamese]","2026-08-31","passed","2026-08-31","","Club Friendly Games 2026 [Vietnamese]","",""
"","2862","TC_10 [Vietnamese] - Verify Dashboard page is vertically scrollable","Dashboard Validation (Vietnamese)","2026-08-31","passed","2026-08-31","","","",""
"","5130","TC_28 [Vietnamese] - Verify navigation to Int. Friendly Games 2026 and URL/heading are correct","Tournament Pages [Vietnamese]","2026-08-31","passed","2026-08-31","","Int. Friendly Games 2026 [Vietnamese]","",""
"","4397","TC_40 [English] - Verify clicking Telegram row redirects to the Telegram channel in a new tab","Profile Page (English)","2026-08-31","passed","2026-08-31","","8. Community Tab – Social Redirections","",""
"","98","TC_23 [Vietnamese] - Verify Vietnamese language option displays 🇻🇳 flag and Tiếng Việt sub-label","Profile Page (Vietnamese)","2026-08-31","passed","2026-08-31","","5. Preferences Tab","",""
"","240","TC_14 [Vietnamese] - Verify Team Statistics section shows numeric stat comparison values","Recent Match Details Page [Vietnamese]","2026-08-31","passed","2026-08-31","","5. Stats Tab [Vietnamese]","",""
"","680","TC_01 [English] - Terms of Use page loads in English with correct heading","Terms of Use (English)","2026-08-31","passed","2026-08-31","","","",""
"","3383","TC_58 [Vietnamese] - Verify no broken images or missing icons on the Profile page across all three tabs","Profile Page (Vietnamese)","2026-08-31","passed","2026-08-31","","11. UI & Responsive","",""
"","1403","TC09 [English] — Guest user can access Dashboard page successfully","Smoke Suite [English]","2026-08-31","passed","2026-08-31","","","",""
"","3241","TC_46 [Vietnamese] - Verify switching between all three tabs works correctly with no content overlap","Profile Page (Vietnamese)","2026-08-31","passed","2026-08-31","","9. Tab Switching","",""
"","5432","TC03 [Vietnamese] — Existing account phone submission on Join page is handled appropriately","Smoke Suite [Vietnamese]","2026-08-31","passed","2026-08-31","","","",""
"","3664","TC_01 [Vietnamese] - Verify Profile page loads successfully via direct URL with all three tabs visible","Profile Page (Vietnamese)","2026-08-31","passed","2026-08-31","","1. Page Load","",""
"","399","TC_28 [English] - Verify switching to Vietnamese changes the entire page UI language to Vietnamese","Profile Page (English)","2026-08-31","passed","2026-08-31","","5. Preferences Tab","",""
"","5427","TC_17 [Vietnamese] - Verify Overview and Matches tabs display content on MLS 2026 page","Tournament Pages [Vietnamese]","2026-08-31","passed","2026-08-31","","MLS 2026 [Vietnamese]","",""
"","3180","TC_09 [English] - Verify Knockout tab presence and Standings tab content on Brasileiro Serie B 2026 page","Tournament Pages [English]","2026-08-31","passed","2026-08-31","","Brasileiro Serie B 2026 [English]","",""
"","30008","TC_03 [Vietnamese] - Verify Team Details page is reachable and loads correctly from Brasileiro Serie B 2026","Team Details Page [Vietnamese]","2026-08-31","skipped","2026-08-31","","1. Cross-Tournament Reachability [Vietnamese]","",""
"","3144","TC_55 [Vietnamese] - Verify Login/Signup button is visible across all three profile tabs for a guest user","Profile Page (Vietnamese)","2026-08-31","passed","2026-08-31","","10. Edge Cases","",""
"","5644","TC_13 [Vietnamese] - Verify navigation to K-League 1 2026 and URL/heading are correct","Tournament Pages [Vietnamese]","2026-08-31","passed","2026-08-31","","K-League 1 2026 [Vietnamese]","",""
"","528","TC_21 [English] — An incorrect OTP shows an error and keeps the user on the OTP page","Blue Moon — OTP Page (English)","2026-08-31","passed","2026-08-31","","","",""
"","3466","TC_03 [English] — Country code selector defaults to +91 and can be changed to another country","Details Page [English]","2026-08-31","failed","2026-08-31","","","",""
"","1565","TC_23 [Vietnamese] — A logged-in user directly navigating to the login/join URL is redirected to the Dashboard instead of the phone entry page","Organic Signup Journey (Vietnamese)","2026-08-31","passed","2026-08-31","","Post-Login Dashboard and Settings","",""
"","514","TC_42 [English] — Setting a 6-digit code fills the OTP field correctly and triggers submission","OTP Verification — Wrong-Attempt Tests [English]","2026-08-31","passed","2026-08-31","","","",""
"","6335","TC_03 [Vietnamese] — Clicking the profile icon as a guest redirects to Settings > Preferences tab, where a Login/Signup CTA is displayed","Organic Signup Journey (Vietnamese)","2026-08-31","passed","2026-08-31","","Guest Dashboard","",""
"","59455","TC_06 [English] - Verify Today Matches, Trending Series, Upcoming Matches and Recent Results sections are displayed on the Dashboard page","Dashboard Validation (English)","2026-08-31","failed","2026-08-31","","","",""
"","5741","TC_25 [Vietnamese] - Verify navigation to Brasileiro Serie A 2026 and URL/heading are correct","Tournament Pages [Vietnamese]","2026-08-31","passed","2026-08-31","","Brasileiro Serie A 2026 [Vietnamese]","",""
"","211","TC_17 [English] - Verify Goalkeeping section is displayed with Corners stat row","Recent Match Details Page [English]","2026-08-31","passed","2026-08-31","","5. Stats Tab [English]","",""
"","12503","TC_50 [English] - Verify all 7 social channel links open in a new tab and do not navigate away from Profile page","Profile Page (English)","2026-08-31","passed","2026-08-31","","10. Edge Cases","",""
"","2896","TC_01 [Vietnamese] - Verify Dashboard URL","Dashboard Validation (Vietnamese)","2026-08-31","passed","2026-08-31","","","",""
"","5631","TC_22 [English] - Verify navigation to CONMEBOL Libertadores 2026 and URL/heading are correct","Tournament Pages [English]","2026-08-31","passed","2026-08-31","","CONMEBOL Libertadores 2026 [English]","",""
"","3535","TC_03 [Vietnamese] — Country code selector defaults to +91 and can be changed to another country","Details Page [Vietnamese]","2026-08-31","failed","2026-08-31","","","",""
"","5299","TC_28 [English] - Verify navigation to Int. Friendly Games 2026 and URL/heading are correct","Tournament Pages [English]","2026-08-31","passed","2026-08-31","","Int. Friendly Games 2026 [English]","",""
"","6330","TC06 [Vietnamese] — ""Để sau"" on Link Telegram navigates to Welcome page without linking Telegram","Smoke Suite [Vietnamese]","2026-08-31","passed","2026-08-31","","","",""
"","2929","TC_56 [Vietnamese] - Verify Profile page is fully responsive on mobile viewport 375x667","Profile Page (Vietnamese)","2026-08-31","passed","2026-08-31","","11. UI & Responsive","",""
"","4100","TC_03 [Vietnamese] - Verify Back arrow navigates the user away from the Profile page","Profile Page (Vietnamese)","2026-08-31","passed","2026-08-31","","1. Page Load","",""
"","3985","TC_38 [Vietnamese] - Verify clicking WhatsApp row redirects to the WhatsApp channel in a new tab","Profile Page (Vietnamese)","2026-08-31","passed","2026-08-31","","8. Community Tab – Social Redirections","",""
"","218","TC_14 [English] - Verify Team Statistics section shows numeric stat comparison values","Recent Match Details Page [English]","2026-08-31","passed","2026-08-31","","5. Stats Tab [English]","",""
"","230","TC_18 [English] - Verify Passing section heading is displayed","Recent Match Details Page [English]","2026-08-31","passed","2026-08-31","","5. Stats Tab [English]","",""
"","1860","TC_27 [English] - Verify only one language can be selected at a time (mutual exclusion)","Profile Page (English)","2026-08-31","passed","2026-08-31","","5. Preferences Tab","",""
"","9485","TC_17 [English] - Verify the team crest/flag icon displays correctly","Team Details Page [English]","2026-08-31","passed","2026-08-31","","2. Navigation & Header [English]","",""
"","6135","TC_01 [Vietnamese] — Guest user can access the Dashboard directly and the Login/Signup CTA is displayed in the header","Organic Signup Journey (Vietnamese)","2026-08-31","passed","2026-08-31","","Guest Dashboard","",""
"","3538","TC16 [Vietnamese] — Clicking a completed match navigates to Match Details page","Smoke Suite [Vietnamese]","2026-08-31","passed","2026-08-31","","","",""
"","4157","TC_12 [Vietnamese] - Verify Knockout tab presence and Standings tab content on CONMEBOL Sudamericana 2026 page","Tournament Pages [Vietnamese]","2026-08-31","passed","2026-08-31","","CONMEBOL Sudamericana 2026 [Vietnamese]","",""
"","1273","TC02 [English] — ""Sign up"" CTA on Landing page navigates to sign-up flow","Smoke Suite [English]","2026-08-31","passed","2026-08-31","","","",""
"","2909","TC_57 [Vietnamese] - Verify Profile page layout is correct on tablet viewport 768x1024","Profile Page (Vietnamese)","2026-08-31","passed","2026-08-31","","11. UI & Responsive","",""
"","10","TC_14 [Vietnamese] — Page displays the exact phone number entered on the Details page","OTP Verification [Vietnamese]","2026-08-31","passed","2026-08-31","","","",""
"","7983","TC_05 [English] — Page loads with heading, description, country code selector, phone field, Continue button and reCAPTCHA disclaimer","Organic Signup Journey (English)","2026-08-31","passed","2026-08-31","","Login/Join Page","",""
"","3244","TC_19 [Vietnamese] — Network failure during OTP verification shows an appropriate error","OTP Verification [Vietnamese]","2026-08-31","passed","2026-08-31","","","",""
"","1842","TC_43 [Vietnamese] — Repeated wrong OTP attempts trigger lockout or throttling","OTP Verification — Wrong-Attempt Tests [Vietnamese]","2026-08-31","passed","2026-08-31","","","",""
"","32239","""before all"" hook for TC27-TC28 — Logout [English]","","2026-08-31","broken","2026-08-31","","","",""
"","18679","TC_43 [English] - Verify clicking TikTok row redirects to the TikTok profile in a new tab","Profile Page (English)","2026-08-31","broken","2026-08-31","","8. Community Tab – Social Redirections","",""
"","433","TC_36 [English] - Verify all 7 social channel links are enabled and clickable in the Community tab","Profile Page (English)","2026-08-31","passed","2026-08-31","","7. Community Tab","",""
"","2997","TC_03 [Vietnamese] - Verify Knockout tab presence and Standings tab content on Canadian Premier League 2026 page","Tournament Pages [Vietnamese]","2026-08-31","passed","2026-08-31","","Canadian Premier League 2026 [Vietnamese]","",""
"","5472","TC_26 [Vietnamese] - Verify Overview and Matches tabs display content on Brasileiro Serie A 2026 page","Tournament Pages [Vietnamese]","2026-08-31","passed","2026-08-31","","Brasileiro Serie A 2026 [Vietnamese]","",""
"","1541","TC_14 [English] - Verify Prediction card with Argentina and France data is displayed","Landing Page Validation (English)","2026-08-31","passed","2026-08-31","","","",""
"","2278","TC10 [English] — Clicking the featured-competition promo banner navigates to that competition page","Smoke Suite [English]","2026-08-31","passed","2026-08-31","","","",""
"","8886","TC_14 [English] — 6-box display and verify button requires all 6 digits","OTP Verification (English)","2026-08-31","passed","2026-08-31","","","",""
"","5137","TC_18 [Vietnamese] — Resend OTP after the countdown expires sends a new OTP and resets the timer","OTP Verification [Vietnamese]","2026-08-31","passed","2026-08-31","","","",""
"","1388","TC02 [Vietnamese] — ""Đăng ký"" CTA on Landing page navigates to sign-up flow","Smoke Suite [Vietnamese]","2026-08-31","passed","2026-08-31","","","",""
"","2142","TC_25 [Vietnamese] - Verify Play by Play section shows match event minute indicators","Recent Match Details Page [Vietnamese]","2026-08-31","passed","2026-08-31","","6. Play by Play Tab [Vietnamese]","",""
"","819","TC_09 [English] - Browser tab title contains ""Privacy Policy""","Privacy Policy (English)","2026-08-31","passed","2026-08-31","","","",""
"","918","TC_37 [English] — Direct URL to Dashboard page allows proceeding to Dashboard","Welcome Page — Direct Access (English)","2026-08-31","passed","2026-08-31","","","",""
"","23756","TC_34 [English] — Refreshing the OTP page ends the pending code; refreshing after verification retains the session","E2E Journey (English)","2026-08-31","passed","2026-08-31","","","",""
"","4265","TC_06 [Vietnamese] - Verify Knockout tab presence and Standings tab content on Africa Cup of Nations Qualification 2026 page","Tournament Pages [Vietnamese]","2026-08-31","passed","2026-08-31","","Africa Cup of Nations Qualification 2026 [Vietnamese]","",""
"","4437","TC_29 [Vietnamese] - Verify language selection persists after page refresh","Profile Page (Vietnamese)","2026-08-31","passed","2026-08-31","","5. Preferences Tab","",""
"","6894","TC_08 [Vietnamese] — An inline validation error/disabled state is shown when Continue is clicked with an empty phone number field","Organic Signup Journey (Vietnamese)","2026-08-31","passed","2026-08-31","","Login/Join Page","",""
"","6270","TC06 [English] — ""Maybe later"" on Link Telegram navigates to Welcome page without linking Telegram","Smoke Suite [English]","2026-08-31","passed","2026-08-31","","","",""
"","5067","TC04 [Vietnamese] — Valid new phone triggers OTP dispatch and shows OTP verification page","Smoke Suite [Vietnamese]","2026-08-31","passed","2026-08-31","","","",""
"","90593","TC_09 [Vietnamese] - Verify Ok/Yes on the logout confirmation popup logs the user out","Logout (Vietnamese)","2026-08-31","failed","2026-08-31","","2. Logout Execution & Redirect [Vietnamese]","",""
"","26266","TC_38 [English] — Signup journey renders and functions correctly on a mobile viewport","E2E Journey [English]","2026-08-31","broken","2026-08-31","","","",""
"","12058","TC_15 [English] - Verify the favorite/star icon reacts to a tap","Team Details Page [English]","2026-08-31","passed","2026-08-31","","2. Navigation & Header [English]","",""
"","9603","TC_24 [English] - Verify each Recent Result card displays the correct result text and score","Team Details Page [English]","2026-08-31","passed","2026-08-31","","4. Recent Results [English]","",""
"","924","TC_07 [English] - Liability cap of 100 GBP is stated","Terms of Use (English)","2026-08-31","passed","2026-08-31","","","",""
"","181","TC_13 [Vietnamese] - Verify Team Statistics section heading is displayed","Recent Match Details Page [Vietnamese]","2026-08-31","passed","2026-08-31","","5. Stats Tab [Vietnamese]","",""
"","3990","TC_39 [English] - Verify clicking Viber row redirects to the Viber channel in a new tab","Profile Page (English)","2026-08-31","passed","2026-08-31","","8. Community Tab – Social Redirections","",""
"","2733","TC_19 [English] - Verify clicking an Upcoming match card navigates to the match detail page","Dashboard Validation (English)","2026-08-31","passed","2026-08-31","","","",""
"","9613","TC_19 [English] - Verify Group position and Last 10 record display correctly for a club team","Team Details Page [English]","2026-08-31","passed","2026-08-31","","3. Stats [English]","",""
"","5162","TC_08 [English] - Verify Overview and Matches tabs display content on Brasileiro Serie B 2026 page","Tournament Pages [English]","2026-08-31","passed","2026-08-31","","Brasileiro Serie B 2026 [English]","",""
"","3227","TC25 [Vietnamese] — Profile page loads successfully via direct URL","Smoke Suite [Vietnamese]","2026-08-31","passed","2026-08-31","","","",""
"","2873","TC_54 [English] - Verify Profile page displays correctly on the standard 360×740 viewport","Profile Page (English)","2026-08-31","passed","2026-08-31","","10. Edge Cases","",""
"","20101","TC_13 [English] - Verify Dashboard page loads without any broken UI elements","Dashboard Validation (English)","2026-08-31","passed","2026-08-31","","","",""
"","149","TC_12 [Vietnamese] - Verify player name labels are visible in the lineup pitch area","Recent Match Details Page [Vietnamese]","2026-08-31","passed","2026-08-31","","4. Lineups Tab [Vietnamese]","",""
"","4745","TC_24 [Vietnamese] - Verify Knockout tab presence and Standings tab content on CONMEBOL Libertadores 2026 page","Tournament Pages [Vietnamese]","2026-08-31","passed","2026-08-31","","CONMEBOL Libertadores 2026 [Vietnamese]","",""
"","2553","TC_20 [English] - Verify clicking the Login/Signup button redirects the user to the Login/Signup page","Dashboard Validation (English)","2026-08-31","passed","2026-08-31","","","",""
"","176","TC_21 [English] - Verify Match Information section heading is displayed","Recent Match Details Page [English]","2026-08-31","passed","2026-08-31","","5. Stats Tab [English]","",""
"","34","TC_22 [English] - Verify Used in label with AI Card and Voice chips are displayed inside Language section","Profile Page (English)","2026-08-31","passed","2026-08-31","","5. Preferences Tab","",""
"","4602","TC_03 [English] — Country code defaults to +91 (India) and the dropdown allows re-selection","Signup Journey — Join Page (English)","2026-08-31","failed","2026-08-31","","","",""
"","169","TC_15 [English] - Verify Defense section heading is displayed","Recent Match Details Page [English]","2026-08-31","passed","2026-08-31","","5. Stats Tab [English]","",""
"","7356","TC27 [Vietnamese] — Logout button is displayed, enabled and clicking it shows the confirmation popup","Smoke Suite [Vietnamese]","2026-08-31","passed","2026-08-31","","TC27-TC28 — Logout [Vietnamese]","",""
"","9880","TC_22 [English] - Verify the Recent Results section displays the team's recent matches","Team Details Page [English]","2026-08-31","passed","2026-08-31","","4. Recent Results [English]","",""
"","2703","TC_59 [English] - Verify Profile page loads within 5 seconds","Profile Page (English)","2026-08-31","passed","2026-08-31","","12. Performance","",""
"","6626","TC_01 [Vietnamese] - Verify navigation to Canadian Premier League 2026 and URL/heading are correct","Tournament Pages [Vietnamese]","2026-08-31","passed","2026-08-31","","Canadian Premier League 2026 [Vietnamese]","",""
"","25920","TC_20 [Vietnamese] — Correct OTP navigates to the Link Telegram page","OTP Verification [Vietnamese]","2026-08-31","broken","2026-08-31","","","",""
"","35784","TC_30 [Vietnamese] - Verify language setting applies globally to other pages such as Dashboard","Profile Page (Vietnamese)","2026-08-31","broken","2026-08-31","","5. Preferences Tab","",""
"","18321","TC_33 [English] — Back button at each step returns to previous step, not forward in flow","E2E Journey (English)","2026-08-31","passed","2026-08-31","","","",""
"","254","TC_22 [English] - Verify Match Information section shows match date and venue details","Recent Match Details Page [English]","2026-08-31","passed","2026-08-31","","5. Stats Tab [English]","",""
"","6293","TC_04 [Vietnamese] — Phone accepts numeric input only and enforces correct digit length","Details Page [Vietnamese]","2026-08-31","passed","2026-08-31","","","",""
"","342","TC_37 [English] - Verify all 7 social channel icons and rows load without broken images","Profile Page (English)","2026-08-31","passed","2026-08-31","","7. Community Tab","",""
"","2039","TC10 [Vietnamese] — Clicking the featured-competition promo banner navigates to that competition page","Smoke Suite [Vietnamese]","2026-08-31","passed","2026-08-31","","","",""
"","29925","TC_03 [English] - Verify Team Details page is reachable and loads correctly from Brasileiro Serie B 2026","Team Details Page [English]","2026-08-31","skipped","2026-08-31","","1. Cross-Tournament Reachability [English]","",""
"","2455","TC_03 [English] - Verify Profile Icon is displayed","Dashboard Validation (English)","2026-08-31","passed","2026-08-31","","","",""
"","55","TC_31 [Vietnamese] - Verify guest user name and Login/Signup button are displayed correctly in Vietnamese","Profile Page (Vietnamese)","2026-08-31","passed","2026-08-31","","6. Guest User","",""
"","134","TC_24 [English] - Verify English language option displays 🌐 globe icon and English label","Profile Page (English)","2026-08-31","passed","2026-08-31","","5. Preferences Tab","",""
"","547","TC_13 [English] — ""Verify OTP""/""Xác minh OTP"" button remains disabled until all 6 digits are entered","Organic Signup Journey (English)","2026-08-31","passed","2026-08-31","","OTP Page — submission and display","",""
"","2751","TC_20 [Vietnamese] - Verify clicking the Login/Signup button redirects the user to the Login/Signup page","Dashboard Validation (Vietnamese)","2026-08-31","passed","2026-08-31","","","",""
"","880","TC_02 [English] - Effective Date reads ""23 April 2026""","Terms of Use (English)","2026-08-31","passed","2026-08-31","","","",""
"","9359","TC_21 [English] - Verify the General Info section displays the FIFA Ranking and points correctly","Team Details Page [English]","2026-08-31","passed","2026-08-31","","3. Stats [English]","",""
"","2823","TC_52 [English] - Verify Profile page loads correctly after clearing all browser cache and storage","Profile Page (English)","2026-08-31","passed","2026-08-31","","10. Edge Cases","",""
"","6400","TC07 [English] — ""Go to sportsfc.fans →"" on Welcome page navigates to the Dashboard","Smoke Suite [English]","2026-08-31","passed","2026-08-31","","","",""
"","38738","TC_06 [Vietnamese] - Verify Today Matches, Trending Series, Upcoming Matches and Recent Results sections are displayed on the Dashboard page","Dashboard Validation (Vietnamese)","2026-08-31","failed","2026-08-31","","","",""
"","9412","TC_20 [English] - Verify FIFA Ranking and Last 10 record display correctly for a national team","Team Details Page [English]","2026-08-31","passed","2026-08-31","","3. Stats [English]","",""
"","1517","TC_23 [English] — A logged-in user directly navigating to the login/join URL is redirected to the Dashboard instead of the phone entry page","Organic Signup Journey (English)","2026-08-31","passed","2026-08-31","","Post-Login Dashboard and Settings","",""
"","2849","TC_54 [Vietnamese] - Verify Profile page displays correctly on the standard 360×740 viewport","Profile Page (Vietnamese)","2026-08-31","passed","2026-08-31","","10. Edge Cases","",""
"","8784","TC_15 [English] — Correct OTP auto-submits and navigates to link-telegram","OTP Verification (English)","2026-08-31","passed","2026-08-31","","","",""
"","5697","TC_21 [English] — Back navigation returns to the Details page","OTP Verification [English]","2026-08-31","passed","2026-08-31","","","",""
"","1445","TC_17 [English] - Verify The Edge section widgets (MATCH PREDICTION, KEY INSIGHTS) are displayed","Landing Page Validation (English)","2026-08-31","passed","2026-08-31","","","",""
"","1472","TC_09 [English] - Verify Personalisation section is displayed","Landing Page Validation (English)","2026-08-31","passed","2026-08-31","","","",""
"","5117","TC_05 [English] — Inline validation error is shown when Sign Up is clicked with an empty phone number field","Details Page [English]","2026-08-31","passed","2026-08-31","","","",""
"","2342","TC01 [English] — Landing page loads successfully for a logged-out user","Smoke Suite [English]","2026-08-31","passed","2026-08-31","","","",""
"","2504","TC_33 [English] - Verify Knockout tab presence and Standings tab content on Club Friendly Games 2026 page","Tournament Pages [English]","2026-08-31","passed","2026-08-31","","Club Friendly Games 2026 [English]","",""
"","53","TC_14 [Vietnamese] - Verify Cookie Policy row is displayed and clickable","Profile Page (Vietnamese)","2026-08-31","passed","2026-08-31","","4. Account Tab","",""
"","9403","TC_10 [Vietnamese] — Terms & privacy disclaimer is shown on the login splash; Continue is gated purely by phone validity (no separate checkbox in the current build)","Organic Signup Journey (Vietnamese)","2026-08-31","passed","2026-08-31","","Login/Join Page","",""
"","4139","TC14 [English] — Clicking an upcoming match card navigates to Match Details page","Smoke Suite [English]","2026-08-31","passed","2026-08-31","","","",""
"","11706","TC_13 [English] — Network failure on Sign Up shows an appropriate error","Signup Journey — Join Page (English)","2026-08-31","passed","2026-08-31","","","",""
"","5032","TC03 [English] — Existing account phone submission on Join page is handled appropriately","Smoke Suite [English]","2026-08-31","passed","2026-08-31","","","",""
"","1706","TC_17 [English] — Login/Signup CTA is no longer displayed after successful login, and a profile avatar is shown instead","Organic Signup Journey (English)","2026-08-31","passed","2026-08-31","","Post-Login Dashboard and Settings","",""
"","3206","TC_15 [Vietnamese] - Verify clicking Cookie Policy redirects to the Cookie Policy page","Profile Page (Vietnamese)","2026-08-31","passed","2026-08-31","","4. Account Tab","",""
"","1426","TC_04 [English] - Verify hero tagline text element is displayed","Landing Page Validation (English)","2026-08-31","passed","2026-08-31","","","",""
"","3019","TC_03 [English] - Verify Knockout tab presence and Standings tab content on Canadian Premier League 2026 page","Tournament Pages [English]","2026-08-31","passed","2026-08-31","","Canadian Premier League 2026 [English]","",""
"","10055","TC_14 [Vietnamese] - Verify the breadcrumb title displays the correct team name","Team Details Page [Vietnamese]","2026-08-31","passed","2026-08-31","","2. Navigation & Header [Vietnamese]","",""
"","9675","TC_28 [Vietnamese] - Verify the Competitions section lists tournaments the team has participated in","Team Details Page [Vietnamese]","2026-08-31","passed","2026-08-31","","5. Competitions [Vietnamese]","",""
"","5531","TC_09 [Vietnamese] — Valid, new phone number triggers OTP dispatch and navigates to the OTP verification page","Details Page [Vietnamese]","2026-08-31","passed","2026-08-31","","","",""
"","60190","TC_10 [English] - Verify Lineups tab displays football pitch with both team names, logos and pitch container","Recent Match Details Page [English]","2026-08-31","broken","2026-08-31","","4. Lineups Tab [English]","",""
"","9551","TC_29 [Vietnamese] - Verify each competition entry displays an icon and name","Team Details Page [Vietnamese]","2026-08-31","passed","2026-08-31","","5. Competitions [Vietnamese]","",""
"","178","TC_27 [English] — Clicking the Welcome CTA redirects to the Dashboard","Blue Moon — Welcome Page (existing/login number) (English)","2026-08-31","passed","2026-08-31","","","",""
"","500","TC_04 [Vietnamese] - Verify the Logout button shows a hover/focus state and pointer cursor on desktop","Logout (Vietnamese)","2026-08-31","passed","2026-08-31","","1. Logout Control Visibility & Non-Destructive Popup Checks [Vietnamese]","",""
"","6186","TC_02 [English] — Clicking the Login/Signup CTA in the header navigates to the phone number entry page","Organic Signup Journey (English)","2026-08-31","passed","2026-08-31","","Guest Dashboard","",""
"","2789","TC01 [Vietnamese] — Landing page loads successfully for a logged-out user","Smoke Suite [Vietnamese]","2026-08-31","passed","2026-08-31","","","",""
"","3325","TC_11 [English] — Phone numbers with extra formatting characters (spaces, dashes, leading zero) are normalized consistently","Details Page [English]","2026-08-31","passed","2026-08-31","","","",""
"","2338","TC_15 [Vietnamese] - Verify clicking the Tomorrow filter displays filtered match results","Dashboard Validation (Vietnamese)","2026-08-31","passed","2026-08-31","","","",""
"","0","TC_28 [English] — Direct URL without completing signup redirects away [Product defect: route not protected]","","2026-08-31","skipped","2026-08-31","","","",""
"","2644","TC_09 [Vietnamese] - Verify View All option is displayed in the Recent Results section and user is redirected to the Recent Results page after clicking it","Dashboard Validation (Vietnamese)","2026-08-31","passed","2026-08-31","","","",""
"","6505","TC07 [Vietnamese] — ""Đi tới sportsfc.fans →"" on Welcome page navigates to the Dashboard","Smoke Suite [Vietnamese]","2026-08-31","passed","2026-08-31","","","",""
"","3112","TC25 [English] — Profile page loads successfully via direct URL","Smoke Suite [English]","2026-08-31","passed","2026-08-31","","","",""
"","3791","TC_39 [Vietnamese] - Verify clicking Viber row redirects to the Viber channel in a new tab","Profile Page (Vietnamese)","2026-08-31","passed","2026-08-31","","8. Community Tab – Social Redirections","",""
"","26166","TC_21 [English] — Profile icon > Preferences tab CTA path reaches OTP dispatch","Organic Signup Journey (English)","2026-08-31","passed","2026-08-31","","End-to-End Journeys — entry points reach OTP dispatch","",""
"","6072","TC_16 [English] - Verify navigation to MLS 2026 and URL/heading are correct","Tournament Pages [English]","2026-08-31","passed","2026-08-31","","MLS 2026 [English]","",""
"","35605","TC_30 [English] - Verify language setting applies globally to other pages such as Dashboard","Profile Page (English)","2026-08-31","broken","2026-08-31","","5. Preferences Tab","",""
"","3245","TC_19 [English] — Network failure during OTP verification shows an appropriate error","OTP Verification [English]","2026-08-31","passed","2026-08-31","","","",""
"","2738","TC26 [English] — Profile header displays Guest state and Login/Signup button","Smoke Suite [English]","2026-08-31","passed","2026-08-31","","","",""
"","2081","TC_02 [English] — Clicking the first Signup CTA navigates to the Signup Details page","Blue Moon — Landing Page (English)","2026-08-31","passed","2026-08-31","","","",""
"","5335","TC04 [English] — Valid new phone triggers OTP dispatch and shows OTP verification page","Smoke Suite [English]","2026-08-31","passed","2026-08-31","","","",""
"","94","TC_04 [Vietnamese] - Verify final score is displayed between team names in match header","Recent Match Details Page [Vietnamese]","2026-08-31","passed","2026-08-31","","2. Match Header [Vietnamese]","",""
"","4753","TC_07 [English] — Terms and Privacy links preserve entered phone number","Signup Journey — Join Page (English)","2026-08-31","passed","2026-08-31","","","",""
"","2523","TC_02 [English] - Verify Dashboard Logo is displayed","Dashboard Validation (English)","2026-08-31","passed","2026-08-31","","","",""
"","6586","TC_35 [English] — Refreshing mid-flow retains session so the user can continue","E2E Journey [English]","2026-08-31","passed","2026-08-31","","","",""
"","3183","TC_21 [Vietnamese] - Verify Knockout tab presence and Standings tab content on J1 League 26/27 page","Tournament Pages [Vietnamese]","2026-08-31","passed","2026-08-31","","J1 League 26/27 [Vietnamese]","",""
"","5994","TC_13 [English] — Network failure on Sign Up shows an appropriate error","Details Page [English]","2026-08-31","passed","2026-08-31","","","",""
"","1539","TC_13 [English] - Verify Live Alerts card is displayed in the Feed section","Landing Page Validation (English)","2026-08-31","passed","2026-08-31","","","",""
"","3468","TC_27 [Vietnamese] - Verify Knockout tab presence and Standings tab content on Brasileiro Serie A 2026 page","Tournament Pages [Vietnamese]","2026-08-31","passed","2026-08-31","","Brasileiro Serie A 2026 [Vietnamese]","",""
"","161","TC_01 [English] - Verify the Logout option is visible on the Account tab of Settings","Logout (English)","2026-08-31","passed","2026-08-31","","1. Logout Control Visibility & Non-Destructive Popup Checks","",""
"","5000","TC_24 [English] — Back navigation returns to the Signup Details page","Blue Moon — OTP Page (English)","2026-08-31","passed","2026-08-31","","","",""
"","8969","TC_25 [English] — ""Maybe later"" navigates to the Welcome page","Link Telegram (English)","2026-08-31","passed","2026-08-31","","","",""
"","3096","TC30 [English] — User is able to select English and Vietnamese language","Smoke Suite [English]","2026-08-31","passed","2026-08-31","","","",""
"","253","TC_27 [English] - Verify team names in match header match team names shown in Lineups tab","Recent Match Details Page [English]","2026-08-31","passed","2026-08-31","","7. Data Consistency [English]","",""
"","5609","TC_34 [English] — Back button at each step returns to previous step, not forward in flow","E2E Journey [English]","2026-08-31","passed","2026-08-31","","","",""
"","2912","TC_13 [English] - Verify clicking Privacy Policy redirects to the Privacy Policy page","Profile Page (English)","2026-08-31","passed","2026-08-31","","4. Account Tab","",""
"","1734","TC_06 [English] — Selecting India (+91) updates the mobile field prefix","Blue Moon — Signup Details Page (English)","2026-08-31","passed","2026-08-31","","","",""
"","4944","TC_35 [Vietnamese] - Verify Overview and Matches tabs display content on V-League 1 26/27 page","Tournament Pages [Vietnamese]","2026-08-31","passed","2026-08-31","","V-League 1 26/27 [Vietnamese]","",""
"","1623","TC_10 [English] - Verify Personalisation interest chip images (FIFA WC™, Brazil, Neymar Jr.) are displayed","Landing Page Validation (English)","2026-08-31","passed","2026-08-31","","","",""
"","101","TC_34 [Vietnamese] - Verify the JOIN OUR PUBLIC CHANNELS section heading is displayed correctly","Profile Page (Vietnamese)","2026-08-31","passed","2026-08-31","","7. Community Tab","",""
"","10680","TC_20 [Vietnamese] — Header Login/Signup CTA path reaches OTP dispatch","Organic Signup Journey (Vietnamese)","2026-08-31","passed","2026-08-31","","End-to-End Journeys — entry points reach OTP dispatch","",""
"","58946","TC_12 [Vietnamese] - Verify match cards are displayed without any UI distortion","Dashboard Validation (Vietnamese)","2026-08-31","broken","2026-08-31","","","",""
"","33293","TC_26 [Vietnamese] - Verify tapping a Recent Result card navigates to that match's Match Details page","Team Details Page [Vietnamese]","2026-08-31","passed","2026-08-31","","4. Recent Results [Vietnamese]","",""
"","5219","TC_34 [English] - Verify navigation to V-League 1 26/27 and URL/heading are correct","Tournament Pages [English]","2026-08-31","passed","2026-08-31","","V-League 1 26/27 [English]","",""
"","28","TC_20 [English] - Verify Language section heading is displayed and section is expanded by default","Profile Page (English)","2026-08-31","passed","2026-08-31","","5. Preferences Tab","",""
"","2094","TC_02 [Vietnamese] — Details page loads with heading, description, country selector, phone field, terms text, Sign Up button and disclaimer","Details Page [Vietnamese]","2026-08-31","passed","2026-08-31","","","",""
"","9704","TC_13 [English] - Verify the back arrow navigates to the previous page","Team Details Page [English]","2026-08-31","passed","2026-08-31","","2. Navigation & Header [English]","",""
"","52831","TC_22 [English] — Submitting an expired OTP is rejected with an appropriate error message","OTP Verification [English]","2026-08-31","failed","2026-08-31","","","",""
"","8439","TC_05 [Vietnamese] - Verify the Logout button is reachable and operable via keyboard","Logout (Vietnamese)","2026-08-31","passed","2026-08-31","","1. Logout Control Visibility & Non-Destructive Popup Checks [Vietnamese]","",""
"","33303","TC_16 [Vietnamese] — Clicking ""Resend OTP""/""Gửi lại OTP"" after the countdown expires sends a new OTP and resets the timer","Organic Signup Journey (Vietnamese)","2026-08-31","passed","2026-08-31","","OTP Page — resend","",""
"","1184","TC_02 [English] — Join page loads with all expected UI elements","Signup Journey — Join Page (English)","2026-08-31","passed","2026-08-31","","","",""
"","194","TC_22 [English] — Submitting with the OTP field empty does not attempt verification","Blue Moon — OTP Page (English)","2026-08-31","failed","2026-08-31","","","",""
"","5068","TC_20 [Vietnamese] - Verify Overview and Matches tabs display content on J1 League 26/27 page","Tournament Pages [Vietnamese]","2026-08-31","passed","2026-08-31","","J1 League 26/27 [Vietnamese]","",""
"","164","TC_15 [Vietnamese] - Verify Defense section heading is displayed","Recent Match Details Page [Vietnamese]","2026-08-31","passed","2026-08-31","","5. Stats Tab [Vietnamese]","",""
"","8495","TC_15 [Vietnamese] — Entering an incorrect OTP displays an error and allows the user to retry","Organic Signup Journey (Vietnamese)","2026-08-31","passed","2026-08-31","","OTP Page — incorrect code","",""
"","962","TC_08 [English] - Marketing opt-out / unsubscribe wording is present","Privacy Policy (English)","2026-08-31","passed","2026-08-31","","","",""
"","3160","TC_11 [English] — Valid phone number triggers OTP dispatch and navigates to the OTP verification page","Organic Signup Journey (English)","2026-08-31","passed","2026-08-31","","OTP Page — submission and display","",""
"","26694","TC23 [Vietnamese] — Squad list is displayed with registered players","Smoke Suite [Vietnamese]","2026-08-31","failed","2026-08-31","","","",""
"","10175","TC_04 [Vietnamese] - Verify Team Details page is reachable and loads correctly from CONMEBOL Sudamericana 2026","Team Details Page [Vietnamese]","2026-08-31","passed","2026-08-31","","1. Cross-Tournament Reachability [Vietnamese]","",""
"","563","TC_35 [Vietnamese] - Verify all 7 social channel rows display correct channel names","Profile Page (Vietnamese)","2026-08-31","passed","2026-08-31","","7. Community Tab","",""
"","1527","TC_16 [English] - Verify ""View insights"" button is displayed in Alerts card","Landing Page Validation (English)","2026-08-31","passed","2026-08-31","","","",""
"","255","TC_22 [Vietnamese] - Verify Match Information section shows match date and venue details","Recent Match Details Page [Vietnamese]","2026-08-31","passed","2026-08-31","","5. Stats Tab [Vietnamese]","",""
"","6179","TC_06 [Vietnamese] — Inline validation error is shown for an invalid/incomplete phone number","Details Page [Vietnamese]","2026-08-31","passed","2026-08-31","","","",""
"","6992","TC_06 [English] - Verify a confirmation popup appears when Logout is clicked","Logout (English)","2026-08-31","passed","2026-08-31","","1. Logout Control Visibility & Non-Destructive Popup Checks","",""
"","9743","TC_10 [English] - Verify Team Details page is reachable and loads correctly from Int. Friendly Games 2026","Team Details Page [English]","2026-08-31","passed","2026-08-31","","1. Cross-Tournament Reachability [English]","",""
"","1189","TC_13 [English] — Continue stays disabled with only the name filled","Blue Moon — Signup Details Page (English)","2026-08-31","passed","2026-08-31","","","",""
"","9400","TC_17 [Vietnamese] - Verify the team crest/flag icon displays correctly","Team Details Page [Vietnamese]","2026-08-31","passed","2026-08-31","","2. Navigation & Header [Vietnamese]","",""
"","19148","TC_34 [Vietnamese] - Verify switching from one team's page to another's fully refreshes with no stale data","Team Details Page [Vietnamese]","2026-08-31","passed","2026-08-31","","6. Data Integrity [Vietnamese]","",""
"","12263","TC_16 [Vietnamese] - Verify tapping the favorite icon as a guest prompts sign-up/login","Team Details Page [Vietnamese]","2026-08-31","passed","2026-08-31","","2. Navigation & Header [Vietnamese]","",""
"","139","TC_12 [Vietnamese] — Page displays the exact phone number entered, 6 separate OTP boxes, and an active resend countdown","Organic Signup Journey (Vietnamese)","2026-08-31","passed","2026-08-31","","OTP Page — submission and display","",""
"","33862","TC_11 [Vietnamese] - Verify Dashboard sections are displayed in the correct sequence","Dashboard Validation (Vietnamese)","2026-08-31","broken","2026-08-31","","","",""
"","2096","TC_25 [English] - Verify Play by Play section shows match event minute indicators","Recent Match Details Page [English]","2026-08-31","passed","2026-08-31","","6. Play by Play Tab [English]","",""
"","9401","TC_30 [English] — ""Go to sportsfc.fans"" navigates to the Dashboard","Welcome Page (English)","2026-08-31","passed","2026-08-31","","","",""
"","550","TC_17 [Vietnamese] — OTP field accepts numeric input only","OTP Verification [Vietnamese]","2026-08-31","passed","2026-08-31","","","",""
"","2542","TC11 [Vietnamese] — Clicking a Today Match card navigates to the Match Detail page","Smoke Suite [Vietnamese]","2026-08-31","passed","2026-08-31","","","",""
"","0","TC_24 [English] — Direct URL to link-telegram is blocked without OTP verification [Product defect: route not protected]","","2026-08-31","skipped","2026-08-31","","","",""
"","3174","TC_21 [English] - Verify Knockout tab presence and Standings tab content on J1 League 26/27 page","Tournament Pages [English]","2026-08-31","passed","2026-08-31","","J1 League 26/27 [English]","",""
"","5374","TC_26 [English] - Verify Overview and Matches tabs display content on Brasileiro Serie A 2026 page","Tournament Pages [English]","2026-08-31","passed","2026-08-31","","Brasileiro Serie A 2026 [English]","",""
"","4293","TC_40 [Vietnamese] - Verify clicking Telegram row redirects to the Telegram channel in a new tab","Profile Page (Vietnamese)","2026-08-31","passed","2026-08-31","","8. Community Tab – Social Redirections","",""
"","526","TC_04 [English] - Verify the Logout button shows a hover/focus state and pointer cursor on desktop","Logout (English)","2026-08-31","passed","2026-08-31","","1. Logout Control Visibility & Non-Destructive Popup Checks","",""
"","181","TC_07 [English] - Verify clicking Team 2 logo navigates to Team 2 details page and back returns to match","Recent Match Details Page [English]","2026-08-31","passed","2026-08-31","","2. Match Header [English]","",""
"","555","TC_12 [English] - Language switch keeps user on /terms (no re-login required)","Terms of Use (English)","2026-08-31","passed","2026-08-31","","","",""
"","1226","TC_21 [Vietnamese] - Verify Language section can be collapsed and re-expanded","Profile Page (Vietnamese)","2026-08-31","passed","2026-08-31","","5. Preferences Tab","",""
"","3361","TC_19 [English] — No Login/Signup CTA is shown anywhere in Settings once the user is logged in","Organic Signup Journey (English)","2026-08-31","passed","2026-08-31","","Post-Login Dashboard and Settings","",""
"","2964","TC_36 [Vietnamese] - Verify Knockout tab presence and Standings tab content on V-League 1 26/27 page","Tournament Pages [Vietnamese]","2026-08-31","passed","2026-08-31","","V-League 1 26/27 [Vietnamese]","",""
"","5800","TC_16 [Vietnamese] - Verify navigation to MLS 2026 and URL/heading are correct","Tournament Pages [Vietnamese]","2026-08-31","passed","2026-08-31","","MLS 2026 [Vietnamese]","",""
"","5807","TC_08 [English] — Submitting a phone number already associated with an existing account is handled appropriately","Details Page [English]","2026-08-31","passed","2026-08-31","","","",""
"","7983","TC_22 [English] — Back navigation returns to join page","OTP Verification (English)","2026-08-31","passed","2026-08-31","","","",""
"","919","TC_02 [English] - Effective Date reads ""23 April 2026""","Privacy Policy (English)","2026-08-31","passed","2026-08-31","","","",""
"","161","TC_06 [Vietnamese] - Verify Account, Preferences and Community tabs are all displayed and enabled","Profile Page (Vietnamese)","2026-08-31","passed","2026-08-31","","3. Tab Navigation","",""
"","8571","TC28 [Vietnamese] — Confirming the logout popup is accepted without error","Smoke Suite [Vietnamese]","2026-08-31","passed","2026-08-31","","TC27-TC28 — Logout [Vietnamese]","",""
"","3426","TC_01 [English] - Verify Profile page loads successfully via direct URL with all three tabs visible","Profile Page (English)","2026-08-31","passed","2026-08-31","","1. Page Load","",""
"","235","TC_36 [Vietnamese] - Verify all 7 social channel links are enabled and clickable in the Community tab","Profile Page (Vietnamese)","2026-08-31","passed","2026-08-31","","7. Community Tab","",""
"","1475","TC_21 [English] - Verify footer copyright text is displayed","Landing Page Validation (English)","2026-08-31","passed","2026-08-31","","","",""
"","646","TC_05 [English] - No leftover Vietnamese diacritics in English page","Privacy Policy (English)","2026-08-31","passed","2026-08-31","","","",""
"","242","TC_27 [Vietnamese] - Verify team names in match header match team names shown in Lineups tab","Recent Match Details Page [Vietnamese]","2026-08-31","passed","2026-08-31","","7. Data Consistency [Vietnamese]","",""
"","8823","TC_16 [English] - Verify all three Data & Privacy links redirect to their correct pages when clicked in sequence","Profile Page (English)","2026-08-31","passed","2026-08-31","","4. Account Tab","",""
"","5299","TC_14 [English] - Verify Overview and Matches tabs display content on K-League 1 2026 page","Tournament Pages [English]","2026-08-31","passed","2026-08-31","","K-League 1 2026 [English]","",""
"","1998","TC_01 [English] - Privacy Policy page loads in English with correct heading","Privacy Policy (English)","2026-08-31","passed","2026-08-31","","","",""
"","182","TC_18 [Vietnamese] - Verify Passing section heading is displayed","Recent Match Details Page [Vietnamese]","2026-08-31","passed","2026-08-31","","5. Stats Tab [Vietnamese]","",""
"","9572","TC_23 [Vietnamese] - Verify each Recent Result card displays flags/logos for both competing teams","Team Details Page [Vietnamese]","2026-08-31","passed","2026-08-31","","4. Recent Results [Vietnamese]","",""
"","39202","TC_16 [English] - Verify clicking the All Matches filter displays filtered match results","Dashboard Validation (English)","2026-08-31","failed","2026-08-31","","","",""
"","5389","TC_10 [Vietnamese] - Verify navigation to CONMEBOL Sudamericana 2026 and URL/heading are correct","Tournament Pages [Vietnamese]","2026-08-31","passed","2026-08-31","","CONMEBOL Sudamericana 2026 [Vietnamese]","",""
"","5057","TC_32 [Vietnamese] - Verify Overview and Matches tabs display content on Club Friendly Games 2026 page","Tournament Pages [Vietnamese]","2026-08-31","passed","2026-08-31","","Club Friendly Games 2026 [Vietnamese]","",""
"","15527","TC_07 [English] - Verify Cancel/No on the logout confirmation popup keeps the user logged in","Logout (English)","2026-08-31","passed","2026-08-31","","1. Logout Control Visibility & Non-Destructive Popup Checks","",""
"","197","TC_19 [Vietnamese] - Verify Passing section shows numeric stat comparison values","Recent Match Details Page [Vietnamese]","2026-08-31","passed","2026-08-31","","5. Stats Tab [Vietnamese]","",""
"","5006","TC_29 [English] - Verify Overview and Matches tabs display content on Int. Friendly Games 2026 page","Tournament Pages [English]","2026-08-31","passed","2026-08-31","","Int. Friendly Games 2026 [English]","",""
"","659","TC_11 [English] - Language switch keeps user on /privacy (no re-login required)","Privacy Policy (English)","2026-08-31","passed","2026-08-31","","","",""
"","18271","TC_42 [English] - Verify clicking Instagram row redirects to the Instagram profile in a new tab","Profile Page (English)","2026-08-31","broken","2026-08-31","","8. Community Tab – Social Redirections","",""
"","5359","TC_23 [Vietnamese] - Verify Overview and Matches tabs display content on CONMEBOL Libertadores 2026 page","Tournament Pages [Vietnamese]","2026-08-31","passed","2026-08-31","","CONMEBOL Libertadores 2026 [Vietnamese]","",""
"","1767","TC_43 [English] — Repeated wrong OTP attempts trigger lockout or throttling","OTP Verification — Wrong-Attempt Tests [English]","2026-08-31","passed","2026-08-31","","","",""
"","4064","TC_03 [English] - Verify Back arrow navigates the user away from the Profile page","Profile Page (English)","2026-08-31","passed","2026-08-31","","1. Page Load","",""
"","6882","TC08 [English] — User is fully authenticated on Dashboard after completing signup","Smoke Suite [English]","2026-08-31","passed","2026-08-31","","","",""
"","2105","TC_11 [English] — Blank/whitespace-only name keeps Continue disabled","Blue Moon — Signup Details Page (English)","2026-08-31","passed","2026-08-31","","","",""
"","11835","TC_20 [English] — Header Login/Signup CTA path reaches OTP dispatch","Organic Signup Journey (English)","2026-08-31","passed","2026-08-31","","End-to-End Journeys — entry points reach OTP dispatch","",""
"","1706","TC_23 [English] — Directly navigating to the Link Telegram URL without OTP verification is not blocked [Known defect: route not protected]","OTP Verification [English]","2026-08-31","passed","2026-08-31","","","",""
"","3059","TC16 [English] — Clicking a completed match navigates to Match Details page","Smoke Suite [English]","2026-08-31","passed","2026-08-31","","","",""
"","3120","TC_04 [Vietnamese] - Verify Dashboard Filters are displayed","Dashboard Validation (Vietnamese)","2026-08-31","passed","2026-08-31","","","",""
"","26299","TC_33 [English] — Complete ""Maybe later"" path: Details → OTP → skip Telegram → Welcome → Dashboard","E2E Journey [English]","2026-08-31","broken","2026-08-31","","","",""
"","143","TC_05 [English] - Verify clicking Login/Signup button redirects to the Login/Registration page","Profile Page (English)","2026-08-31","passed","2026-08-31","","2. Profile Header","",""
"","621","TC_25 [Vietnamese] - Verify selecting English highlights it with a filled selection indicator","Profile Page (Vietnamese)","2026-08-31","passed","2026-08-31","","5. Preferences Tab","",""
"","6107","TC_04 [English] — Phone accepts numeric input and Sign Up requires both fields","Signup Journey — Join Page (English)","2026-08-31","passed","2026-08-31","","","",""
"","899","TC_03 [English] - Company name (RICH ABLE DEVELOPMENTS LIMITED) and Samoa address are unchanged","Privacy Policy (English)","2026-08-31","passed","2026-08-31","","","",""
"","60240","TC_10 [Vietnamese] - Verify Lineups tab displays football pitch with both team names, logos and pitch container","Recent Match Details Page [Vietnamese]","2026-08-31","broken","2026-08-31","","4. Lineups Tab [Vietnamese]","",""
"","384","TC_16 [English] — 6-box display and Verify OTP requires all 6 digits","OTP Verification [English]","2026-08-31","passed","2026-08-31","","","",""
"","25781","TC_37 [English] — User who exits at Link Telegram can resume onboarding on return","E2E Journey [English]","2026-08-31","broken","2026-08-31","","","",""
"","191","TC_19 [English] - Verify Passing section shows numeric stat comparison values","Recent Match Details Page [English]","2026-08-31","passed","2026-08-31","","5. Stats Tab [English]","",""
"","495","TC_04 [English] - All 15 numbered sections are present","Terms of Use (English)","2026-08-31","passed","2026-08-31","","","",""
"","6063","TC_01 [English] — Guest user can access the Dashboard directly and the Login/Signup CTA is displayed in the header","Organic Signup Journey (English)","2026-08-31","passed","2026-08-31","","Guest Dashboard","",""
"","3081","TC_27 [English] - Verify Knockout tab presence and Standings tab content on Brasileiro Serie A 2026 page","Tournament Pages [English]","2026-08-31","passed","2026-08-31","","Brasileiro Serie A 2026 [English]","",""
"","71","TC_07 [Vietnamese] - Verify Preferences tab is the default active tab on page load","Profile Page (Vietnamese)","2026-08-31","passed","2026-08-31","","3. Tab Navigation","",""
"","3030","TC_53 [Vietnamese] - Verify no JavaScript console errors appear across all three tabs","Profile Page (Vietnamese)","2026-08-31","passed","2026-08-31","","10. Edge Cases","",""
"","48","TC_22 [Vietnamese] - Verify Used in label with AI Card and Voice chips are displayed inside Language section","Profile Page (Vietnamese)","2026-08-31","passed","2026-08-31","","5. Preferences Tab","",""
"","181","TC_16 [Vietnamese] - Verify Defense section shows numeric stat comparison values","Recent Match Details Page [Vietnamese]","2026-08-31","passed","2026-08-31","","5. Stats Tab [Vietnamese]","",""
"","3678","TC_15 [English] - Verify Knockout tab presence and Standings tab content on K-League 1 2026 page","Tournament Pages [English]","2026-08-31","passed","2026-08-31","","K-League 1 2026 [English]","",""
"","4265","TC_29 [English] - Verify language selection persists after page refresh","Profile Page (English)","2026-08-31","passed","2026-08-31","","5. Preferences Tab","",""
"","3127","TC_55 [English] - Verify Login/Signup button is visible across all three profile tabs for a guest user","Profile Page (English)","2026-08-31","passed","2026-08-31","","10. Edge Cases","",""
"","149","TC_12 [English] — Page displays the exact phone number entered, 6 separate OTP boxes, and an active resend countdown","Organic Signup Journey (English)","2026-08-31","passed","2026-08-31","","OTP Page — submission and display","",""
"","2447","TC_32 [Vietnamese] - Verify an invalid/non-existent team slug is handled gracefully","Team Details Page [Vietnamese]","2026-08-31","passed","2026-08-31","","6. Data Integrity [Vietnamese]","",""
"","134","TC_05 [Vietnamese] - Verify clicking Login/Signup button redirects to the Login/Registration page","Profile Page (Vietnamese)","2026-08-31","passed","2026-08-31","","2. Profile Header","",""
"","9963","TC_25 [English] - Verify a drawn match displays correctly in the Recent Results section","Team Details Page [English]","2026-08-31","passed","2026-08-31","","4. Recent Results [English]","",""
"","366","TC_35 [English] - Verify all 7 social channel rows display correct channel names","Profile Page (English)","2026-08-31","passed","2026-08-31","","7. Community Tab","",""
"","196","TC_06 [English] - Verify Account, Preferences and Community tabs are all displayed and enabled","Profile Page (English)","2026-08-31","passed","2026-08-31","","3. Tab Navigation","",""
"","441","TC_28 [Vietnamese] - Verify switching to English changes the entire page UI language to English","Profile Page (Vietnamese)","2026-08-31","passed","2026-08-31","","5. Preferences Tab","",""
"","30214","TC_28 [English] - Verify Rankings tab label and standings section heading text are correct","Recent Match Details Page [English]","2026-08-31","broken","2026-08-31","","8. Rankings Tab [English]","",""
"","5208","TC_06 [Vietnamese] — Country code selector allows changing the default country code to another country","Organic Signup Journey (Vietnamese)","2026-08-31","passed","2026-08-31","","Login/Join Page","",""
"","2213","TC_15 [English] — Continue stays disabled when the T&C checkbox is unchecked, even with valid Name + Mobile","Blue Moon — Signup Details Page (English)","2026-08-31","passed","2026-08-31","","","",""
"","7131","TC_08 [Vietnamese] - Verify dismissing the confirmation popup via Esc key keeps the user logged in","Logout (Vietnamese)","2026-08-31","passed","2026-08-31","","1. Logout Control Visibility & Non-Destructive Popup Checks [Vietnamese]","",""
"","2235","TC_02 [English] — Details page loads with heading, description, country selector, phone field, terms text, Sign Up button and disclaimer","Details Page [English]","2026-08-31","passed","2026-08-31","","","",""
"","1665","TC_23 [English] - Verify all four main page sections are displayed on the Landing page","Landing Page Validation (English)","2026-08-31","passed","2026-08-31","","","",""
"","434","TC_16 [Vietnamese] — 6-box display and Verify OTP requires all 6 digits","OTP Verification [Vietnamese]","2026-08-31","passed","2026-08-31","","","",""
"","15045","TC_12 [Vietnamese] - Verify no leftover authenticated data is shown after logout completes","Logout (Vietnamese)","2026-08-31","broken","2026-08-31","","2. Logout Execution & Redirect [Vietnamese]","",""
"","11590","TC_01 [English] - Verify Team Details page is reachable and loads correctly from Canadian Premier League 2026","Team Details Page [English]","2026-08-31","passed","2026-08-31","","1. Cross-Tournament Reachability [English]","",""
"","2364","TC_39 [English] — Direct URL to Dashboard page allows proceeding without being bounced to login (guest-accessible by design)","Welcome Page — Direct Access [English]","2026-08-31","passed","2026-08-31","","","",""
"","1486","TC_24 [English] - Verify footer with copyright is displayed at the bottom of the Landing page","Landing Page Validation (English)","2026-08-31","passed","2026-08-31","","","",""
"","21388","TC_04 [Vietnamese] — Clicking the Login/Signup CTA on the Preferences tab navigates to the phone number entry page","Organic Signup Journey (Vietnamese)","2026-08-31","passed","2026-08-31","","Guest Dashboard","",""
"","182","TC_07 [Vietnamese] - Verify clicking Team 2 logo navigates to Team 2 details page and back returns to match","Recent Match Details Page [Vietnamese]","2026-08-31","passed","2026-08-31","","2. Match Header [Vietnamese]","",""
"","6114","TC_13 [Vietnamese] — Network failure on Sign Up shows an appropriate error","Details Page [Vietnamese]","2026-08-31","passed","2026-08-31","","","",""
"","4000","TC21 [English] — Team name is displayed correctly in the page header","Smoke Suite [English]","2026-08-31","passed","2026-08-31","","","",""
"","923","TC_06 [English] - Support email (support@sportsfc.fans) is present","Privacy Policy (English)","2026-08-31","passed","2026-08-31","","","",""
"","43549","TC_21 [Vietnamese] — Profile icon > Preferences tab CTA path reaches OTP dispatch","Organic Signup Journey (Vietnamese)","2026-08-31","broken","2026-08-31","","End-to-End Journeys — entry points reach OTP dispatch","",""
"","222","TC_08 [English] - Verify all four tabs (Lineups, Stats, Play by Play, Rankings) are displayed and Lineups is the default active tab","Recent Match Details Page [English]","2026-08-31","passed","2026-08-31","","3. Match Detail Tabs [English]","",""
"","5529","TC_17 [English] - Verify Overview and Matches tabs display content on MLS 2026 page","Tournament Pages [English]","2026-08-31","passed","2026-08-31","","MLS 2026 [English]","",""
"","23287","TC_10 [Vietnamese] — Repeated rapid Sign Up submissions are rate-limited or accepted","Details Page [Vietnamese]","2026-08-31","passed","2026-08-31","","","",""
"","8682","TC_17 [English] — Pasting 6-digit code redirects to Link Telegram","OTP Verification (English)","2026-08-31","passed","2026-08-31","","","",""
"","597","TC_25 [English] - Verify selecting English highlights it with a filled selection indicator","Profile Page (English)","2026-08-31","passed","2026-08-31","","5. Preferences Tab","",""
"","26645","TC23 [English] — Squad list is displayed with registered players","Smoke Suite [English]","2026-08-31","failed","2026-08-31","","","",""
"","40044","TC_10 [Vietnamese] - Verify the user is redirected to the Login/Landing page after logout","Logout (Vietnamese)","2026-08-31","broken","2026-08-31","","2. Logout Execution & Redirect [Vietnamese]","",""
"","5855","TC_34 [Vietnamese] — Back button at each step returns to previous step, not forward in flow","E2E Journey [Vietnamese]","2026-08-31","passed","2026-08-31","","","",""
"","35","TC_20 [Vietnamese] - Verify Language section heading is displayed and section is expanded by default","Profile Page (Vietnamese)","2026-08-31","passed","2026-08-31","","5. Preferences Tab","",""
"","2647","TC_14 [Vietnamese] - Verify clicking the Today filter displays filtered match results","Dashboard Validation (Vietnamese)","2026-08-31","passed","2026-08-31","","","",""
"","5734","TC_41 [English] - Verify clicking Facebook row redirects to the Facebook page in a new tab","Profile Page (English)","2026-08-31","passed","2026-08-31","","8. Community Tab – Social Redirections","",""
"","10257","TC_30 [English] - Verify the Competitions list remains reachable when scrolled","Team Details Page [English]","2026-08-31","passed","2026-08-31","","5. Competitions [English]","",""
"","1631","TC_12 [English] — Phone and name fields are safe against injection-style input","Signup Journey — Join Page (English)","2026-08-31","passed","2026-08-31","","","",""
"","505","TC_06 [English] - Minimum age requirement (18 years) is stated","Terms of Use (English)","2026-08-31","passed","2026-08-31","","","",""
"","5334","TC_04 [Vietnamese] - Verify navigation to Africa Cup of Nations Qualification 2026 and URL/heading are correct","Tournament Pages [Vietnamese]","2026-08-31","passed","2026-08-31","","Africa Cup of Nations Qualification 2026 [Vietnamese]","",""
"","9909","TC_04 [English] - Verify Team Details page is reachable and loads correctly from CONMEBOL Sudamericana 2026","Team Details Page [English]","2026-08-31","passed","2026-08-31","","1. Cross-Tournament Reachability [English]","",""
"","98","TC_04 [English] - Verify final score is displayed between team names in match header","Recent Match Details Page [English]","2026-08-31","passed","2026-08-31","","2. Match Header [English]","",""
"","3317","TC_19 [Vietnamese] — No Login/Signup CTA is shown anywhere in Settings once the user is logged in","Organic Signup Journey (Vietnamese)","2026-08-31","passed","2026-08-31","","Post-Login Dashboard and Settings","",""
"","33","TC_15 [English] — Resend OTP shows a countdown immediately after the OTP is sent","OTP Verification [English]","2026-08-31","passed","2026-08-31","","","",""
"","38344","TC_12 [English] - Verify match cards are displayed without any UI distortion","Dashboard Validation (English)","2026-08-31","failed","2026-08-31","","","",""
"","3206","TC17 [English] — Completed match header shows logos, team names and competition name","Smoke Suite [English]","2026-08-31","passed","2026-08-31","","","",""
"","11423","TC_01 [Vietnamese] - Verify Team Details page is reachable and loads correctly from Canadian Premier League 2026","Team Details Page [Vietnamese]","2026-08-31","passed","2026-08-31","","1. Cross-Tournament Reachability [Vietnamese]","",""
"","30196","TC_31 [English] - Verify standings shows team logos for at least 4 teams","Recent Match Details Page [English]","2026-08-31","broken","2026-08-31","","8. Rankings Tab [English]","",""
"","5491","TC_02 [English] - Verify Overview and Matches tabs display content on Canadian Premier League 2026 page","Tournament Pages [English]","2026-08-31","passed","2026-08-31","","Canadian Premier League 2026 [English]","",""
"","4","TC_14 [English] — Page displays the exact phone number entered on the Details page","OTP Verification [English]","2026-08-31","passed","2026-08-31","","","",""
"","3263","TC_46 [English] - Verify switching between all three tabs works correctly with no content overlap","Profile Page (English)","2026-08-31","passed","2026-08-31","","9. Tab Switching","",""
"","1464","TC09 [Vietnamese] — Guest user can access Dashboard page successfully","Smoke Suite [Vietnamese]","2026-08-31","passed","2026-08-31","","","",""
"","7829","TC_05 [Vietnamese] — Page loads with heading, description, country code selector, phone field, Continue button and reCAPTCHA disclaimer","Organic Signup Journey (Vietnamese)","2026-08-31","passed","2026-08-31","","Login/Join Page","",""
"","95","TC_04 [Vietnamese] - Verify Profile header displays Guest username and Login/Signup button for guest user","Profile Page (Vietnamese)","2026-08-31","passed","2026-08-31","","2. Profile Header","",""
"","2908","TC_57 [English] - Verify Profile page layout is correct on tablet viewport 768x1024","Profile Page (English)","2026-08-31","passed","2026-08-31","","11. UI & Responsive","",""
"","19935","TC_21 [English] — Repeated wrong OTP attempts trigger lockout or throttling","OTP Verification (English)","2026-08-31","passed","2026-08-31","","","",""
"","1469","TC_19 [English] - Verify Key Insights widget is displayed in The Edge section","Landing Page Validation (English)","2026-08-31","passed","2026-08-31","","","",""
"","2453","TC_30 [Vietnamese] - Verify Knockout tab presence and Standings tab content on Int. Friendly Games 2026 page","Tournament Pages [Vietnamese]","2026-08-31","passed","2026-08-31","","Int. Friendly Games 2026 [Vietnamese]","",""
"","18580","TC_43 [Vietnamese] - Verify clicking TikTok row redirects to the TikTok profile in a new tab","Profile Page (Vietnamese)","2026-08-31","broken","2026-08-31","","8. Community Tab – Social Redirections","",""
"","2442","TC_14 [English] — Continue stays disabled with only the mobile number filled","Blue Moon — Signup Details Page (English)","2026-08-31","passed","2026-08-31","","","",""
"","899","TC_03 [English] - Company name (RICH ABLE DEVELOPMENTS LIMITED) and Samoa address are unchanged","Terms of Use (English)","2026-08-31","passed","2026-08-31","","","",""
"","11374","TC_20 [English] — Expired or invalid OTP is rejected with error","OTP Verification (English)","2026-08-31","passed","2026-08-31","","","",""
"","10725","TC_08 [Vietnamese] - Verify Team Details page is reachable and loads correctly from CONMEBOL Libertadores 2026","Team Details Page [Vietnamese]","2026-08-31","passed","2026-08-31","","1. Cross-Tournament Reachability [Vietnamese]","",""
"","9583","TC_31 [English] - Verify no duplicate competition entries are shown for the same tournament","Team Details Page [English]","2026-08-31","passed","2026-08-31","","5. Competitions [English]","",""
"","3927","TC_02 [English] - Verify Profile page is accessible via the Settings icon in the navigation","Profile Page (English)","2026-08-31","passed","2026-08-31","","1. Page Load","",""
"","9695","TC_28 [English] - Verify the Competitions section lists tournaments the team has participated in","Team Details Page [English]","2026-08-31","passed","2026-08-31","","5. Competitions [English]","",""
"","2745","TC11 [English] — Clicking a Today Match card navigates to the Match Detail page","Smoke Suite [English]","2026-08-31","passed","2026-08-31","","","",""
"","5935","TC_28 [English] — The existing/login number can be reused for another full login without Firebase cleanup","Blue Moon — Welcome Page (existing/login number) (English)","2026-08-31","passed","2026-08-31","","","",""
"","38780","TC_17 [English] - Verify clicking a Today Match card navigates to the match detail page","Dashboard Validation (English)","2026-08-31","broken","2026-08-31","","","",""
"","10087","TC_14 [Vietnamese] — Entering the correct OTP redirects directly to the Dashboard as a logged-in user, with no Telegram-link or Welcome step","Organic Signup Journey (Vietnamese)","2026-08-31","passed","2026-08-31","","OTP Page — correct verification","",""
"","507","TC_04 [English] - All 15 numbered sections are present","Privacy Policy (English)","2026-08-31","passed","2026-08-31","","","",""
"","4633","TC_48 [Vietnamese] - Verify rapid tab switching does not cause content overlap or errors","Profile Page (Vietnamese)","2026-08-31","passed","2026-08-31","","9. Tab Switching","",""
"","9609","TC_23 [English] - Verify each Recent Result card displays flags/logos for both competing teams","Team Details Page [English]","2026-08-31","passed","2026-08-31","","4. Recent Results [English]","",""
"","71396","TC_17 [English] — Clicking Continue with all fields valid redirects to the OTP page","Blue Moon — Signup Details Page (English)","2026-08-31","passed","2026-08-31","","","",""
"","184","TC_08 [Vietnamese] - Verify all four tabs (Lineups, Stats, Play by Play, Rankings) are displayed and Lineups is the default active tab","Recent Match Details Page [Vietnamese]","2026-08-31","passed","2026-08-31","","3. Match Detail Tabs [Vietnamese]","",""
"","5266","TC_06 [English] — Country code selector allows changing the default country code to another country","Organic Signup Journey (English)","2026-08-31","passed","2026-08-31","","Login/Join Page","",""
"","5188","TC_11 [English] - Verify Overview and Matches tabs display content on CONMEBOL Sudamericana 2026 page","Tournament Pages [English]","2026-08-31","passed","2026-08-31","","CONMEBOL Sudamericana 2026 [English]","",""
"","8869","TC_26 [English] — Telegram-linked status: Connect CTA enabled; Skip path shows no Telegram link","Link Telegram (English)","2026-08-31","passed","2026-08-31","","","",""
"","5180","TC_05 [English] - Verify Overview and Matches tabs display content on Africa Cup of Nations Qualification 2026 page","Tournament Pages [English]","2026-08-31","passed","2026-08-31","","Africa Cup of Nations Qualification 2026 [English]","",""
"","1589","TC_07 [English] - Verify hero 'Sign Up' button is displayed and redirects correctly","Landing Page Validation (English)","2026-08-31","passed","2026-08-31","","","",""
"","150145","TC_30 [English] - Verify standings displays position numbers 1 through 4","Recent Match Details Page [English]","2026-08-31","broken","2026-08-31","","8. Rankings Tab [English]","",""
"","233","TC_30 [Vietnamese] - Verify standings displays position numbers 1 through 4","Recent Match Details Page [Vietnamese]","2026-08-31","passed","2026-08-31","","8. Rankings Tab [Vietnamese]","",""
"","3440","TC_58 [English] - Verify no broken images or missing icons on the Profile page across all three tabs","Profile Page (English)","2026-08-31","passed","2026-08-31","","11. UI & Responsive","",""
"","1497","TC_22 [English] - Verify three Sign Up buttons are present across the Landing page","Landing Page Validation (English)","2026-08-31","passed","2026-08-31","","","",""
"","1030","TC_12 [English] — Continue is disabled by default on a freshly loaded page","Blue Moon — Signup Details Page (English)","2026-08-31","passed","2026-08-31","","","",""
"","3218","TC_04 [English] - Verify Dashboard Filters are displayed","Dashboard Validation (English)","2026-08-31","passed","2026-08-31","","","",""
"","282","TC_33 [Vietnamese] - Verify clicking Community tab makes it active and loads all 7 social channels","Profile Page (Vietnamese)","2026-08-31","passed","2026-08-31","","7. Community Tab","",""
"","3176","TC29 [English] — Account, Preferences and Community sections are present and navigable","Smoke Suite [English]","2026-08-31","passed","2026-08-31","","","",""
"","2759","TC_05 [English] - verify FIFA world cup banner is displayed and after clicking on it, It redirects to the FIFA page","Dashboard Validation (English)","2026-08-31","passed","2026-08-31","","","",""
"","2824","TC_09 [English] - Verify View All option is displayed in the Recent Results section and user is redirected to the Recent Results page after clicking it","Dashboard Validation (English)","2026-08-31","passed","2026-08-31","","","",""
"","7165","TC_35 [Vietnamese] — Refreshing mid-flow retains session so the user can continue","E2E Journey [Vietnamese]","2026-08-31","passed","2026-08-31","","","",""
"","18365","TC_44 [English] - Verify clicking YouTube row redirects to the YouTube channel in a new tab","Profile Page (English)","2026-08-31","broken","2026-08-31","","8. Community Tab – Social Redirections","",""
"","25982","TC_37 [Vietnamese] — User who exits at Link Telegram can resume onboarding on return","E2E Journey [Vietnamese]","2026-08-31","broken","2026-08-31","","","",""
"","20906","TC_23 [English] — Repeated incorrect OTP attempts are handled gracefully (no crash, consistent error/lockout)","Blue Moon — OTP Page (English)","2026-08-31","passed","2026-08-31","","","",""
"","5884","TC05 [Vietnamese] — Correct OTP navigates user to Link Telegram page","Smoke Suite [Vietnamese]","2026-08-31","passed","2026-08-31","","","",""
"","9804","TC_02 [Vietnamese] - Verify Team Details page is reachable and loads correctly from Africa Cup of Nations Qualification 2026","Team Details Page [Vietnamese]","2026-08-31","passed","2026-08-31","","1. Cross-Tournament Reachability [Vietnamese]","",""
"","531","TC_10 [English] - No horizontal overflow on mobile viewport","Privacy Policy (English)","2026-08-31","passed","2026-08-31","","","",""
"","505","TC_11 [English] - No horizontal overflow on mobile viewport","Terms of Use (English)","2026-08-31","passed","2026-08-31","","","",""
"","9615","TC_25 [Vietnamese] - Verify a drawn match displays correctly in the Recent Results section","Team Details Page [Vietnamese]","2026-08-31","passed","2026-08-31","","4. Recent Results [Vietnamese]","",""
"","3407","TC29 [Vietnamese] — Account, Preferences and Community sections are present and navigable","Smoke Suite [Vietnamese]","2026-08-31","passed","2026-08-31","","","",""
"","4313","TC_12 [English] - Verify Knockout tab presence and Standings tab content on CONMEBOL Sudamericana 2026 page","Tournament Pages [English]","2026-08-31","passed","2026-08-31","","CONMEBOL Sudamericana 2026 [English]","",""
"","480","TC_42 [Vietnamese] — Setting a 6-digit code fills the OTP field correctly and triggers submission","OTP Verification — Wrong-Attempt Tests [Vietnamese]","2026-08-31","passed","2026-08-31","","","",""
"","2657","TC_59 [Vietnamese] - Verify Profile page loads within 5 seconds","Profile Page (Vietnamese)","2026-08-31","passed","2026-08-31","","12. Performance","",""
"","5117","TC_32 [English] - Verify Overview and Matches tabs display content on Club Friendly Games 2026 page","Tournament Pages [English]","2026-08-31","passed","2026-08-31","","Club Friendly Games 2026 [English]","",""
"","234","TC_32 [Vietnamese] - Verify guest user name and Login/Signup button update to English after language switch","Profile Page (Vietnamese)","2026-08-31","passed","2026-08-31","","6. Guest User","",""
"","9679","TC_20 [Vietnamese] - Verify FIFA Ranking and Last 10 record display correctly for a national team","Team Details Page [Vietnamese]","2026-08-31","passed","2026-08-31","","3. Stats [Vietnamese]","",""
"","251","TC_33 [English] - Verify clicking Community tab makes it active and loads all 7 social channels","Profile Page (English)","2026-08-31","passed","2026-08-31","","7. Community Tab","",""
"","2910","TC_05 [English] — Country code dropdown shows a default value and opens to a scrollable country list","Blue Moon — Signup Details Page (English)","2026-08-31","passed","2026-08-31","","","",""
"","3480","TC_51 [Vietnamese] - Verify Terms of Service, Privacy Policy and Cookie Policy links each redirect to unique pages","Profile Page (Vietnamese)","2026-08-31","passed","2026-08-31","","10. Edge Cases","",""
"","6368","TC_01 [English] - Verify navigation to Canadian Premier League 2026 and URL/heading are correct","Tournament Pages [English]","2026-08-31","passed","2026-08-31","","Canadian Premier League 2026 [English]","",""
"","6458","TC_03 [English] — Clicking the profile icon as a guest redirects to Settings > Preferences tab, where a Login/Signup CTA is displayed","Organic Signup Journey (English)","2026-08-31","passed","2026-08-31","","Guest Dashboard","",""
"","20123","TC_13 [Vietnamese] - Verify Dashboard page loads without any broken UI elements","Dashboard Validation (Vietnamese)","2026-08-31","passed","2026-08-31","","","",""
"","5507","TC_09 [English] — Valid, new phone number triggers OTP dispatch and navigates to the OTP verification page","Details Page [English]","2026-08-31","passed","2026-08-31","","","",""
"","1237","TC_21 [English] - Verify Language section can be collapsed and re-expanded","Profile Page (English)","2026-08-31","passed","2026-08-31","","5. Preferences Tab","",""
"","360","TC_20 [English] — Verify OTP stays disabled while the OTP input is empty or partially filled","Blue Moon — OTP Page (English)","2026-08-31","passed","2026-08-31","","","",""
"","6008","TC_02 [Vietnamese] - Verify Overview and Matches tabs display content on Canadian Premier League 2026 page","Tournament Pages [Vietnamese]","2026-08-31","passed","2026-08-31","","Canadian Premier League 2026 [Vietnamese]","",""
"","1924","TC_07 [English] - Cross-reference link to Terms of Use navigates correctly","Privacy Policy (English)","2026-08-31","passed","2026-08-31","","","",""
"","3904","TC_02 [Vietnamese] - Verify Profile page is accessible via the Settings icon in the navigation","Profile Page (Vietnamese)","2026-08-31","passed","2026-08-31","","1. Page Load","",""
"","53","TC_14 [English] - Verify Cookie Policy row is displayed and clickable","Profile Page (English)","2026-08-31","passed","2026-08-31","","4. Account Tab","",""
"","54156","TC_11 [English] - Verify Dashboard sections are displayed in the correct sequence","Dashboard Validation (English)","2026-08-31","broken","2026-08-31","","","",""
"","2156","TC_26 [English] - Verify Play by Play section contains goal event entries","Recent Match Details Page [English]","2026-08-31","passed","2026-08-31","","6. Play by Play Tab [English]","",""
"","4961","TC_07 [English] — Phone number field accepts only numeric input and enforces correct digit length for the selected country","Organic Signup Journey (English)","2026-08-31","passed","2026-08-31","","Login/Join Page","",""
"","8402","TC_09 [English] — An inline validation error/disabled state is shown for an invalid/incomplete phone number","Organic Signup Journey (English)","2026-08-31","passed","2026-08-31","","Login/Join Page","",""
"","5500","TC_23 [English] - Verify Overview and Matches tabs display content on CONMEBOL Libertadores 2026 page","Tournament Pages [English]","2026-08-31","passed","2026-08-31","","CONMEBOL Libertadores 2026 [English]","",""
"","12270","TC_16 [English] - Verify tapping the favorite icon as a guest prompts sign-up/login","Team Details Page [English]","2026-08-31","passed","2026-08-31","","2. Navigation & Header [English]","",""
"","328","TC_06 [Vietnamese] - Verify clicking Team 1 logo navigates to Team 1 details page and back returns to match","Recent Match Details Page [Vietnamese]","2026-08-31","passed","2026-08-31","","2. Match Header [Vietnamese]","",""
"","31","TC_09 [Vietnamese] - Verify DATA & PRIVACY section heading is displayed correctly in the Account tab","Profile Page (Vietnamese)","2026-08-31","passed","2026-08-31","","4. Account Tab","",""
"","3201","TC_18 [Vietnamese] - Verify Knockout tab presence and Standings tab content on MLS 2026 page","Tournament Pages [Vietnamese]","2026-08-31","passed","2026-08-31","","MLS 2026 [Vietnamese]","",""
"","1473","TC_02 [English] - Verify brand logo is displayed on Landing page","Landing Page Validation (English)","2026-08-31","passed","2026-08-31","","","",""
"","34786","TC24 [English] — Clicking a player navigates to the Player Details page","Smoke Suite [English]","2026-08-31","failed","2026-08-31","","","",""
"","269","TC_01 [Vietnamese] - Verify the Logout option is visible on the Account tab of Settings","Logout (Vietnamese)","2026-08-31","passed","2026-08-31","","1. Logout Control Visibility & Non-Destructive Popup Checks [Vietnamese]","",""
"","2709","TC_05 [Vietnamese] - verify FIFA world cup banner is displayed and after clicking on it, It redirects to the FIFA page","Dashboard Validation (Vietnamese)","2026-08-31","passed","2026-08-31","","","",""
"","35","TC_19 [English] — Resend OTP is disabled during the countdown and enables once it expires","Blue Moon — OTP Page (English)","2026-08-31","passed","2026-08-31","","","",""
"","8571","TC_10 [English] — Terms & privacy disclaimer is shown on the login splash; Continue is gated purely by phone validity (no separate checkbox in the current build)","Organic Signup Journey (English)","2026-08-31","passed","2026-08-31","","Login/Join Page","",""
"","767","TC_10 [English] - Browser tab title contains ""Terms of Use""","Terms of Use (English)","2026-08-31","passed","2026-08-31","","","",""
"","9472","TC_14 [English] — Entering the correct OTP redirects directly to the Dashboard as a logged-in user, with no Telegram-link or Welcome step","Organic Signup Journey (English)","2026-08-31","passed","2026-08-31","","OTP Page — correct verification","",""
"","9542","TC_18 [Vietnamese] - Verify the team name and competition context line display correctly","Team Details Page [Vietnamese]","2026-08-31","passed","2026-08-31","","2. Navigation & Header [Vietnamese]","",""
"","5042","TC_11 [Vietnamese] - Verify Overview and Matches tabs display content on CONMEBOL Sudamericana 2026 page","Tournament Pages [Vietnamese]","2026-08-31","passed","2026-08-31","","CONMEBOL Sudamericana 2026 [Vietnamese]","",""
"","10004","TC_07 [Vietnamese] - Verify Team Details page is reachable and loads correctly from J1 League 26/27","Team Details Page [Vietnamese]","2026-08-31","passed","2026-08-31","","1. Cross-Tournament Reachability [Vietnamese]","",""
"","11176","TC_08 [English] - Verify Team Details page is reachable and loads correctly from CONMEBOL Libertadores 2026","Team Details Page [English]","2026-08-31","passed","2026-08-31","","1. Cross-Tournament Reachability [English]","",""
"","9643","TC_21 [Vietnamese] - Verify the General Info section displays the FIFA Ranking and points correctly","Team Details Page [Vietnamese]","2026-08-31","passed","2026-08-31","","3. Stats [Vietnamese]","",""
"","9939","TC_19 [English] — Resend OTP after countdown sends new OTP","OTP Verification (English)","2026-08-31","passed","2026-08-31","","","",""
"","127","TC_31 [Vietnamese] - Verify standings shows team logos for at least 4 teams","Recent Match Details Page [Vietnamese]","2026-08-31","passed","2026-08-31","","8. Rankings Tab [Vietnamese]","",""
"","2941","TC_36 [English] - Verify Knockout tab presence and Standings tab content on V-League 1 26/27 page","Tournament Pages [English]","2026-08-31","passed","2026-08-31","","V-League 1 26/27 [English]","",""
"","65","TC_12 [English] - Verify Privacy Policy row is displayed and clickable","Profile Page (English)","2026-08-31","passed","2026-08-31","","4. Account Tab","",""
"","30998","TC_09 [English] - Verify user can switch between Lineups, Stats, Play by Play and Rankings tabs","Recent Match Details Page [English]","2026-08-31","broken","2026-08-31","","3. Match Detail Tabs [English]","",""
"","33039","TC_16 [English] — Clicking ""Resend OTP""/""Gửi lại OTP"" after the countdown expires sends a new OTP and resets the timer","Organic Signup Journey (English)","2026-08-31","passed","2026-08-31","","OTP Page — resend","",""
"","2106","TC_26 [Vietnamese] - Verify Play by Play section contains goal event entries","Recent Match Details Page [Vietnamese]","2026-08-31","passed","2026-08-31","","6. Play by Play Tab [Vietnamese]","",""
"","3048","TC_53 [English] - Verify no JavaScript console errors appear across all three tabs","Profile Page (English)","2026-08-31","passed","2026-08-31","","10. Edge Cases","",""
"","34335","TC24 [Vietnamese] — Clicking a player navigates to the Player Details page","Smoke Suite [Vietnamese]","2026-08-31","failed","2026-08-31","","","",""
"","21571","TC_05 [Vietnamese] - Verify Team Details page is reachable and loads correctly from K-League 1 2026","Team Details Page [Vietnamese]","2026-08-31","passed","2026-08-31","","1. Cross-Tournament Reachability [Vietnamese]","",""
"","4147","TC20 [Vietnamese] — Team Details page loads successfully via an upcoming match's team link","Smoke Suite [Vietnamese]","2026-08-31","passed","2026-08-31","","","",""
"","31609","TC_11 [English] - Verify Team Details page is reachable and loads correctly from Club Friendly Games 2026","Team Details Page [English]","2026-08-31","skipped","2026-08-31","","1. Cross-Tournament Reachability [English]","",""
"","6514","TC15 [Vietnamese] — Upcoming match header shows logos, team names, competition and date/time","Smoke Suite [Vietnamese]","2026-08-31","passed","2026-08-31","","","",""
"","21434","TC_04 [English] — Clicking the Login/Signup CTA on the Preferences tab navigates to the phone number entry page","Organic Signup Journey (English)","2026-08-31","passed","2026-08-31","","Guest Dashboard","",""
"","2163","TC_08 [English] - Verify dismissing the confirmation popup via Esc key keeps the user logged in","Logout (English)","2026-08-31","passed","2026-08-31","","1. Logout Control Visibility & Non-Destructive Popup Checks","",""
"","4476","TC_48 [English] - Verify rapid tab switching does not cause content overlap or errors","Profile Page (English)","2026-08-31","passed","2026-08-31","","9. Tab Switching","",""
"","2626","TC_07 [English] — A valid 10-digit Indian number is accepted with no validation error","Blue Moon — Signup Details Page (English)","2026-08-31","passed","2026-08-31","","","",""
"","9051","TC_15 [English] — Entering an incorrect OTP displays an error and allows the user to retry","Organic Signup Journey (English)","2026-08-31","passed","2026-08-31","","OTP Page — incorrect code","",""
"","9565","TC_29 [English] - Verify each competition entry displays an icon and name","Team Details Page [English]","2026-08-31","passed","2026-08-31","","5. Competitions [English]","",""
"","6315","TC_02 [Vietnamese] — Clicking the Login/Signup CTA in the header navigates to the phone number entry page","Organic Signup Journey (Vietnamese)","2026-08-31","passed","2026-08-31","","Guest Dashboard","",""
"","10668","TC_06 [English] - Verify Team Details page is reachable and loads correctly from MLS 2026","Team Details Page [English]","2026-08-31","passed","2026-08-31","","1. Cross-Tournament Reachability [English]","",""
"","94","TC_02 [Vietnamese] - Verify the Logout button displays the correct label and icon","Logout (Vietnamese)","2026-08-31","passed","2026-08-31","","1. Logout Control Visibility & Non-Destructive Popup Checks [Vietnamese]","",""
"","10737","TC_10 [English] — Repeated Sign Up submissions are rate-limited or accepted","Signup Journey — Join Page (English)","2026-08-31","passed","2026-08-31","","","",""
"","139","TC_08 [English] - Verify clicking Account tab makes it active and loads DATA & PRIVACY section with all three rows","Profile Page (English)","2026-08-31","passed","2026-08-31","","4. Account Tab","",""
"","5872","TC_08 [Vietnamese] — Submitting a phone number already associated with an existing account is handled appropriately","Details Page [Vietnamese]","2026-08-31","passed","2026-08-31","","","",""
"","5602","TC_01 [English] — Sign Up CTA on landing navigates to the Details page","Red Journey V4 (English) — Landing Page","2026-08-31","passed","2026-08-31","","","",""
"","10513","TC_22 [English] — Submitting the already-registered phone number reaches OTP dispatch the same as any number (no duplicate-account path)","Organic Signup Journey (English)","2026-08-31","passed","2026-08-31","","End-to-End Journeys — entry points reach OTP dispatch","",""
"","52","TC_31 [English] - Verify guest user name and Login/Signup button are displayed correctly in English","Profile Page (English)","2026-08-31","passed","2026-08-31","","6. Guest User","",""
"","180","TC_32 [English] - Verify guest user name and Login/Signup button update to Vietnamese after language switch","Profile Page (English)","2026-08-31","passed","2026-08-31","","6. Guest User","",""
"","2319","TC_24 [English] - Verify clicking Play by Play tab loads match event content","Recent Match Details Page [English]","2026-08-31","passed","2026-08-31","","6. Play by Play Tab [English]","",""
"","5972","TC_45 [English] - Verify Profile page URL is correct after navigating away to Dashboard and returning","Profile Page (English)","2026-08-31","passed","2026-08-31","","9. Tab Switching","",""
"","25849","TC_20 [English] — Correct OTP navigates to the Link Telegram page","OTP Verification [English]","2026-08-31","broken","2026-08-31","","","",""
"","7701","TC_09 [English] — Valid phone and name navigates to OTP page","Signup Journey — Join Page (English)","2026-08-31","passed","2026-08-31","","","",""
"","282","TC_17 [Vietnamese] - Verify Goalkeeping section is displayed with Corners stat row","Recent Match Details Page [Vietnamese]","2026-08-31","passed","2026-08-31","","5. Stats Tab [Vietnamese]","",""
"","2560","TC_08 [Vietnamese] - Verify Recent Result cards display completed match information","Dashboard Validation (Vietnamese)","2026-08-31","passed","2026-08-31","","","",""
"","30134","TC_32 [English] - Verify standings shows a team name for each of at least 4 teams","Recent Match Details Page [English]","2026-08-31","failed","2026-08-31","","8. Rankings Tab [English]","",""
"","210","TC_12 [English] - Verify player name labels are visible in the lineup pitch area","Recent Match Details Page [English]","2026-08-31","passed","2026-08-31","","4. Lineups Tab [English]","",""
"","2697","TC_07 [Vietnamese] - Verify View All option is displayed in the Upcoming section and user is redirected to the Upcoming Matches page after clicking it","Dashboard Validation (Vietnamese)","2026-08-31","passed","2026-08-31","","","",""
