"DESCRIPTION","DURATION IN MS","NAME","PARENT SUITE","START TIME","STATUS","STOP TIME","SUB SUITE","SUITE","TEST CLASS","TEST METHOD"
"","18016","TC_13 [Vietnamese] - Verify searching by dial code filters the country list","Beat SFC [Vietnamese]","2026-09-02","broken","2026-09-02","","Express Signup - Login/OTP Popup [Vietnamese]","",""
"","2855","TC_05 [English] - verify FIFA world cup banner is displayed and after clicking on it, It redirects to the FIFA page","Dashboard Validation (English)","2026-09-02","passed","2026-09-02","","","",""
"","31933","TC_30 [Vietnamese] - Verify language setting applies globally to other pages such as Dashboard","Profile Page (Vietnamese)","2026-09-02","broken","2026-09-02","","5. Preferences Tab","",""
"","1505","TC_10 [English] - Verify Personalisation interest chip images (FIFA WC™, Brazil, Neymar Jr.) are displayed","Landing Page Validation (English)","2026-09-02","passed","2026-09-02","","","",""
"","1646","TC_07 [English] — Terms and Privacy links preserve entered phone number","Signup Journey — Join Page (English)","2026-09-02","passed","2026-09-02","","","",""
"","12091","TC08 [English] — User is fully authenticated on Dashboard after completing signup","Smoke Suite [English]","2026-09-02","broken","2026-09-02","","","",""
"","450","TC_04 [English] - All 15 numbered sections are present","Privacy Policy (English)","2026-09-02","passed","2026-09-02","","","",""
"","3834","TC_11 [English] — Valid phone number triggers OTP dispatch and navigates to the OTP verification page","Organic Signup Journey (English)","2026-09-02","passed","2026-09-02","","OTP Page — submission and display","",""
"","124","TC_04 [English] - Verify date/time element in header contains numeric content","Upcoming Match Details Page [English]","2026-09-02","passed","2026-09-02","","2. Match Header [English]","",""
"","3270","TC_27 [Vietnamese] - Verify Knockout tab presence and Standings tab content on Brasileiro Serie A 2026 page","Tournament Pages [Vietnamese]","2026-09-02","passed","2026-09-02","","Brasileiro Serie A 2026 [Vietnamese]","",""
"","1482","TC_14 [English] - Verify Prediction card with Argentina and France data is displayed","Landing Page Validation (English)","2026-09-02","passed","2026-09-02","","","",""
"","9009","TC_01 [Vietnamese] - Verify Team Details page is reachable and loads correctly from Canadian Premier League 2026","Team Details Page [Vietnamese]","2026-09-02","passed","2026-09-02","","1. Cross-Tournament Reachability [Vietnamese]","",""
"","5091","TC_17 [English] — Clicking Continue with all fields valid redirects to the OTP page","Blue Moon — Signup Details Page (English)","2026-09-02","passed","2026-09-02","","","",""
"","5306","TC_07 [English] - Verify navigation to Brasileiro Serie B 2026 and URL/heading are correct","Tournament Pages [English]","2026-09-02","passed","2026-09-02","","Brasileiro Serie B 2026 [English]","",""
"","0","TC_39 [English] - Verify clicking Viber row redirects to the Viber channel in a new tab [Viber removed from Community tab]","","2026-09-02","skipped","2026-09-02","","","",""
"","0","TC_24 [English] — Direct URL to link-telegram is blocked without OTP verification [Product defect: route not protected]","","2026-09-02","skipped","2026-09-02","","","",""
"","72694","TC_15 [Vietnamese] — Entering an incorrect OTP displays an error and allows the user to retry","Organic Signup Journey (Vietnamese)","2026-09-02","passed","2026-09-02","","OTP Page — incorrect code","",""
"","9734","TC_16 [Vietnamese] - Verify tapping the favorite icon as a guest prompts sign-up/login","Team Details Page [Vietnamese]","2026-09-02","passed","2026-09-02","","2. Navigation & Header [Vietnamese]","",""
"","5394","TC14 [Vietnamese] — Clicking an upcoming match card navigates to Match Details page","Smoke Suite [Vietnamese]","2026-09-02","passed","2026-09-02","","","",""
"","30047","TC_31 [English] - Verify standings shows team logos for at least 4 teams","Recent Match Details Page [English]","2026-09-02","broken","2026-09-02","","8. Rankings Tab [English]","",""
"","189","TC_08 [English] - Verify clicking Account tab makes it active and loads DATA & PRIVACY section with all three rows","Profile Page (English)","2026-09-02","passed","2026-09-02","","4. Account Tab","",""
"","1532","TC_12 [English] — Phone and name fields are safe against injection-style input","Signup Journey — Join Page (English)","2026-09-02","passed","2026-09-02","","","",""
"","624","TC_35 [Vietnamese] - Verify all 7 social channel rows display correct channel names","Profile Page (Vietnamese)","2026-09-02","passed","2026-09-02","","7. Community Tab","",""
"","19030","TC_04 [Vietnamese] — Clicking the Login/Signup CTA on the Preferences tab navigates to the phone number entry page","Organic Signup Journey (Vietnamese)","2026-09-02","passed","2026-09-02","","Guest Dashboard","",""
"","2974","TC_18 [English] - Verify clicking a Trending Series card navigates to the series detail page","Dashboard Validation (English)","2026-09-02","passed","2026-09-02","","","",""
"","1264","TC26 [Vietnamese] — Profile header displays Guest state and Login/Signup button","Smoke Suite [Vietnamese]","2026-09-02","passed","2026-09-02","","","",""
"","1798","TC_43 [English] — Repeated wrong OTP attempts trigger lockout or throttling","OTP Verification — Wrong-Attempt Tests [English]","2026-09-02","passed","2026-09-02","","","",""
"","7128","TC_07 [Vietnamese] - Verify Cancel/No on the logout confirmation popup keeps the user logged in","Logout (Vietnamese)","2026-09-02","passed","2026-09-02","","1. Logout Control Visibility & Non-Destructive Popup Checks [Vietnamese]","",""
"","295","TC_27 [English] - Verify team names in match header match team names shown in Lineups tab","Recent Match Details Page [English]","2026-09-02","passed","2026-09-02","","7. Data Consistency [English]","",""
"","3470","TC_31 [English] - Verify clicking Team B WIN in Guess the Winner triggers the Express Signup popup","Beat SFC [English]","2026-09-02","passed","2026-09-02","","Match Details - Beat Aiko Widgets (Pre-login) [English]","",""
"","3423","TC_24 [English] - Verify Knockout tab presence and Standings tab content on CONMEBOL Libertadores 2026 page","Tournament Pages [English]","2026-09-02","passed","2026-09-02","","CONMEBOL Libertadores 2026 [English]","",""
"","1904","TC_12 [English] — Phone number field sanitizes/rejects script or injection-style input without executing it or causing errors","Details Page [English]","2026-09-02","passed","2026-09-02","","","",""
"","84","TC_02 [English] - Verify the Logout button displays the correct label and icon","Logout (English)","2026-09-02","passed","2026-09-02","","1. Logout Control Visibility & Non-Destructive Popup Checks","",""
"","3443","TC_04 [English] - Verify Dashboard Filters are displayed","Dashboard Validation (English)","2026-09-02","passed","2026-09-02","","","",""
"","248","TC_13 [English] - Verify Team Statistics section heading is displayed","Recent Match Details Page [English]","2026-09-02","passed","2026-09-02","","5. Stats Tab [English]","",""
"","121","TC_23 [English] - Verify Vietnamese language option displays 🇻🇳 flag and Tiếng Việt sub-label","Profile Page (English)","2026-09-02","passed","2026-09-02","","5. Preferences Tab","",""
"","907","TC_27 [English] - Verify only one language can be selected at a time (mutual exclusion)","Profile Page (English)","2026-09-02","passed","2026-09-02","","5. Preferences Tab","",""
"","143","TC_25 [Vietnamese] - Verify selecting English highlights it with a filled selection indicator","Profile Page (Vietnamese)","2026-09-02","passed","2026-09-02","","5. Preferences Tab","",""
"","3229","TC_19 [English] — Network failure during OTP verification shows an appropriate error","OTP Verification [English]","2026-09-02","passed","2026-09-02","","","",""
"","15036","TC_12 [Vietnamese] - Verify no leftover authenticated data is shown after logout completes","Logout (Vietnamese)","2026-09-02","broken","2026-09-02","","2. Logout Execution & Redirect [Vietnamese]","",""
"","22946","TC_36 [English] — Language (English) persists consistently across all steps of the journey","E2E Journey [English]","2026-09-02","broken","2026-09-02","","","",""
"","5610","TC_01 [English] - Verify navigation to Canadian Premier League 2026 and URL/heading are correct","Tournament Pages [English]","2026-09-02","passed","2026-09-02","","Canadian Premier League 2026 [English]","",""
"","2235","TC_49 [English] - Verify language selection in Preferences tab persists when switching to other tabs and back","Profile Page (English)","2026-09-02","passed","2026-09-02","","9. Tab Switching","",""
"","2060","TC_19 [Vietnamese] — No Login/Signup CTA is shown anywhere in Settings once the user is logged in","Organic Signup Journey (Vietnamese)","2026-09-02","passed","2026-09-02","","Post-Login Dashboard and Settings","",""
"","6542","TC_30 [English] — ""Go to sportsfc.fans"" navigates to the Dashboard","Welcome Page (English)","2026-09-02","passed","2026-09-02","","","",""
"","16947","TC_44 [English] - Verify clicking YouTube row redirects to the YouTube channel in a new tab","Profile Page (English)","2026-09-02","broken","2026-09-02","","8. Community Tab – Social Redirections","",""
"","6870","TC_36 [English] — User who exits at Link Telegram can resume onboarding on return","E2E Journey (English)","2026-09-02","passed","2026-09-02","","","",""
"","6471","TC07 [Vietnamese] — ""Đi tới sportsfc.fans →"" on Welcome page navigates to the Dashboard","Smoke Suite [Vietnamese]","2026-09-02","passed","2026-09-02","","","",""
"","5299","TC_10 [Vietnamese] - Verify navigation to CONMEBOL Sudamericana 2026 and URL/heading are correct","Tournament Pages [Vietnamese]","2026-09-02","passed","2026-09-02","","CONMEBOL Sudamericana 2026 [Vietnamese]","",""
"","143603","TC_07 [Vietnamese] - Verify Team Details page is reachable and loads correctly from J1 League 26/27","Team Details Page [Vietnamese]","2026-09-02","skipped","2026-09-02","","1. Cross-Tournament Reachability [Vietnamese]","",""
"","3416","TC_27 [Vietnamese] - Verify navigating to Match Details via the Match Card (not the banner) shows no popup and all 3 Beat Aiko sections are visible","Beat SFC [Vietnamese]","2026-09-02","passed","2026-09-02","","Match Details - Beat Aiko Widgets (Pre-login) [Vietnamese]","",""
"","10833","TC_33 [English] — Back button at each step returns to previous step, not forward in flow","E2E Journey (English)","2026-09-02","passed","2026-09-02","","","",""
"","6672","TC_27 [English] - Verify an appropriate state is shown when the team has no recent results","Team Details Page [English]","2026-09-02","passed","2026-09-02","","4. Recent Results [English]","",""
"","84965","TC_09 [Vietnamese] - Verify Team Details page is reachable and loads correctly from Brasileiro Serie A 2026","Team Details Page [Vietnamese]","2026-09-02","skipped","2026-09-02","","1. Cross-Tournament Reachability [Vietnamese]","",""
"","268","TC_33 [Vietnamese] - Verify clicking Community tab makes it active and loads all 7 social channels","Profile Page (Vietnamese)","2026-09-02","passed","2026-09-02","","7. Community Tab","",""
"","2543","TC_14 [English] — Continue stays disabled with only the mobile number filled","Blue Moon — Signup Details Page (English)","2026-09-02","passed","2026-09-02","","","",""
"","2952","TC_21 [Vietnamese] - Verify Knockout tab presence and Standings tab content on J1 League 26/27 page","Tournament Pages [Vietnamese]","2026-09-02","passed","2026-09-02","","J1 League 26/27 [Vietnamese]","",""
"","6534","TC_17 [English] - Verify the team crest/flag icon displays correctly","Team Details Page [English]","2026-09-02","passed","2026-09-02","","2. Navigation & Header [English]","",""
"","1590","TC_15 [Vietnamese] - Verify clicking Cookie Policy redirects to the Cookie Policy page","Profile Page (Vietnamese)","2026-09-02","passed","2026-09-02","","4. Account Tab","",""
"","2207","TC_11 [English] — Blank/whitespace-only name keeps Continue disabled","Blue Moon — Signup Details Page (English)","2026-09-02","passed","2026-09-02","","","",""
"","485","TC_06 [English] - Minimum age requirement (18 years) is stated","Terms of Use (English)","2026-09-02","passed","2026-09-02","","","",""
"","6561","TC_13 [Vietnamese] — Network failure on Sign Up shows an appropriate error","Details Page [Vietnamese]","2026-09-02","passed","2026-09-02","","","",""
"","1380","TC25 [English] — Profile page loads successfully via direct URL","Smoke Suite [English]","2026-09-02","passed","2026-09-02","","","",""
"","82","TC_12 [English] - Verify Privacy Policy row is displayed and clickable","Profile Page (English)","2026-09-02","passed","2026-09-02","","4. Account Tab","",""
"","497","TC_10 [English] - No horizontal overflow on mobile viewport","Privacy Policy (English)","2026-09-02","passed","2026-09-02","","","",""
"","17050","TC_42 [English] - Verify clicking Instagram row redirects to the Instagram profile in a new tab","Profile Page (English)","2026-09-02","broken","2026-09-02","","8. Community Tab – Social Redirections","",""
"","5114","TC_13 [Vietnamese] - Verify navigation to K-League 1 2026 and URL/heading are correct","Tournament Pages [Vietnamese]","2026-09-02","passed","2026-09-02","","K-League 1 2026 [Vietnamese]","",""
"","58","TC_04 [English] - Verify final score is displayed between team names in match header","Recent Match Details Page [English]","2026-09-02","passed","2026-09-02","","2. Match Header [English]","",""
"","123","TC_12 [Vietnamese] — Page displays the exact phone number entered, 6 separate OTP boxes, and an active resend countdown","Organic Signup Journey (Vietnamese)","2026-09-02","passed","2026-09-02","","OTP Page — submission and display","",""
"","3061","TC_20 [English] - Verify Overview and Matches tabs display content on J1 League 26/27 page","Tournament Pages [English]","2026-09-02","passed","2026-09-02","","J1 League 26/27 [English]","",""
"","4998","TC_01 [Vietnamese] — Sign Up CTA on landing navigates to the Details page","Red Journey V4 (Vietnamese) — Landing Page","2026-09-02","passed","2026-09-02","","","",""
"","3133","TC_15 [English] - Verify Knockout tab presence and Standings tab content on K-League 1 2026 page","Tournament Pages [English]","2026-09-02","passed","2026-09-02","","K-League 1 2026 [English]","",""
"","8513","TC_05 [English] - Verify the Logout button is reachable and operable via keyboard","Logout (English)","2026-09-02","passed","2026-09-02","","1. Logout Control Visibility & Non-Destructive Popup Checks","",""
"","5962","TC_34 [Vietnamese] — Back button at each step returns to previous step, not forward in flow","E2E Journey [Vietnamese]","2026-09-02","passed","2026-09-02","","","",""
"","1474","TC_57 [Vietnamese] - Verify Profile page layout is correct on tablet viewport 768x1024","Profile Page (Vietnamese)","2026-09-02","passed","2026-09-02","","11. UI & Responsive","",""
"","1378","TC_17 [English] - Verify The Edge section widgets (MATCH PREDICTION, KEY INSIGHTS) are displayed","Landing Page Validation (English)","2026-09-02","passed","2026-09-02","","","",""
"","6160","TC_26 [English] — Telegram-linked status: Connect CTA enabled; Skip path shows no Telegram link","Link Telegram (English)","2026-09-02","passed","2026-09-02","","","",""
"","121","TC_18 [English] - Verify Profile header Login/Signup button remains visible and functional on Account tab","Profile Page (English)","2026-09-02","passed","2026-09-02","","4. Account Tab","",""
"","760","TC_10 [English] - Browser tab title contains ""Terms of Use""","Terms of Use (English)","2026-09-02","passed","2026-09-02","","","",""
"","392","TC_07 [English] - Verify all four tabs are displayed and Overview is active by default","Upcoming Match Details Page [English]","2026-09-02","passed","2026-09-02","","3. Match Detail Tabs [English]","",""
"","134","TC_31 [Vietnamese] - Verify guest user name and Login/Signup button are displayed correctly in Vietnamese","Profile Page (Vietnamese)","2026-09-02","passed","2026-09-02","","6. Guest User","",""
"","7224","TC_02 [English] - Verify Team Details page is reachable and loads correctly from Africa Cup of Nations Qualification 2026","Team Details Page [English]","2026-09-02","passed","2026-09-02","","1. Cross-Tournament Reachability [English]","",""
"","451","TC_08 [English] - Governing law (Samoa) jurisdiction clause is present","Terms of Use (English)","2026-09-02","passed","2026-09-02","","","",""
"","1829","TC_43 [Vietnamese] — Repeated wrong OTP attempts trigger lockout or throttling","OTP Verification — Wrong-Attempt Tests [Vietnamese]","2026-09-02","passed","2026-09-02","","","",""
"","2467","TC_10 [English] - Verify 'Continue' button is disabled when the phone number field is empty","Beat SFC [English]","2026-09-02","passed","2026-09-02","","Express Signup - Login/OTP Popup [English]","",""
"","5829","TC_05 [English] — Page loads with heading, description, country code selector, phone field, Continue button and reCAPTCHA disclaimer","Organic Signup Journey (English)","2026-09-02","passed","2026-09-02","","Login/Join Page","",""
"","3270","TC_23 [English] - Verify Overview and Matches tabs display content on CONMEBOL Libertadores 2026 page","Tournament Pages [English]","2026-09-02","passed","2026-09-02","","CONMEBOL Libertadores 2026 [English]","",""
"","108","TC_31 [English] - Verify guest user name and Login/Signup button are displayed correctly in English","Profile Page (English)","2026-09-02","passed","2026-09-02","","6. Guest User","",""
"","11269","TC_13 [English] — Network failure on Sign Up shows an appropriate error","Signup Journey — Join Page (English)","2026-09-02","passed","2026-09-02","","","",""
"","268","TC_30 [English] - Verify Match Information section shows match date and venue details","Upcoming Match Details Page [English]","2026-09-02","passed","2026-09-02","","6. Stats Tab [English]","",""
"","7227","TC_10 [Vietnamese] - Verify Team Details page is reachable and loads correctly from Int. Friendly Games 2026","Team Details Page [Vietnamese]","2026-09-02","passed","2026-09-02","","1. Cross-Tournament Reachability [Vietnamese]","",""
"","1464","TC_57 [English] - Verify Profile page layout is correct on tablet viewport 768x1024","Profile Page (English)","2026-09-02","passed","2026-09-02","","11. UI & Responsive","",""
"","7733","TC_15 [English] — Entering an incorrect OTP displays an error and allows the user to retry","Organic Signup Journey (English)","2026-09-02","passed","2026-09-02","","OTP Page — incorrect code","",""
"","224","TC_14 [English] - Verify Team Statistics section shows numeric stat comparison values","Recent Match Details Page [English]","2026-09-02","passed","2026-09-02","","5. Stats Tab [English]","",""
"","198","TC_07 [English] - Verify clicking Team 2 logo navigates to Team 2 details page and back returns to match","Recent Match Details Page [English]","2026-09-02","passed","2026-09-02","","2. Match Header [English]","",""
"","2750","TC_11 [English] - Verify Overview and Matches tabs display content on CONMEBOL Sudamericana 2026 page","Tournament Pages [English]","2026-09-02","passed","2026-09-02","","CONMEBOL Sudamericana 2026 [English]","",""
"","5572","TC03 [English] — Existing account phone submission on Join page is handled appropriately","Smoke Suite [English]","2026-09-02","passed","2026-09-02","","","",""
"","287","TC_33 [English] - Verify clicking Community tab makes it active and loads all 7 social channels","Profile Page (English)","2026-09-02","passed","2026-09-02","","7. Community Tab","",""
"","399","TC_05 [English] - Verify clicking Team 1 logo navigates to Team 1 details page and back returns to match","Upcoming Match Details Page [English]","2026-09-02","passed","2026-09-02","","2. Match Header [English]","",""
"","2859","TC_35 [English] - Verify Overview and Matches tabs display content on V-League 1 26/27 page","Tournament Pages [English]","2026-09-02","passed","2026-09-02","","V-League 1 26/27 [English]","",""
"","5155","TC_18 [English] — Resend OTP after the countdown expires sends a new OTP and resets the timer","OTP Verification [English]","2026-09-02","passed","2026-09-02","","","",""
"","6809","TC08 [Vietnamese] — User is fully authenticated on Dashboard after completing signup","Smoke Suite [Vietnamese]","2026-09-02","passed","2026-09-02","","","",""
"","2874","TC_14 [Vietnamese] - Verify Overview and Matches tabs display content on K-League 1 2026 page","Tournament Pages [Vietnamese]","2026-09-02","passed","2026-09-02","","K-League 1 2026 [Vietnamese]","",""
"","184","TC_19 [Vietnamese] - Verify clicking Preferences tab makes it active and loads Language section with language options","Profile Page (Vietnamese)","2026-09-02","passed","2026-09-02","","5. Preferences Tab","",""
"","13457","TC_34 [Vietnamese] - Verify switching from one team's page to another's fully refreshes with no stale data","Team Details Page [Vietnamese]","2026-09-02","passed","2026-09-02","","6. Data Integrity [Vietnamese]","",""
"","2712","TC01 [Vietnamese] — Landing page loads successfully for a logged-out user","Smoke Suite [Vietnamese]","2026-09-02","passed","2026-09-02","","","",""
"","30047","TC_29 [English] - Verify standings table shows at least 4 team entries","Recent Match Details Page [English]","2026-09-02","broken","2026-09-02","","8. Rankings Tab [English]","",""
"","15626","TC_08 [English] - Verify dismissing the confirmation popup via Esc key keeps the user logged in","Logout (English)","2026-09-02","passed","2026-09-02","","1. Logout Control Visibility & Non-Destructive Popup Checks","",""
"","3009","TC_14 [Vietnamese] - Verify clicking the Today filter displays filtered match results","Dashboard Validation (Vietnamese)","2026-09-02","passed","2026-09-02","","","",""
"","2778","TC_16 [Vietnamese] - Verify clicking the All Matches filter displays filtered match results","Dashboard Validation (Vietnamese)","2026-09-02","passed","2026-09-02","","","",""
"","300","TC_12 [English] - Verify Both Teams Score section shows Yes and No buttons","Upcoming Match Details Page [English]","2026-09-02","passed","2026-09-02","","4. Overview Tab [English]","",""
"","2089","TC_47 [English] - Verify active tab indicator updates on each tab click","Profile Page (English)","2026-09-02","passed","2026-09-02","","9. Tab Switching","",""
"","517","TC_28 [Vietnamese] - Verify switching to English changes the entire page UI language to English","Profile Page (Vietnamese)","2026-09-02","passed","2026-09-02","","5. Preferences Tab","",""
"","3888","TC15 [English] — Upcoming match header shows logos, team names, competition and date/time","Smoke Suite [English]","2026-09-02","passed","2026-09-02","","","",""
"","765","TC_03 [English] - Verify header shows team logos, team names, competition name and date/time","Upcoming Match Details Page [English]","2026-09-02","passed","2026-09-02","","2. Match Header [English]","",""
"","2838","TC_08 [English] - Verify Recent Result cards display completed match information","Dashboard Validation (English)","2026-09-02","passed","2026-09-02","","","",""
"","2776","TC_32 [Vietnamese] - Verify Overview and Matches tabs display content on Club Friendly Games 2026 page","Tournament Pages [Vietnamese]","2026-09-02","passed","2026-09-02","","Club Friendly Games 2026 [Vietnamese]","",""
"","21242","TC_23 [English] — Repeated incorrect OTP attempts are handled gracefully (no crash, consistent error/lockout)","Blue Moon — OTP Page (English)","2026-09-02","passed","2026-09-02","","","",""
"","16911","TC28 [Vietnamese] — Confirming the logout popup is accepted without error","Smoke Suite [Vietnamese]","2026-09-02","passed","2026-09-02","","TC27-TC28 — Logout [Vietnamese]","",""
"","91","TC_07 [English] - Verify Preferences tab is the default active tab on page load","Profile Page (English)","2026-09-02","passed","2026-09-02","","3. Tab Navigation","",""
"","265","TC_25 [English] - Verify Goalkeeping section is displayed with Corners stat row","Upcoming Match Details Page [English]","2026-09-02","passed","2026-09-02","","6. Stats Tab [English]","",""
"","3195","TC17 [English] — Completed match header shows logos, team names and competition name","Smoke Suite [English]","2026-09-02","passed","2026-09-02","","","",""
"","1452","TC_13 [English] - Verify Live Alerts card is displayed in the Feed section","Landing Page Validation (English)","2026-09-02","passed","2026-09-02","","","",""
"","2971","TC_07 [English] - Verify View All option is displayed in the Upcoming section and user is redirected to the Upcoming Matches page after clicking it","Dashboard Validation (English)","2026-09-02","passed","2026-09-02","","","",""
"","6325","TC_17 [Vietnamese] - Verify the team crest/flag icon displays correctly","Team Details Page [Vietnamese]","2026-09-02","passed","2026-09-02","","2. Navigation & Header [Vietnamese]","",""
"","194","TC_19 [English] - Verify Passing section shows numeric stat comparison values","Recent Match Details Page [English]","2026-09-02","passed","2026-09-02","","5. Stats Tab [English]","",""
"","199","TC_36 [English] - Verify standings shows a team name for each of at least 4 teams","Upcoming Match Details Page [English]","2026-09-02","passed","2026-09-02","","8. Rankings Tab [English]","",""
"","109","TC_10 [English] - Verify win prediction section shows percentage values","Upcoming Match Details Page [English]","2026-09-02","passed","2026-09-02","","4. Overview Tab [English]","",""
"","3080","TC_13 [English] - Verify Dashboard page loads without any broken UI elements","Dashboard Validation (English)","2026-09-02","passed","2026-09-02","","","",""
"","2121","TC_02 [Vietnamese] - Verify Profile page is accessible via the Settings icon in the navigation","Profile Page (Vietnamese)","2026-09-02","passed","2026-09-02","","1. Page Load","",""
"","6833","TC_22 [English] - Verify the Recent Results section displays the team's recent matches","Team Details Page [English]","2026-09-02","passed","2026-09-02","","4. Recent Results [English]","",""
"","9367","TC_23 [English] — Network failure during OTP verification shows an appropriate error","OTP Verification (English)","2026-09-02","passed","2026-09-02","","","",""
"","3009","TC_13 [Vietnamese] - Verify Dashboard page loads without any broken UI elements","Dashboard Validation (Vietnamese)","2026-09-02","passed","2026-09-02","","","",""
"","121","TC_23 [Vietnamese] - Verify Vietnamese language option displays 🇻🇳 flag and Tiếng Việt sub-label","Profile Page (Vietnamese)","2026-09-02","passed","2026-09-02","","5. Preferences Tab","",""
"","2498","TC_32 [Vietnamese] - Verify an invalid/non-existent team slug is handled gracefully","Team Details Page [Vietnamese]","2026-09-02","passed","2026-09-02","","6. Data Integrity [Vietnamese]","",""
"","6521","TC_31 [English] - Verify no duplicate competition entries are shown for the same tournament","Team Details Page [English]","2026-09-02","passed","2026-09-02","","5. Competitions [English]","",""
"","2959","TC_11 [English] — Phone numbers with extra formatting characters (spaces, dashes, leading zero) are normalized consistently","Details Page [English]","2026-09-02","passed","2026-09-02","","","",""
"","2743","TC_03 [English] — Country code selector defaults to +91 and can be changed to another country","Details Page [English]","2026-09-02","failed","2026-09-02","","","",""
"","8044","TC_22 [Vietnamese] — Submitting the already-registered phone number reaches OTP dispatch the same as any number (no duplicate-account path)","Organic Signup Journey (Vietnamese)","2026-09-02","passed","2026-09-02","","End-to-End Journeys — entry points reach OTP dispatch","",""
"","748","TC_01 [Vietnamese] - Verify the Logout option is visible on the Account tab of Settings","Logout (Vietnamese)","2026-09-02","passed","2026-09-02","","1. Logout Control Visibility & Non-Destructive Popup Checks [Vietnamese]","",""
"","6936","TC_30 [Vietnamese] - Verify the Competitions list remains reachable when scrolled","Team Details Page [Vietnamese]","2026-09-02","passed","2026-09-02","","5. Competitions [Vietnamese]","",""
"","17096","TC_44 [Vietnamese] - Verify clicking YouTube row redirects to the YouTube channel in a new tab","Profile Page (Vietnamese)","2026-09-02","broken","2026-09-02","","8. Community Tab – Social Redirections","",""
"","30907","TC_09 [English] - Verify user can switch between Lineups, Stats, Play by Play and Rankings tabs","Recent Match Details Page [English]","2026-09-02","broken","2026-09-02","","3. Match Detail Tabs [English]","",""
"","2866","TC10 [Vietnamese] — Clicking the featured-competition promo banner navigates to that competition page","Smoke Suite [Vietnamese]","2026-09-02","passed","2026-09-02","","","",""
"","442","TC_04 [Vietnamese] - Verify Profile header displays Guest username and Login/Signup button for guest user","Profile Page (Vietnamese)","2026-09-02","passed","2026-09-02","","2. Profile Header","",""
"","2844","TC_29 [English] - Verify Overview and Matches tabs display content on Int. Friendly Games 2026 page","Tournament Pages [English]","2026-09-02","passed","2026-09-02","","Int. Friendly Games 2026 [English]","",""
"","9775","TC_20 [Vietnamese] — Header Login/Signup CTA path reaches OTP dispatch","Organic Signup Journey (Vietnamese)","2026-09-02","passed","2026-09-02","","End-to-End Journeys — entry points reach OTP dispatch","",""
"","201","TC_08 [Vietnamese] - Verify clicking Account tab makes it active and loads DATA & PRIVACY section with all three rows","Profile Page (Vietnamese)","2026-09-02","passed","2026-09-02","","4. Account Tab","",""
"","312","TC_01 [English] - Verify the Logout option is visible on the Account tab of Settings","Logout (English)","2026-09-02","passed","2026-09-02","","1. Logout Control Visibility & Non-Destructive Popup Checks","",""
"","6706","TC_31 [English] — User is fully authenticated on Dashboard after completing signup","Welcome Page (English)","2026-09-02","passed","2026-09-02","","","",""
"","3051","TC_19 [Vietnamese] - Verify clicking an Upcoming match card navigates to the match detail page","Dashboard Validation (Vietnamese)","2026-09-02","passed","2026-09-02","","","",""
"","16329","TC12 [English] — Selecting a tournament from the competition list navigates to its page","Smoke Suite [English]","2026-09-02","broken","2026-09-02","","","",""
"","3527","TC_01 [English] - Verify Dashboard URL","Dashboard Validation (English)","2026-09-02","passed","2026-09-02","","","",""
"","3319","TC_12 [Vietnamese] - Verify Knockout tab presence and Standings tab content on CONMEBOL Sudamericana 2026 page","Tournament Pages [Vietnamese]","2026-09-02","passed","2026-09-02","","CONMEBOL Sudamericana 2026 [Vietnamese]","",""
"","6381","TC_20 [English] - Verify FIFA Ranking and Last 10 record display correctly for a national team","Team Details Page [English]","2026-09-02","passed","2026-09-02","","3. Stats [English]","",""
"","0","TC_28 [English] — Direct URL without completing signup redirects away [Product defect: route not protected]","","2026-09-02","skipped","2026-09-02","","","",""
"","17248","TC_41 [English] - Verify clicking Facebook row redirects to the Facebook page in a new tab","Profile Page (English)","2026-09-02","broken","2026-09-02","","8. Community Tab – Social Redirections","",""
"","5387","TC_02 [English] - Verify Back button navigates user back to the Dashboard","Recent Match Details Page [English]","2026-09-02","passed","2026-09-02","","1. Navigation [English]","",""
"","13317","TC_34 [English] - Verify switching from one team's page to another's fully refreshes with no stale data","Team Details Page [English]","2026-09-02","passed","2026-09-02","","6. Data Integrity [English]","",""
"","3002","TC_05 [English] - Verify Overview and Matches tabs display content on Africa Cup of Nations Qualification 2026 page","Tournament Pages [English]","2026-09-02","passed","2026-09-02","","Africa Cup of Nations Qualification 2026 [English]","",""
"","180","TC_27 [English] - Verify Passing section shows stat comparison values","Upcoming Match Details Page [English]","2026-09-02","passed","2026-09-02","","6. Stats Tab [English]","",""
"","6609","TC_31 [Vietnamese] - Verify no duplicate competition entries are shown for the same tournament","Team Details Page [Vietnamese]","2026-09-02","passed","2026-09-02","","5. Competitions [Vietnamese]","",""
"","5508","TC_08 [Vietnamese] — Submitting a phone number already associated with an existing account is handled appropriately","Details Page [Vietnamese]","2026-09-02","passed","2026-09-02","","","",""
"","6733","TC_12 [English] - Verify Team Details page is reachable and loads correctly from V-League 1 26/27","Team Details Page [English]","2026-09-02","passed","2026-09-02","","1. Cross-Tournament Reachability [English]","",""
"","1557","TC_02 [English] - Verify Profile page is accessible via the Settings icon in the navigation","Profile Page (English)","2026-09-02","passed","2026-09-02","","1. Page Load","",""
"","3620","TC_36 [English] - Verify clicking option '1' in What's Your Take triggers the Express Signup popup","Beat SFC [English]","2026-09-02","passed","2026-09-02","","Match Details - Beat Aiko Widgets (Pre-login) [English]","",""
"","36195","TC13 [English] — Team Details page loads for Sevilla via valid URL","Smoke Suite [English]","2026-09-02","broken","2026-09-02","","","",""
"","39","TC_22 [English] - Verify Used in label with AI Card and Voice chips are displayed inside Language section","Profile Page (English)","2026-09-02","passed","2026-09-02","","5. Preferences Tab","",""
"","2530","TC_33 [English] - Verify Knockout tab presence and Standings tab content on Club Friendly Games 2026 page","Tournament Pages [English]","2026-09-02","passed","2026-09-02","","Club Friendly Games 2026 [English]","",""
"","2555","TC_06 [English] — Selecting India (+91) updates the mobile field prefix","Blue Moon — Signup Details Page (English)","2026-09-02","passed","2026-09-02","","","",""
"","883","TC_06 [English] - Support email (support@sportsfc.fans) is present","Privacy Policy (English)","2026-09-02","passed","2026-09-02","","","",""
"","3538","TC_33 [Vietnamese] - Verify clicking 'Có' (Yes) in Cast Your Vote triggers the Express Signup popup","Beat SFC [Vietnamese]","2026-09-02","passed","2026-09-02","","Match Details - Beat Aiko Widgets (Pre-login) [Vietnamese]","",""
"","2964","TC_01 [Vietnamese] - Verify Dashboard URL","Dashboard Validation (Vietnamese)","2026-09-02","passed","2026-09-02","","","",""
"","5528","TC_22 [English] - Verify navigation to CONMEBOL Libertadores 2026 and URL/heading are correct","Tournament Pages [English]","2026-09-02","passed","2026-09-02","","CONMEBOL Libertadores 2026 [English]","",""
"","5152","TC_10 [English] - Verify navigation to CONMEBOL Sudamericana 2026 and URL/heading are correct","Tournament Pages [English]","2026-09-02","passed","2026-09-02","","CONMEBOL Sudamericana 2026 [English]","",""
"","3031","TC_05 [Vietnamese] - Verify Overview and Matches tabs display content on Africa Cup of Nations Qualification 2026 page","Tournament Pages [Vietnamese]","2026-09-02","passed","2026-09-02","","Africa Cup of Nations Qualification 2026 [Vietnamese]","",""
"","3329","TC_38 [Vietnamese] - Verify clicking WhatsApp row redirects to the WhatsApp channel in a new tab","Profile Page (Vietnamese)","2026-09-02","passed","2026-09-02","","8. Community Tab – Social Redirections","",""
"","199","TC_05 [Vietnamese] - Verify clicking Login/Signup button redirects to the Login/Registration page","Profile Page (Vietnamese)","2026-09-02","passed","2026-09-02","","2. Profile Header","",""
"","1118","TC_02 [English] — Join page loads with all expected UI elements","Signup Journey — Join Page (English)","2026-09-02","passed","2026-09-02","","","",""
"","1437","TC_05 [English] - Verify hero headline text element is displayed","Landing Page Validation (English)","2026-09-02","passed","2026-09-02","","","",""
"","3564","TC_30 [English] - Verify clicking 'Draw' in Guess the Winner triggers the Express Signup popup","Beat SFC [English]","2026-09-02","passed","2026-09-02","","Match Details - Beat Aiko Widgets (Pre-login) [English]","",""
"","7008","TC_22 [Vietnamese] - Verify the Recent Results section displays the team's recent matches","Team Details Page [Vietnamese]","2026-09-02","passed","2026-09-02","","4. Recent Results [Vietnamese]","",""
"","1819","TC30 [English] — User is able to select English and Vietnamese language","Smoke Suite [English]","2026-09-02","passed","2026-09-02","","","",""
"","1357","TC02 [English] — ""Sign up"" CTA on Landing page navigates to sign-up flow","Smoke Suite [English]","2026-09-02","passed","2026-09-02","","","",""
"","8011","TC_14 [Vietnamese] — Entering the correct OTP redirects directly to the Dashboard as a logged-in user, with no Telegram-link or Welcome step","Organic Signup Journey (Vietnamese)","2026-09-02","passed","2026-09-02","","OTP Page — correct verification","",""
"","18999","TC21 [English] — Team name is displayed correctly in the page header","Smoke Suite [English]","2026-09-02","broken","2026-09-02","","","",""
"","7423","TC_04 [Vietnamese] - Verify Team Details page is reachable and loads correctly from CONMEBOL Sudamericana 2026","Team Details Page [Vietnamese]","2026-09-02","passed","2026-09-02","","1. Cross-Tournament Reachability [Vietnamese]","",""
"","0","TC_43 [English] - Verify clicking TikTok row redirects to the TikTok profile in a new tab [TikTok removed from Community tab]","","2026-09-02","skipped","2026-09-02","","","",""
"","189","TC_15 [English] - Verify Head-to-Head (H2H) section heading is displayed","Upcoming Match Details Page [English]","2026-09-02","passed","2026-09-02","","4. Overview Tab [English]","",""
"","166","TC_33 [English] - Verify standings table shows at least 4 team entries","Upcoming Match Details Page [English]","2026-09-02","passed","2026-09-02","","8. Rankings Tab [English]","",""
"","124","TC_18 [Vietnamese] - Verify Profile header Login/Signup button remains visible and functional on Account tab","Profile Page (Vietnamese)","2026-09-02","passed","2026-09-02","","4. Account Tab","",""
"","5010","TC_05 [Vietnamese] — Inline validation error is shown when Sign Up is clicked with an empty phone number field","Details Page [Vietnamese]","2026-09-02","passed","2026-09-02","","","",""
"","43","TC_20 [Vietnamese] - Verify Language section heading is displayed and section is expanded by default","Profile Page (Vietnamese)","2026-09-02","passed","2026-09-02","","5. Preferences Tab","",""
"","2928","TC_07 [Vietnamese] - Verify View All option is displayed in the Upcoming section and user is redirected to the Upcoming Matches page after clicking it","Dashboard Validation (Vietnamese)","2026-09-02","passed","2026-09-02","","","",""
"","3431","TC_38 [English] - Verify clicking option '3' in What's Your Take triggers the Express Signup popup","Beat SFC [English]","2026-09-02","passed","2026-09-02","","Match Details - Beat Aiko Widgets (Pre-login) [English]","",""
"","44","TC_22 [Vietnamese] - Verify Used in label with AI Card and Voice chips are displayed inside Language section","Profile Page (Vietnamese)","2026-09-02","passed","2026-09-02","","5. Preferences Tab","",""
"","5031","TC_34 [Vietnamese] - Verify navigation to V-League 1 26/27 and URL/heading are correct","Tournament Pages [Vietnamese]","2026-09-02","passed","2026-09-02","","V-League 1 26/27 [Vietnamese]","",""
"","1558","TC_13 [Vietnamese] - Verify clicking Privacy Policy redirects to the Privacy Policy page","Profile Page (Vietnamese)","2026-09-02","passed","2026-09-02","","4. Account Tab","",""
"","2945","TC_17 [English] - Verify clicking a Today Match card navigates to the match detail page","Dashboard Validation (English)","2026-09-02","passed","2026-09-02","","","",""
"","89225","TC_09 [English] - Verify Ok/Yes on the logout confirmation popup logs the user out","Logout (English)","2026-09-02","failed","2026-09-02","","2. Logout Execution & Redirect","",""
"","52502","TC_22 [Vietnamese] — Submitting an expired OTP is rejected with an appropriate error message","OTP Verification [Vietnamese]","2026-09-02","failed","2026-09-02","","","",""
"","3850","TC_02 [English] - Verify Match Card displays correct match summary details","Beat SFC [English]","2026-09-02","passed","2026-09-02","","Overview Page - Next Match Widget [English]","",""
"","15987","TC27 [Vietnamese] — Logout button is displayed, enabled and clicking it shows the confirmation popup","Smoke Suite [Vietnamese]","2026-09-02","passed","2026-09-02","","TC27-TC28 — Logout [Vietnamese]","",""
"","53236","TC_38 [Vietnamese] — Signup journey renders and functions correctly on a mobile viewport","E2E Journey [Vietnamese]","2026-09-02","broken","2026-09-02","","","",""
"","6424","TC_08 [English] — Submitting a phone number already associated with an existing account is handled appropriately","Details Page [English]","2026-09-02","passed","2026-09-02","","","",""
"","6099","TC_16 [English] — Numeric only input and wrong OTP shows error","OTP Verification (English)","2026-09-02","passed","2026-09-02","","","",""
"","3204","TC_20 [Vietnamese] - Verify Overview and Matches tabs display content on J1 League 26/27 page","Tournament Pages [Vietnamese]","2026-09-02","passed","2026-09-02","","J1 League 26/27 [Vietnamese]","",""
"","452","TC_28 [English] - Verify switching to Vietnamese changes the entire page UI language to Vietnamese","Profile Page (English)","2026-09-02","passed","2026-09-02","","5. Preferences Tab","",""
"","68","TC_23 [English] - Verify Play by Play tab is displayed with correct label","Recent Match Details Page [English]","2026-09-02","passed","2026-09-02","","6. Play by Play Tab [English]","",""
"","6960","TC_10 [English] - Verify Team Details page is reachable and loads correctly from Int. Friendly Games 2026","Team Details Page [English]","2026-09-02","passed","2026-09-02","","1. Cross-Tournament Reachability [English]","",""
"","9756","TC_16 [English] - Verify tapping the favorite icon as a guest prompts sign-up/login","Team Details Page [English]","2026-09-02","passed","2026-09-02","","2. Navigation & Header [English]","",""
"","6694","TC_19 [Vietnamese] - Verify Group position and Last 10 record display correctly for a club team","Team Details Page [Vietnamese]","2026-09-02","passed","2026-09-02","","3. Stats [Vietnamese]","",""
"","5241","TC_19 [Vietnamese] - Verify navigation to J1 League 26/27 and URL/heading are correct","Tournament Pages [Vietnamese]","2026-09-02","passed","2026-09-02","","J1 League 26/27 [Vietnamese]","",""
"","2932","TC_14 [English] - Verify Overview and Matches tabs display content on K-League 1 2026 page","Tournament Pages [English]","2026-09-02","passed","2026-09-02","","K-League 1 2026 [English]","",""
"","211","TC_21 [English] - Verify Team Statistics section heading is displayed","Upcoming Match Details Page [English]","2026-09-02","passed","2026-09-02","","6. Stats Tab [English]","",""
"","18999","TC24 [Vietnamese] — Clicking a player navigates to the Player Details page","Smoke Suite [Vietnamese]","2026-09-02","broken","2026-09-02","","","",""
"","2953","TC_45 [English] - Verify Profile page URL is correct after navigating away to Dashboard and returning","Profile Page (English)","2026-09-02","passed","2026-09-02","","9. Tab Switching","",""
"","155","TC_20 [English] - Verify player name labels are visible on both team pitches","Upcoming Match Details Page [English]","2026-09-02","passed","2026-09-02","","5. Lineups Tab [English]","",""
"","5174","TC_18 [Vietnamese] — Resend OTP after the countdown expires sends a new OTP and resets the timer","OTP Verification [Vietnamese]","2026-09-02","passed","2026-09-02","","","",""
"","51692","TC_33 [English] — Complete ""Maybe later"" path: Details → OTP → skip Telegram → Welcome → Dashboard","E2E Journey [English]","2026-09-02","broken","2026-09-02","","","",""
"","18700","TC24 [English] — Clicking a player navigates to the Player Details page","Smoke Suite [English]","2026-09-02","broken","2026-09-02","","","",""
"","1140","TC_05 [English] — Sign Up is disabled on empty form","Signup Journey — Join Page (English)","2026-09-02","passed","2026-09-02","","","",""
"","1059","TC_08 [English] - Marketing opt-out / unsubscribe wording is present","Privacy Policy (English)","2026-09-02","passed","2026-09-02","","","",""
"","6758","TC_28 [Vietnamese] - Verify the Competitions section lists tournaments the team has participated in","Team Details Page [Vietnamese]","2026-09-02","passed","2026-09-02","","5. Competitions [Vietnamese]","",""
"","341","TC_36 [Vietnamese] - Verify all 7 social channel links are enabled and clickable in the Community tab","Profile Page (Vietnamese)","2026-09-02","passed","2026-09-02","","7. Community Tab","",""
"","295","TC_13 [English] — ""Verify OTP""/""Xác minh OTP"" button remains disabled until all 6 digits are entered","Organic Signup Journey (English)","2026-09-02","passed","2026-09-02","","OTP Page — submission and display","",""
"","10289","TC_15 [Vietnamese] - Verify the favorite/star icon reacts to a tap","Team Details Page [Vietnamese]","2026-09-02","passed","2026-09-02","","2. Navigation & Header [Vietnamese]","",""
"","38736","TC20 [English] — Team Details page loads successfully via an upcoming match's team link","Smoke Suite [English]","2026-09-02","failed","2026-09-02","","","",""
"","2912","TC_32 [English] - Verify Overview and Matches tabs display content on Club Friendly Games 2026 page","Tournament Pages [English]","2026-09-02","passed","2026-09-02","","Club Friendly Games 2026 [English]","",""
"","2562","TC_53 [English] - Verify the Beat SFC section is NOT displayed on Settings > Account tab for a logged-out user","Beat SFC [English]","2026-09-02","passed","2026-09-02","","Settings - Account Tab - Beat SFC Section (Guest) [English]","",""
"","6091","TC05 [English] — Correct OTP navigates user to Link Telegram page","Smoke Suite [English]","2026-09-02","passed","2026-09-02","","","",""
"","271","TC_34 [English] - Verify standings displays position numbers 1 through 4","Upcoming Match Details Page [English]","2026-09-02","passed","2026-09-02","","8. Rankings Tab [English]","",""
"","8379","TC_22 [English] — Submitting the already-registered phone number reaches OTP dispatch the same as any number (no duplicate-account path)","Organic Signup Journey (English)","2026-09-02","passed","2026-09-02","","End-to-End Journeys — entry points reach OTP dispatch","",""
"","2465","TC_30 [Vietnamese] - Verify Knockout tab presence and Standings tab content on Int. Friendly Games 2026 page","Tournament Pages [Vietnamese]","2026-09-02","passed","2026-09-02","","Int. Friendly Games 2026 [Vietnamese]","",""
"","45","TC_34 [Vietnamese] - Verify the JOIN OUR PUBLIC CHANNELS section heading is displayed correctly","Profile Page (Vietnamese)","2026-09-02","passed","2026-09-02","","7. Community Tab","",""
"","557","TC_10 [English] - Verify Lineups tab displays football pitch with both team names, logos and pitch container","Recent Match Details Page [English]","2026-09-02","passed","2026-09-02","","4. Lineups Tab [English]","",""
"","9889","TC_20 [English] — Header Login/Signup CTA path reaches OTP dispatch","Organic Signup Journey (English)","2026-09-02","passed","2026-09-02","","End-to-End Journeys — entry points reach OTP dispatch","",""
"","1473","TC_56 [English] - Verify Profile page is fully responsive on mobile viewport 375x667","Profile Page (English)","2026-09-02","passed","2026-09-02","","11. UI & Responsive","",""
"","6594","TC_24 [English] - Verify each Recent Result card displays the correct result text and score","Team Details Page [English]","2026-09-02","passed","2026-09-02","","4. Recent Results [English]","",""
"","536","TC_21 [English] — An incorrect OTP shows an error and keeps the user on the OTP page","Blue Moon — OTP Page (English)","2026-09-02","passed","2026-09-02","","","",""
"","6441","TC_27 [Vietnamese] - Verify an appropriate state is shown when the team has no recent results","Team Details Page [Vietnamese]","2026-09-02","passed","2026-09-02","","4. Recent Results [Vietnamese]","",""
"","2580","TC11 [English] — Clicking a Today Match card navigates to the Match Detail page","Smoke Suite [English]","2026-09-02","passed","2026-09-02","","","",""
"","1580","TC_22 [English] - Verify three Sign Up buttons are present across the Landing page","Landing Page Validation (English)","2026-09-02","passed","2026-09-02","","","",""
"","2851","TC_21 [English] - Verify Knockout tab presence and Standings tab content on J1 League 26/27 page","Tournament Pages [English]","2026-09-02","passed","2026-09-02","","J1 League 26/27 [English]","",""
"","2830","TC_09 [English] - Verify View All option is displayed in the Recent Results section and user is redirected to the Recent Results page after clicking it","Dashboard Validation (English)","2026-09-02","passed","2026-09-02","","","",""
"","84","TC_02 [Vietnamese] - Verify the Logout button displays the correct label and icon","Logout (Vietnamese)","2026-09-02","passed","2026-09-02","","1. Logout Control Visibility & Non-Destructive Popup Checks [Vietnamese]","",""
"","3277","TC_04 [English] — Phone accepts numeric input and Sign Up requires both fields","Signup Journey — Join Page (English)","2026-09-02","passed","2026-09-02","","","",""
"","5487","TC_25 [Vietnamese] - Verify navigation to Brasileiro Serie A 2026 and URL/heading are correct","Tournament Pages [Vietnamese]","2026-09-02","passed","2026-09-02","","Brasileiro Serie A 2026 [Vietnamese]","",""
"","585","TC_13 [Vietnamese] — ""Verify OTP""/""Xác minh OTP"" button remains disabled until all 6 digits are entered","Organic Signup Journey (Vietnamese)","2026-09-02","passed","2026-09-02","","OTP Page — submission and display","",""
"","199","TC_21 [English] - Verify Match Information section heading is displayed","Recent Match Details Page [English]","2026-09-02","passed","2026-09-02","","5. Stats Tab [English]","",""
"","3128","TC_32 [English] - Verify 'BEAT SFC · CASE YOUR VOTE!' (Cast Your Vote) section displays correctly","Beat SFC [English]","2026-09-02","passed","2026-09-02","","Match Details - Beat Aiko Widgets (Pre-login) [English]","",""
"","6150","TC_17 [English] — Pasting 6-digit code redirects to Link Telegram","OTP Verification (English)","2026-09-02","passed","2026-09-02","","","",""
"","213","TC_23 [English] - Verify Defense section heading is displayed","Upcoming Match Details Page [English]","2026-09-02","passed","2026-09-02","","6. Stats Tab [English]","",""
"","6066","TC_14 [English] — 6-box display and verify button requires all 6 digits","OTP Verification (English)","2026-09-02","passed","2026-09-02","","","",""
"","5654","TC05 [Vietnamese] — Correct OTP navigates user to Link Telegram page","Smoke Suite [Vietnamese]","2026-09-02","passed","2026-09-02","","","",""
"","207","TC_22 [English] - Verify Team Statistics section shows stat comparison values","Upcoming Match Details Page [English]","2026-09-02","passed","2026-09-02","","6. Stats Tab [English]","",""
"","17497","TC_11 [Vietnamese] - Verify clicking the country-code dropdown opens the 'Select Country' modal","Beat SFC [Vietnamese]","2026-09-02","broken","2026-09-02","","Express Signup - Login/OTP Popup [Vietnamese]","",""
"","2480","TC10 [English] — Clicking the featured-competition promo banner navigates to that competition page","Smoke Suite [English]","2026-09-02","passed","2026-09-02","","","",""
"","6905","TC_10 [Vietnamese] — Terms & privacy disclaimer is shown on the login splash; Continue is gated purely by phone validity (no separate checkbox in the current build)","Organic Signup Journey (Vietnamese)","2026-09-02","passed","2026-09-02","","Login/Join Page","",""
"","19049","TC23 [Vietnamese] — Squad list is displayed with registered players","Smoke Suite [Vietnamese]","2026-09-02","broken","2026-09-02","","","",""
"","460","TC_36 [English] - Verify all 7 social channel links are enabled and clickable in the Community tab","Profile Page (English)","2026-09-02","passed","2026-09-02","","7. Community Tab","",""
"","1490","TC_16 [English] - Verify ""View insights"" button is displayed in Alerts card","Landing Page Validation (English)","2026-09-02","passed","2026-09-02","","","",""
"","2443","TC_11 [English] — Phone field normalizes extra formatting characters to digits only","Signup Journey — Join Page (English)","2026-09-02","passed","2026-09-02","","","",""
"","1729","TC_29 [English] - Verify language selection persists after page refresh","Profile Page (English)","2026-09-02","passed","2026-09-02","","5. Preferences Tab","",""
"","1461","TC_03 [English] - Verify hero ball image is displayed on Landing page","Landing Page Validation (English)","2026-09-02","passed","2026-09-02","","","",""
"","8811","TC_50 [English] - Verify all 7 social channel links open in a new tab and do not navigate away from Profile page","Profile Page (English)","2026-09-02","passed","2026-09-02","","10. Edge Cases","",""
"","0","TC_39 [Vietnamese] - Verify clicking Viber row redirects to the Viber channel in a new tab [Viber removed from Community tab]","","2026-09-02","skipped","2026-09-02","","","",""
"","3446","TC17 [Vietnamese] — Completed match header shows logos, team names and competition name","Smoke Suite [Vietnamese]","2026-09-02","passed","2026-09-02","","","",""
"","1388","TC_18 [English] - Verify Match Prediction widget is displayed in The Edge section","Landing Page Validation (English)","2026-09-02","passed","2026-09-02","","","",""
"","7200","TC_09 [English] — An inline validation error/disabled state is shown for an invalid/incomplete phone number","Organic Signup Journey (English)","2026-09-02","passed","2026-09-02","","Login/Join Page","",""
"","6791","TC_32 [English] — Complete ""Maybe later"" path: join → OTP → skip Telegram → welcome → Dashboard","E2E Journey (English)","2026-09-02","passed","2026-09-02","","","",""
"","1861","TC30 [Vietnamese] — User is able to select English and Vietnamese language","Smoke Suite [Vietnamese]","2026-09-02","passed","2026-09-02","","","",""
"","6530","TC_20 [Vietnamese] - Verify FIFA Ranking and Last 10 record display correctly for a national team","Team Details Page [Vietnamese]","2026-09-02","passed","2026-09-02","","3. Stats [Vietnamese]","",""
"","6203","TC_25 [English] — ""Maybe later"" navigates to the Welcome page","Link Telegram (English)","2026-09-02","passed","2026-09-02","","","",""
"","306","TC_32 [English] - Verify guest user name and Login/Signup button update to Vietnamese after language switch","Profile Page (English)","2026-09-02","passed","2026-09-02","","6. Guest User","",""
"","3312","TC_23 [Vietnamese] - Verify Overview and Matches tabs display content on CONMEBOL Libertadores 2026 page","Tournament Pages [Vietnamese]","2026-09-02","passed","2026-09-02","","CONMEBOL Libertadores 2026 [Vietnamese]","",""
"","109","TC_22 [English] — Submitting with the OTP field empty does not attempt verification","Blue Moon — OTP Page (English)","2026-09-02","failed","2026-09-02","","","",""
"","146","TC_26 [English] - Verify selecting Vietnamese highlights it with a filled selection indicator","Profile Page (English)","2026-09-02","passed","2026-09-02","","5. Preferences Tab","",""
"","2711","TC_11 [Vietnamese] - Verify Dashboard sections are displayed in the correct sequence","Dashboard Validation (Vietnamese)","2026-09-02","failed","2026-09-02","","","",""
"","6338","TC_21 [English] — Repeated wrong OTP attempts trigger lockout or throttling","OTP Verification (English)","2026-09-02","passed","2026-09-02","","","",""
"","181","TC_35 [English] - Verify standings shows team logos for at least 4 teams","Upcoming Match Details Page [English]","2026-09-02","passed","2026-09-02","","8. Rankings Tab [English]","",""
"","2764","TC_06 [Vietnamese] - Verify Today Matches, Trending Series, Upcoming Matches and Recent Results sections are displayed on the Dashboard page","Dashboard Validation (Vietnamese)","2026-09-02","passed","2026-09-02","","","",""
"","5151","TC_09 [Vietnamese] — Valid, new phone number triggers OTP dispatch and navigates to the OTP verification page","Details Page [Vietnamese]","2026-09-02","passed","2026-09-02","","","",""
"","3287","TC_02 [Vietnamese] - Verify Dashboard Logo is displayed","Dashboard Validation (Vietnamese)","2026-09-02","passed","2026-09-02","","","",""
"","847","TC_41 [English] — Incorrect OTP shows an error and allows the user to retry","OTP Verification — Wrong-Attempt Tests [English]","2026-09-02","passed","2026-09-02","","","",""
"","52583","TC_22 [English] — Submitting an expired OTP is rejected with an appropriate error message","OTP Verification [English]","2026-09-02","failed","2026-09-02","","","",""
"","3497","TC16 [Vietnamese] — Clicking a completed match navigates to Match Details page","Smoke Suite [Vietnamese]","2026-09-02","passed","2026-09-02","","","",""
"","6850","TC_25 [English] - Verify a drawn match displays correctly in the Recent Results section","Team Details Page [English]","2026-09-02","passed","2026-09-02","","4. Recent Results [English]","",""
"","2031","TC_01 [English] - Verify Profile page loads successfully via direct URL with all three tabs visible","Profile Page (English)","2026-09-02","passed","2026-09-02","","1. Page Load","",""
"","2541","TC_33 [Vietnamese] - Verify Knockout tab presence and Standings tab content on Club Friendly Games 2026 page","Tournament Pages [Vietnamese]","2026-09-02","passed","2026-09-02","","Club Friendly Games 2026 [Vietnamese]","",""
"","780","TC_03 [English] - Verify the Logout option appears only under the Account tab and not other Settings tabs","Logout (English)","2026-09-02","passed","2026-09-02","","1. Logout Control Visibility & Non-Destructive Popup Checks","",""
"","32577","TC_16 [English] — Clicking ""Resend OTP""/""Gửi lại OTP"" after the countdown expires sends a new OTP and resets the timer","Organic Signup Journey (English)","2026-09-02","passed","2026-09-02","","OTP Page — resend","",""
"","823","TC_09 [English] - Browser tab title contains ""Privacy Policy""","Privacy Policy (English)","2026-09-02","passed","2026-09-02","","","",""
"","2495","TC_03 [Vietnamese] - Verify Back arrow navigates the user away from the Profile page","Profile Page (Vietnamese)","2026-09-02","passed","2026-09-02","","1. Page Load","",""
"","83140","TC_09 [English] - Verify Team Details page is reachable and loads correctly from Brasileiro Serie A 2026","Team Details Page [English]","2026-09-02","skipped","2026-09-02","","1. Cross-Tournament Reachability [English]","",""
"","6593","TC_29 [English] — Page displays correct heading, welcome message and CTA button","Welcome Page (English)","2026-09-02","passed","2026-09-02","","","",""
"","6059","TC_35 [English] — Refreshing mid-flow retains session so the user can continue","E2E Journey [English]","2026-09-02","passed","2026-09-02","","","",""
"","3399","TC_31 [Vietnamese] - Verify clicking Team B WIN in Guess the Winner triggers the Express Signup popup","Beat SFC [Vietnamese]","2026-09-02","passed","2026-09-02","","Match Details - Beat Aiko Widgets (Pre-login) [Vietnamese]","",""
"","1837","TC_46 [English] - Verify switching between all three tabs works correctly with no content overlap","Profile Page (English)","2026-09-02","passed","2026-09-02","","9. Tab Switching","",""
"","6375","TC_21 [English] - Verify the General Info section displays the FIFA Ranking and points correctly","Team Details Page [English]","2026-09-02","passed","2026-09-02","","3. Stats [English]","",""
"","6420","TC_34 [English] — Back button at each step returns to previous step, not forward in flow","E2E Journey [English]","2026-09-02","passed","2026-09-02","","","",""
"","8494","TC_06 [English] - Verify Team Details page is reachable and loads correctly from MLS 2026","Team Details Page [English]","2026-09-02","passed","2026-09-02","","1. Cross-Tournament Reachability [English]","",""
"","5759","TC04 [English] — Valid new phone triggers OTP dispatch and shows OTP verification page","Smoke Suite [English]","2026-09-02","passed","2026-09-02","","","",""
"","121","TC_25 [English] - Verify selecting English highlights it with a filled selection indicator","Profile Page (English)","2026-09-02","passed","2026-09-02","","5. Preferences Tab","",""
"","3045","TC_20 [Vietnamese] - Verify clicking the Login/Signup button redirects the user to the Login/Signup page","Dashboard Validation (Vietnamese)","2026-09-02","passed","2026-09-02","","","",""
"","7585","TC_02 [Vietnamese] - Verify Team Details page is reachable and loads correctly from Africa Cup of Nations Qualification 2026","Team Details Page [Vietnamese]","2026-09-02","passed","2026-09-02","","1. Cross-Tournament Reachability [Vietnamese]","",""
"","30049","TC_30 [English] - Verify standings displays position numbers 1 through 4","Recent Match Details Page [English]","2026-09-02","broken","2026-09-02","","8. Rankings Tab [English]","",""
"","5783","TC_08 [Vietnamese] — An inline validation error/disabled state is shown when Continue is clicked with an empty phone number field","Organic Signup Journey (Vietnamese)","2026-09-02","passed","2026-09-02","","Login/Join Page","",""
"","1132","TC_59 [English] - Verify Profile page loads within 5 seconds","Profile Page (English)","2026-09-02","passed","2026-09-02","","12. Performance","",""
"","6348","TC_35 [English] — Language (English) persists consistently across all steps of the journey","E2E Journey (English)","2026-09-02","passed","2026-09-02","","","",""
"","2886","TC_07 [English] — Terms/Privacy links preserve the entered phone number","Details Page [English]","2026-09-02","passed","2026-09-02","","","",""
"","1328","TC02 [Vietnamese] — ""Đăng ký"" CTA on Landing page navigates to sign-up flow","Smoke Suite [Vietnamese]","2026-09-02","passed","2026-09-02","","","",""
"","2726","TC_10 [Vietnamese] - Verify Dashboard page is vertically scrollable","Dashboard Validation (Vietnamese)","2026-09-02","passed","2026-09-02","","","",""
"","5525","TC_34 [English] - Verify navigation to V-League 1 26/27 and URL/heading are correct","Tournament Pages [English]","2026-09-02","passed","2026-09-02","","V-League 1 26/27 [English]","",""
"","3066","TC_08 [Vietnamese] - Verify Overview and Matches tabs display content on Brasileiro Serie B 2026 page","Tournament Pages [Vietnamese]","2026-09-02","passed","2026-09-02","","Brasileiro Serie B 2026 [Vietnamese]","",""
"","418","TC_17 [Vietnamese] — OTP field accepts numeric input only","OTP Verification [Vietnamese]","2026-09-02","passed","2026-09-02","","","",""
"","3210","TC_28 [English] - Verify 'BEAT SFC · GUESS THE WINNER!' section displays correctly","Beat SFC [English]","2026-09-02","passed","2026-09-02","","Match Details - Beat Aiko Widgets (Pre-login) [English]","",""
"","43","TC_09 [English] - Verify DATA & PRIVACY section heading is displayed correctly in the Account tab","Profile Page (English)","2026-09-02","passed","2026-09-02","","4. Account Tab","",""
"","1910","TC_02 [English] — Clicking the first Signup CTA navigates to the Signup Details page","Blue Moon — Landing Page (English)","2026-09-02","passed","2026-09-02","","","",""
"","2284","TC_03 [English] - Verify Back arrow navigates the user away from the Profile page","Profile Page (English)","2026-09-02","passed","2026-09-02","","1. Page Load","",""
"","1619","TC_20 [English] - Verify The Edge section 'Sign Up' button is displayed and redirects correctly","Landing Page Validation (English)","2026-09-02","passed","2026-09-02","","","",""
"","1903","TC29 [Vietnamese] — Account, Preferences and Community sections are present and navigable","Smoke Suite [Vietnamese]","2026-09-02","passed","2026-09-02","","","",""
"","1325","TC_13 [English] - Verify clicking Privacy Policy redirects to the Privacy Policy page","Profile Page (English)","2026-09-02","passed","2026-09-02","","4. Account Tab","",""
"","23044","TC_10 [English] — Repeated rapid Sign Up submissions are rate-limited or accepted","Details Page [English]","2026-09-02","passed","2026-09-02","","","",""
"","2135","TC_19 [English] — No Login/Signup CTA is shown anywhere in Settings once the user is logged in","Organic Signup Journey (English)","2026-09-02","passed","2026-09-02","","Post-Login Dashboard and Settings","",""
"","3881","TC_02 [Vietnamese] — Clicking the Login/Signup CTA in the header navigates to the phone number entry page","Organic Signup Journey (Vietnamese)","2026-09-02","passed","2026-09-02","","Guest Dashboard","",""
"","2945","TC_41 [English] - Verify the Leaderboard teaser ('You're in the game!') is NOT shown when the user is logged out","Beat SFC [English]","2026-09-02","passed","2026-09-02","","Match Details - Beat Aiko Widgets (Pre-login) [English]","",""
"","7059","TC_14 [English] - Verify the breadcrumb title displays the correct team name","Team Details Page [English]","2026-09-02","passed","2026-09-02","","2. Navigation & Header [English]","",""
"","2977","TC_26 [Vietnamese] - Verify Overview and Matches tabs display content on Brasileiro Serie A 2026 page","Tournament Pages [Vietnamese]","2026-09-02","passed","2026-09-02","","Brasileiro Serie A 2026 [Vietnamese]","",""
"","5563","TC_21 [English] — Back navigation returns to the Details page","OTP Verification [English]","2026-09-02","passed","2026-09-02","","","",""
"","3507","TC_37 [Vietnamese] - Verify clicking option '2' in What's Your Take triggers the Express Signup popup","Beat SFC [Vietnamese]","2026-09-02","passed","2026-09-02","","Match Details - Beat Aiko Widgets (Pre-login) [Vietnamese]","",""
"","1760","TC_05 [English] — Country code dropdown shows a default value and opens to a scrollable country list","Blue Moon — Signup Details Page (English)","2026-09-02","passed","2026-09-02","","","",""
"","1598","TC_53 [Vietnamese] - Verify no JavaScript console errors appear across all three tabs","Profile Page (Vietnamese)","2026-09-02","passed","2026-09-02","","10. Edge Cases","",""
"","5833","TC_06 [Vietnamese] — Inline validation error is shown for an invalid/incomplete phone number","Details Page [Vietnamese]","2026-09-02","passed","2026-09-02","","","",""
"","24656","TC_21 [English] — Profile icon > Preferences tab CTA path reaches OTP dispatch","Organic Signup Journey (English)","2026-09-02","passed","2026-09-02","","End-to-End Journeys — entry points reach OTP dispatch","",""
"","5325","TC_13 [English] - Verify navigation to K-League 1 2026 and URL/heading are correct","Tournament Pages [English]","2026-09-02","passed","2026-09-02","","K-League 1 2026 [English]","",""
"","18633","TC_12 [English] - Verify searching by country name filters the country list","Beat SFC [English]","2026-09-02","broken","2026-09-02","","Express Signup - Login/OTP Popup [English]","",""
"","3111","TC_19 [English] - Verify clicking an Upcoming match card navigates to the match detail page","Dashboard Validation (English)","2026-09-02","passed","2026-09-02","","","",""
"","197","TC_32 [English] - Verify Ranking tab label and Standings section heading are correct","Upcoming Match Details Page [English]","2026-09-02","passed","2026-09-02","","8. Rankings Tab [English]","",""
"","5660","TC_21 [Vietnamese] — Back navigation returns to the Details page","OTP Verification [Vietnamese]","2026-09-02","passed","2026-09-02","","","",""
"","978","TC_11 [English] - Verify protected pages are not accessible after logout via browser Back button","Logout (English)","2026-09-02","passed","2026-09-02","","2. Logout Execution & Redirect","",""
"","3560","TC_33 [English] - Verify clicking 'Yes' in Cast Your Vote triggers the Express Signup popup","Beat SFC [English]","2026-09-02","passed","2026-09-02","","Match Details - Beat Aiko Widgets (Pre-login) [English]","",""
"","934","TC_40 [Vietnamese] — Verify OTP button stays disabled until the 6th digit is entered, then a submission is triggered","OTP Verification — Wrong-Attempt Tests [Vietnamese]","2026-09-02","passed","2026-09-02","","","",""
"","3339","TC_03 [Vietnamese] - Verify Knockout tab presence and Standings tab content on Canadian Premier League 2026 page","Tournament Pages [Vietnamese]","2026-09-02","passed","2026-09-02","","Canadian Premier League 2026 [Vietnamese]","",""
"","2984","TC_08 [English] - Verify Overview and Matches tabs display content on Brasileiro Serie B 2026 page","Tournament Pages [English]","2026-09-02","passed","2026-09-02","","Brasileiro Serie B 2026 [English]","",""
"","7522","TC_03 [Vietnamese] - Verify Team Details page is reachable and loads correctly from Brasileiro Serie B 2026","Team Details Page [Vietnamese]","2026-09-02","passed","2026-09-02","","1. Cross-Tournament Reachability [Vietnamese]","",""
"","15048","TC_12 [English] - Verify no leftover authenticated data is shown after logout completes","Logout (English)","2026-09-02","broken","2026-09-02","","2. Logout Execution & Redirect","",""
"","844","TC_40 [English] — Verify OTP button stays disabled until the 6th digit is entered, then a submission is triggered","OTP Verification — Wrong-Attempt Tests [English]","2026-09-02","passed","2026-09-02","","","",""
"","5549","TC_25 [English] - Verify navigation to Brasileiro Serie A 2026 and URL/heading are correct","Tournament Pages [English]","2026-09-02","passed","2026-09-02","","Brasileiro Serie A 2026 [English]","",""
"","6552","TC_19 [English] - Verify Group position and Last 10 record display correctly for a club team","Team Details Page [English]","2026-09-02","passed","2026-09-02","","3. Stats [English]","",""
"","233","TC_18 [English] - Verify Passing section heading is displayed","Recent Match Details Page [English]","2026-09-02","passed","2026-09-02","","5. Stats Tab [English]","",""
"","6602","TC_29 [English] - Verify each competition entry displays an icon and name","Team Details Page [English]","2026-09-02","passed","2026-09-02","","5. Competitions [English]","",""
"","509","TC_04 [Vietnamese] - Verify the Logout button shows a hover/focus state and pointer cursor on desktop","Logout (Vietnamese)","2026-09-02","passed","2026-09-02","","1. Logout Control Visibility & Non-Destructive Popup Checks [Vietnamese]","",""
"","11163","TC_05 [Vietnamese] - Verify Team Details page is reachable and loads correctly from K-League 1 2026","Team Details Page [Vietnamese]","2026-09-02","passed","2026-09-02","","1. Cross-Tournament Reachability [Vietnamese]","",""
"","15531","TC_06 [Vietnamese] - Verify a confirmation popup appears when Logout is clicked","Logout (Vietnamese)","2026-09-02","passed","2026-09-02","","1. Logout Control Visibility & Non-Destructive Popup Checks [Vietnamese]","",""
"","6581","TC_24 [Vietnamese] - Verify each Recent Result card displays the correct result text and score","Team Details Page [Vietnamese]","2026-09-02","passed","2026-09-02","","4. Recent Results [Vietnamese]","",""
"","1812","TC_17 [Vietnamese] — Login/Signup CTA is no longer displayed after successful login, and a profile avatar is shown instead","Organic Signup Journey (Vietnamese)","2026-09-02","passed","2026-09-02","","Post-Login Dashboard and Settings","",""
"","2946","TC_18 [Vietnamese] - Verify clicking a Trending Series card navigates to the series detail page","Dashboard Validation (Vietnamese)","2026-09-02","passed","2026-09-02","","","",""
"","1599","TC_23 [English] - Verify all four main page sections are displayed on the Landing page","Landing Page Validation (English)","2026-09-02","passed","2026-09-02","","","",""
"","1221","TC09 [English] — Guest user can access Dashboard page successfully","Smoke Suite [English]","2026-09-02","passed","2026-09-02","","","",""
"","5455","TC_08 [English] — Submitting a registered phone shows appropriate response","Signup Journey — Join Page (English)","2026-09-02","passed","2026-09-02","","","",""
"","18861","TC_04 [English] — Clicking the Login/Signup CTA on the Preferences tab navigates to the phone number entry page","Organic Signup Journey (English)","2026-09-02","passed","2026-09-02","","Guest Dashboard","",""
"","877","TC_02 [English] - Effective Date reads ""23 April 2026""","Privacy Policy (English)","2026-09-02","passed","2026-09-02","","","",""
"","2853","TC_02 [English] - Verify Overview and Matches tabs display content on Canadian Premier League 2026 page","Tournament Pages [English]","2026-09-02","passed","2026-09-02","","Canadian Premier League 2026 [English]","",""
"","160","TC_28 [English] - Verify stat rows display numeric comparison values for both teams","Upcoming Match Details Page [English]","2026-09-02","passed","2026-09-02","","6. Stats Tab [English]","",""
"","154","TC_09 [English] - Verify win prediction section heading is displayed","Upcoming Match Details Page [English]","2026-09-02","passed","2026-09-02","","4. Overview Tab [English]","",""
"","5328","TC_31 [English] - Verify navigation to Club Friendly Games 2026 and URL/heading are correct","Tournament Pages [English]","2026-09-02","passed","2026-09-02","","Club Friendly Games 2026 [English]","",""
"","4430","TC_06 [Vietnamese] — Country code selector allows changing the default country code to another country","Organic Signup Journey (Vietnamese)","2026-09-02","passed","2026-09-02","","Login/Join Page","",""
"","2074","TC_01 [Vietnamese] - Verify Profile page loads successfully via direct URL with all three tabs visible","Profile Page (Vietnamese)","2026-09-02","passed","2026-09-02","","1. Page Load","",""
"","23558","TC_10 [Vietnamese] — Repeated rapid Sign Up submissions are rate-limited or accepted","Details Page [Vietnamese]","2026-09-02","passed","2026-09-02","","","",""
"","38802","TC20 [Vietnamese] — Team Details page loads successfully via an upcoming match's team link","Smoke Suite [Vietnamese]","2026-09-02","failed","2026-09-02","","","",""
"","2939","TC_03 [Vietnamese] — Country code selector defaults to +91 and can be changed to another country","Details Page [Vietnamese]","2026-09-02","failed","2026-09-02","","","",""
"","28491","""before all"" hook for TC27-TC28 — Logout [English]","","2026-09-02","broken","2026-09-02","","","",""
"","5151","TC_01 [English] — Sign Up CTA on landing navigates to the Details page","Red Journey V4 (English) — Landing Page","2026-09-02","passed","2026-09-02","","","",""
"","191","TC_29 [English] - Verify Match Information section heading is displayed","Upcoming Match Details Page [English]","2026-09-02","passed","2026-09-02","","6. Stats Tab [English]","",""
"","1681","TC_07 [English] - Verify hero 'Sign Up' button is displayed and redirects correctly","Landing Page Validation (English)","2026-09-02","passed","2026-09-02","","","",""
"","3739","TC15 [Vietnamese] — Upcoming match header shows logos, team names, competition and date/time","Smoke Suite [Vietnamese]","2026-09-02","passed","2026-09-02","","","",""
"","3068","TC_40 [Vietnamese] - Verify clicking Telegram row redirects to the Telegram channel in a new tab","Profile Page (Vietnamese)","2026-09-02","passed","2026-09-02","","8. Community Tab – Social Redirections","",""
"","16216","TC12 [Vietnamese] — Selecting a tournament from the competition list navigates to its page","Smoke Suite [Vietnamese]","2026-09-02","broken","2026-09-02","","","",""
"","6224","TC_25 [English] — An existing/login number goes DIRECTLY to the Welcome page (Download App page is skipped)","Blue Moon — OTP Page (English)","2026-09-02","passed","2026-09-02","","","",""
"","6542","TC_33 [English] - Verify all sections consistently reflect the same team with no cross-team data leakage","Team Details Page [English]","2026-09-02","passed","2026-09-02","","6. Data Integrity [English]","",""
"","3445","TC_34 [Vietnamese] - Verify clicking 'Không' (No) in Cast Your Vote triggers the Express Signup popup","Beat SFC [Vietnamese]","2026-09-02","passed","2026-09-02","","Match Details - Beat Aiko Widgets (Pre-login) [Vietnamese]","",""
"","1947","TC_17 [English] — Login/Signup CTA is no longer displayed after successful login, and a profile avatar is shown instead","Organic Signup Journey (English)","2026-09-02","passed","2026-09-02","","Post-Login Dashboard and Settings","",""
"","183","TC_17 [English] - Verify Standings section is displayed in Overview tab","Upcoming Match Details Page [English]","2026-09-02","passed","2026-09-02","","4. Overview Tab [English]","",""
"","365","TC_16 [Vietnamese] — 6-box display and Verify OTP requires all 6 digits","OTP Verification [Vietnamese]","2026-09-02","passed","2026-09-02","","","",""
"","2516","TC_32 [English] - Verify an invalid/non-existent team slug is handled gracefully","Team Details Page [English]","2026-09-02","passed","2026-09-02","","6. Data Integrity [English]","",""
"","3417","TC_24 [Vietnamese] - Verify Knockout tab presence and Standings tab content on CONMEBOL Libertadores 2026 page","Tournament Pages [Vietnamese]","2026-09-02","passed","2026-09-02","","CONMEBOL Libertadores 2026 [Vietnamese]","",""
"","113","TC_19 [English] - Verify each team pitch shows exactly 11 players","Upcoming Match Details Page [English]","2026-09-02","passed","2026-09-02","","5. Lineups Tab [English]","",""
"","30248","TC_08 [English] - Verify all four tabs (Lineups, Stats, Play by Play, Rankings) are displayed and Lineups is the default active tab","Recent Match Details Page [English]","2026-09-02","broken","2026-09-02","","3. Match Detail Tabs [English]","",""
"","1395","TC_54 [Vietnamese] - Verify Profile page displays correctly on the standard 360×740 viewport","Profile Page (Vietnamese)","2026-09-02","passed","2026-09-02","","10. Edge Cases","",""
"","1040","TC_37 [English] — Direct URL to Dashboard page allows proceeding to Dashboard","Welcome Page — Direct Access (English)","2026-09-02","passed","2026-09-02","","","",""
"","1392","TC_19 [English] - Verify Key Insights widget is displayed in The Edge section","Landing Page Validation (English)","2026-09-02","passed","2026-09-02","","","",""
"","612","TC_17 [Vietnamese] - Verify Terms of Service, Privacy Policy and Cookie Policy all redirect to unique pages","Profile Page (Vietnamese)","2026-09-02","passed","2026-09-02","","4. Account Tab","",""
"","1130","TC_59 [Vietnamese] - Verify Profile page loads within 5 seconds","Profile Page (Vietnamese)","2026-09-02","passed","2026-09-02","","12. Performance","",""
"","6862","TC_33 [Vietnamese] - Verify all sections consistently reflect the same team with no cross-team data leakage","Team Details Page [Vietnamese]","2026-09-02","passed","2026-09-02","","6. Data Integrity [Vietnamese]","",""
"","3315","TC_26 [English] - Verify Overview and Matches tabs display content on Brasileiro Serie A 2026 page","Tournament Pages [English]","2026-09-02","passed","2026-09-02","","Brasileiro Serie A 2026 [English]","",""
"","2813","TC_11 [English] - Verify Dashboard sections are displayed in the correct sequence","Dashboard Validation (English)","2026-09-02","failed","2026-09-02","","","",""
"","2878","TC_41 [Vietnamese] - Verify the Leaderboard teaser is NOT shown when the user is logged out","Beat SFC [Vietnamese]","2026-09-02","passed","2026-09-02","","Match Details - Beat Aiko Widgets (Pre-login) [Vietnamese]","",""
"","868","TC_02 [English] - Effective Date reads ""23 April 2026""","Terms of Use (English)","2026-09-02","passed","2026-09-02","","","",""
"","3007","TC_06 [English] — Short phone number is rejected or triggers validation","Signup Journey — Join Page (English)","2026-09-02","passed","2026-09-02","","","",""
"","2710","TC_45 [Vietnamese] - Verify Profile page URL is correct after navigating away to Dashboard and returning","Profile Page (Vietnamese)","2026-09-02","passed","2026-09-02","","9. Tab Switching","",""
"","1704","TC_55 [English] - Verify Login/Signup button is visible across all three profile tabs for a guest user","Profile Page (English)","2026-09-02","passed","2026-09-02","","10. Edge Cases","",""
"","140","TC_11 [English] - Verify lineup pitch shows at least 11 players","Recent Match Details Page [English]","2026-09-02","passed","2026-09-02","","4. Lineups Tab [English]","",""
"","220","TC_12 [English] - Verify player name labels are visible in the lineup pitch area","Recent Match Details Page [English]","2026-09-02","passed","2026-09-02","","4. Lineups Tab [English]","",""
"","19148","TC23 [English] — Squad list is displayed with registered players","Smoke Suite [English]","2026-09-02","broken","2026-09-02","","","",""
"","1164","TC_13 [English] — Continue stays disabled with only the name filled","Blue Moon — Signup Details Page (English)","2026-09-02","passed","2026-09-02","","","",""
"","268","TC_16 [English] - Verify Defense section shows numeric stat comparison values","Recent Match Details Page [English]","2026-09-02","passed","2026-09-02","","5. Stats Tab [English]","",""
"","135","TC_12 [English] — Page displays the exact phone number entered, 6 separate OTP boxes, and an active resend countdown","Organic Signup Journey (English)","2026-09-02","passed","2026-09-02","","OTP Page — submission and display","",""
"","5660","TC_01 [English] - Verify user is redirected to Match Details page after clicking the upcoming match","Upcoming Match Details Page [English]","2026-09-02","passed","2026-09-02","","1. Navigation [English]","",""
"","233","TC_31 [English] - Verify team names in match header match team names shown in Lineup tab","Upcoming Match Details Page [English]","2026-09-02","passed","2026-09-02","","7. Data Consistency [English]","",""
"","2571","TC_02 [English] - Verify Dashboard Logo is displayed","Dashboard Validation (English)","2026-09-02","passed","2026-09-02","","","",""
"","5658","TC_20 [English] — Expired or invalid OTP is rejected with error","OTP Verification (English)","2026-09-02","passed","2026-09-02","","","",""
"","518","TC_04 [English] - Verify the Logout button shows a hover/focus state and pointer cursor on desktop","Logout (English)","2026-09-02","passed","2026-09-02","","1. Logout Control Visibility & Non-Destructive Popup Checks","",""
"","176","TC_19 [English] - Verify clicking Preferences tab makes it active and loads Language section with language options","Profile Page (English)","2026-09-02","passed","2026-09-02","","5. Preferences Tab","",""
"","588","TC_11 [English] - Language switch keeps user on /privacy (no re-login required)","Privacy Policy (English)","2026-09-02","passed","2026-09-02","","","",""
"","35","TC_05 [English] - Verify Full Time (FT) status indicator is shown in match header","Recent Match Details Page [English]","2026-09-02","passed","2026-09-02","","2. Match Header [English]","",""
"","1452","TC_09 [English] - Verify Personalisation section is displayed","Landing Page Validation (English)","2026-09-02","passed","2026-09-02","","","",""
"","3412","TC_27 [English] - Verify navigating to Match Details via the Match Card (not the banner) shows no popup and all 3 Beat Aiko sections are visible","Beat SFC [English]","2026-09-02","passed","2026-09-02","","Match Details - Beat Aiko Widgets (Pre-login) [English]","",""
"","5126","TC_24 [English] — Back navigation returns to the Signup Details page","Blue Moon — OTP Page (English)","2026-09-02","passed","2026-09-02","","","",""
"","3248","TC_35 [Vietnamese] - Verify 'ĐÁNH BẠI SFC · BẠN NGHĨ SAO?' section displays correctly","Beat SFC [Vietnamese]","2026-09-02","passed","2026-09-02","","Match Details - Beat Aiko Widgets (Pre-login) [Vietnamese]","",""
"","78","TC_10 [English] - Verify Terms of Service row is displayed and clickable","Profile Page (English)","2026-09-02","passed","2026-09-02","","4. Account Tab","",""
"","6566","TC06 [English] — ""Maybe later"" on Link Telegram navigates to Welcome page without linking Telegram","Smoke Suite [English]","2026-09-02","passed","2026-09-02","","","",""
"","3068","TC_20 [English] - Verify clicking the Login/Signup button redirects the user to the Login/Signup page","Dashboard Validation (English)","2026-09-02","passed","2026-09-02","","","",""
"","1374","TC_15 [English] - Verify clicking Cookie Policy redirects to the Cookie Policy page","Profile Page (English)","2026-09-02","passed","2026-09-02","","4. Account Tab","",""
"","6222","TC_04 [Vietnamese] — Phone accepts numeric input only and enforces correct digit length","Details Page [Vietnamese]","2026-09-02","passed","2026-09-02","","","",""
"","1399","TC_12 [English] - Verify Real-Time Feed section is displayed","Landing Page Validation (English)","2026-09-02","passed","2026-09-02","","","",""
"","192","TC_14 [English] - Verify Expected Goals section shows numeric xG values","Upcoming Match Details Page [English]","2026-09-02","passed","2026-09-02","","4. Overview Tab [English]","",""
"","4062","TC_16 [English] - Verify all three Data & Privacy links redirect to their correct pages when clicked in sequence","Profile Page (English)","2026-09-02","passed","2026-09-02","","4. Account Tab","",""
"","3425","TC_05 [Vietnamese] - Verify the Logout button is reachable and operable via keyboard","Logout (Vietnamese)","2026-09-02","passed","2026-09-02","","1. Logout Control Visibility & Non-Destructive Popup Checks [Vietnamese]","",""
"","1462","TC_56 [Vietnamese] - Verify Profile page is fully responsive on mobile viewport 375x667","Profile Page (Vietnamese)","2026-09-02","passed","2026-09-02","","11. UI & Responsive","",""
"","35778","TC13 [Vietnamese] — Team Details page loads for Sevilla via valid URL","Smoke Suite [Vietnamese]","2026-09-02","broken","2026-09-02","","","",""
"","448","TC_18 [English] - Verify Lineup tab displays football pitch for both teams with team names and logos","Upcoming Match Details Page [English]","2026-09-02","passed","2026-09-02","","5. Lineups Tab [English]","",""
"","","TC_14 [English] - Verify selecting India (+91) from the Select Country modal updates the phone field and closes the modal","Beat SFC [English]","2026-09-02","unknown","","","Express Signup - Login/OTP Popup [English]","",""
"","1591","TC25 [Vietnamese] — Profile page loads successfully via direct URL","Smoke Suite [Vietnamese]","2026-09-02","passed","2026-09-02","","","",""
"","144694","TC_07 [English] - Verify Team Details page is reachable and loads correctly from J1 League 26/27","Team Details Page [English]","2026-09-02","skipped","2026-09-02","","1. Cross-Tournament Reachability [English]","",""
"","3212","TC_02 [Vietnamese] - Verify Overview and Matches tabs display content on Canadian Premier League 2026 page","Tournament Pages [Vietnamese]","2026-09-02","passed","2026-09-02","","Canadian Premier League 2026 [Vietnamese]","",""
"","45","TC_34 [English] - Verify the JOIN OUR PUBLIC CHANNELS section heading is displayed correctly","Profile Page (English)","2026-09-02","passed","2026-09-02","","7. Community Tab","",""
"","1158","TC_10 [English] — A valid name is accepted","Blue Moon — Signup Details Page (English)","2026-09-02","passed","2026-09-02","","","",""
"","6520","TC07 [English] — ""Go to sportsfc.fans →"" on Welcome page navigates to the Dashboard","Smoke Suite [English]","2026-09-02","passed","2026-09-02","","","",""
"","3509","TC_36 [Vietnamese] - Verify clicking option '1' in What's Your Take triggers the Express Signup popup","Beat SFC [Vietnamese]","2026-09-02","passed","2026-09-02","","Match Details - Beat Aiko Widgets (Pre-login) [Vietnamese]","",""
"","664","TC_01 [English] - Terms of Use page loads in English with correct heading","Terms of Use (English)","2026-09-02","passed","2026-09-02","","","",""
"","1333","TC26 [English] — Profile header displays Guest state and Login/Signup button","Smoke Suite [English]","2026-09-02","passed","2026-09-02","","","",""
"","158","TC_13 [English] - Verify Expected Goals (xG) section heading is displayed","Upcoming Match Details Page [English]","2026-09-02","passed","2026-09-02","","4. Overview Tab [English]","",""
"","2225","TC_39 [Vietnamese] — Direct URL to Dashboard page allows proceeding without being bounced to login (guest-accessible by design)","Welcome Page — Direct Access [Vietnamese]","2026-09-02","passed","2026-09-02","","","",""
"","5971","TC_06 [English] — Inline validation error is shown for an invalid/incomplete phone number","Details Page [English]","2026-09-02","passed","2026-09-02","","","",""
"","5193","TC_04 [Vietnamese] - Verify navigation to Africa Cup of Nations Qualification 2026 and URL/heading are correct","Tournament Pages [Vietnamese]","2026-09-02","passed","2026-09-02","","Africa Cup of Nations Qualification 2026 [Vietnamese]","",""
"","87","TC_14 [English] - Verify Cookie Policy row is displayed and clickable","Profile Page (English)","2026-09-02","passed","2026-09-02","","4. Account Tab","",""
"","10893","TC_05 [English] - Verify Team Details page is reachable and loads correctly from K-League 1 2026","Team Details Page [English]","2026-09-02","passed","2026-09-02","","1. Cross-Tournament Reachability [English]","",""
"","4085","TC_18 [English] - Verify Knockout tab presence and Standings tab content on MLS 2026 page","Tournament Pages [English]","2026-09-02","passed","2026-09-02","","MLS 2026 [English]","",""
"","1358","TC_52 [Vietnamese] - Verify Profile page loads correctly after clearing all browser cache and storage","Profile Page (Vietnamese)","2026-09-02","passed","2026-09-02","","10. Edge Cases","",""
"","18130","TC_11 [English] - Verify clicking the country-code dropdown opens the 'Select Country' modal","Beat SFC [English]","2026-09-02","broken","2026-09-02","","Express Signup - Login/OTP Popup [English]","",""
"","197","TC_24 [English] - Verify Defense section shows stat comparison values","Upcoming Match Details Page [English]","2026-09-02","passed","2026-09-02","","6. Stats Tab [English]","",""
"","464","TC_04 [English] - All 15 numbered sections are present","Terms of Use (English)","2026-09-02","passed","2026-09-02","","","",""
"","1014","TC_53 [Vietnamese] - Verify the Beat SFC section is NOT displayed on Settings > Account tab for a logged-out user","Beat SFC [Vietnamese]","2026-09-02","passed","2026-09-02","","Settings - Account Tab - Beat SFC Section (Guest) [Vietnamese]","",""
"","7497","TC_03 [English] - Verify Team Details page is reachable and loads correctly from Brasileiro Serie B 2026","Team Details Page [English]","2026-09-02","passed","2026-09-02","","1. Cross-Tournament Reachability [English]","",""
"","631","TC_05 [English] - No leftover Vietnamese diacritics in English page","Privacy Policy (English)","2026-09-02","passed","2026-09-02","","","",""
"","2649","TC_29 [Vietnamese] - Verify Overview and Matches tabs display content on Int. Friendly Games 2026 page","Tournament Pages [Vietnamese]","2026-09-02","passed","2026-09-02","","Int. Friendly Games 2026 [Vietnamese]","",""
"","30401","TC_26 [English] - Verify tapping a Recent Result card navigates to that match's Match Details page","Team Details Page [English]","2026-09-02","passed","2026-09-02","","4. Recent Results [English]","",""
"","444","TC_37 [Vietnamese] - Verify all 7 social channel icons and rows load without broken images","Profile Page (Vietnamese)","2026-09-02","passed","2026-09-02","","7. Community Tab","",""
"","31916","TC_30 [English] - Verify language setting applies globally to other pages such as Dashboard","Profile Page (English)","2026-09-02","broken","2026-09-02","","5. Preferences Tab","",""
"","3269","TC_38 [English] - Verify clicking WhatsApp row redirects to the WhatsApp channel in a new tab","Profile Page (English)","2026-09-02","passed","2026-09-02","","8. Community Tab – Social Redirections","",""
"","7195","TC_10 [English] — Terms & privacy disclaimer is shown on the login splash; Continue is gated purely by phone validity (no separate checkbox in the current build)","Organic Signup Journey (English)","2026-09-02","passed","2026-09-02","","Login/Join Page","",""
"","6524","TC_13 [English] — Network failure on Sign Up shows an appropriate error","Details Page [English]","2026-09-02","passed","2026-09-02","","","",""
"","3102","TC_11 [Vietnamese] — Phone numbers with extra formatting characters (spaces, dashes, leading zero) are normalized consistently","Details Page [Vietnamese]","2026-09-02","passed","2026-09-02","","","",""
"","1956","TC_02 [English] — Details page loads with heading, description, country selector, phone field, terms text, Sign Up button and disclaimer","Details Page [English]","2026-09-02","passed","2026-09-02","","","",""
"","6129","TC_28 [English] — The existing/login number can be reused for another full login without Firebase cleanup","Blue Moon — Welcome Page (existing/login number) (English)","2026-09-02","passed","2026-09-02","","","",""
"","6795","TC_12 [Vietnamese] - Verify Team Details page is reachable and loads correctly from V-League 1 26/27","Team Details Page [Vietnamese]","2026-09-02","passed","2026-09-02","","1. Cross-Tournament Reachability [Vietnamese]","",""
"","45","TC_09 [Vietnamese] - Verify DATA & PRIVACY section heading is displayed correctly in the Account tab","Profile Page (Vietnamese)","2026-09-02","passed","2026-09-02","","4. Account Tab","",""
"","3585","TC_39 [English] - Verify clicking option '4+' in What's Your Take triggers the Express Signup popup","Beat SFC [English]","2026-09-02","passed","2026-09-02","","Match Details - Beat Aiko Widgets (Pre-login) [English]","",""
"","777","TC_03 [English] - Verify header shows team logos, team names and competition name","Recent Match Details Page [English]","2026-09-02","passed","2026-09-02","","2. Match Header [English]","",""
"","2696","TC_09 [English] — A number shorter than 10 digits keeps Continue disabled","Blue Moon — Signup Details Page (English)","2026-09-02","passed","2026-09-02","","","",""
"","998","TC_12 [English] — Continue is disabled by default on a freshly loaded page","Blue Moon — Signup Details Page (English)","2026-09-02","passed","2026-09-02","","","",""
"","","TC_01 [Vietnamese] - Verify 'Next Match' section label is displayed on Overview tab","Beat SFC [Vietnamese]","2026-09-02","unknown","","","Overview Page - Next Match Widget [Vietnamese]","",""
"","40045","TC_10 [Vietnamese] - Verify the user is redirected to the Login/Landing page after logout","Logout (Vietnamese)","2026-09-02","broken","2026-09-02","","2. Logout Execution & Redirect [Vietnamese]","",""
"","3375","TC_01 [English] - Verify Landing page URL","Landing Page Validation (English)","2026-09-02","passed","2026-09-02","","","",""
"","3504","TC_06 [Vietnamese] - Verify Knockout tab presence and Standings tab content on Africa Cup of Nations Qualification 2026 page","Tournament Pages [Vietnamese]","2026-09-02","passed","2026-09-02","","Africa Cup of Nations Qualification 2026 [Vietnamese]","",""
"","","TC_03 [English] - Verify Beat Aiko (Beat SFC) promotional banner displays correctly under the Match Card","Beat SFC [English]","2026-09-02","unknown","","","Overview Page - Next Match Widget [English]","",""
"","6210","TC_15 [English] — Correct OTP auto-submits and navigates to link-telegram","OTP Verification (English)","2026-09-02","passed","2026-09-02","","","",""
"","2681","TC_16 [English] — Continue becomes enabled once Name, Mobile and the checkbox are all valid","Blue Moon — Signup Details Page (English)","2026-09-02","passed","2026-09-02","","","",""
"","2811","TC_09 [Vietnamese] - Verify View All option is displayed in the Recent Results section and user is redirected to the Recent Results page after clicking it","Dashboard Validation (Vietnamese)","2026-09-02","passed","2026-09-02","","","",""
"","1484","TC_24 [English] - Verify footer with copyright is displayed at the bottom of the Landing page","Landing Page Validation (English)","2026-09-02","passed","2026-09-02","","","",""
"","83","TC_10 [Vietnamese] - Verify Terms of Service row is displayed and clickable","Profile Page (Vietnamese)","2026-09-02","passed","2026-09-02","","4. Account Tab","",""
"","9063","TC_08 [Vietnamese] - Verify Team Details page is reachable and loads correctly from CONMEBOL Libertadores 2026","Team Details Page [Vietnamese]","2026-09-02","passed","2026-09-02","","1. Cross-Tournament Reachability [Vietnamese]","",""
"","2700","TC_07 [English] — A valid 10-digit Indian number is accepted with no validation error","Blue Moon — Signup Details Page (English)","2026-09-02","passed","2026-09-02","","","",""
"","5154","TC_28 [Vietnamese] - Verify navigation to Int. Friendly Games 2026 and URL/heading are correct","Tournament Pages [Vietnamese]","2026-09-02","passed","2026-09-02","","Int. Friendly Games 2026 [Vietnamese]","",""
"","2222","TC_15 [English] — Continue stays disabled when the T&C checkbox is unchecked, even with valid Name + Mobile","Blue Moon — Signup Details Page (English)","2026-09-02","passed","2026-09-02","","","",""
"","786","TC_11 [Vietnamese] - Verify protected pages are not accessible after logout via browser Back button","Logout (Vietnamese)","2026-09-02","passed","2026-09-02","","2. Logout Execution & Redirect [Vietnamese]","",""
"","309","TC_04 [English] - Verify Profile header displays Guest username and Login/Signup button for guest user","Profile Page (English)","2026-09-02","passed","2026-09-02","","2. Profile Header","",""
"","491","TC_42 [English] — Setting a 6-digit code fills the OTP field correctly and triggers submission","OTP Verification — Wrong-Attempt Tests [English]","2026-09-02","passed","2026-09-02","","","",""
"","3109","TC_27 [English] - Verify Knockout tab presence and Standings tab content on Brasileiro Serie A 2026 page","Tournament Pages [English]","2026-09-02","passed","2026-09-02","","Brasileiro Serie A 2026 [English]","",""
"","5699","TC_08 [English] — An inline validation error/disabled state is shown when Continue is clicked with an empty phone number field","Organic Signup Journey (English)","2026-09-02","passed","2026-09-02","","Login/Join Page","",""
"","5619","TC_19 [English] - Verify navigation to J1 League 26/27 and URL/heading are correct","Tournament Pages [English]","2026-09-02","passed","2026-09-02","","J1 League 26/27 [English]","",""
"","5134","TC_31 [Vietnamese] - Verify navigation to Club Friendly Games 2026 and URL/heading are correct","Tournament Pages [Vietnamese]","2026-09-02","passed","2026-09-02","","Club Friendly Games 2026 [Vietnamese]","",""
"","10644","TC11 [Vietnamese] — Clicking a Today Match card navigates to the Match Detail page","Smoke Suite [Vietnamese]","2026-09-02","broken","2026-09-02","","","",""
"","26088","TC_20 [English] — Correct OTP navigates to the Link Telegram page","OTP Verification [English]","2026-09-02","broken","2026-09-02","","","",""
"","1609","TC_08 [English] - Verify all four feature cards are displayed","Landing Page Validation (English)","2026-09-02","passed","2026-09-02","","","",""
"","237","TC_20 [English] - Verify stat rows display numeric comparison values for both teams","Recent Match Details Page [English]","2026-09-02","passed","2026-09-02","","5. Stats Tab [English]","",""
"","4693","TC_01 [English] - Verify 'Next Match' section label is displayed on Overview tab","Beat SFC [English]","2026-09-02","passed","2026-09-02","","Overview Page - Next Match Widget [English]","",""
"","3508","TC_30 [Vietnamese] - Verify clicking 'Hòa' (Draw) in Guess the Winner triggers the Express Signup popup","Beat SFC [Vietnamese]","2026-09-02","passed","2026-09-02","","Match Details - Beat Aiko Widgets (Pre-login) [Vietnamese]","",""
"","1530","TC_23 [English] — A logged-in user directly navigating to the login/join URL is redirected to the Dashboard instead of the phone entry page","Organic Signup Journey (English)","2026-09-02","passed","2026-09-02","","Post-Login Dashboard and Settings","",""
"","2916","TC_11 [Vietnamese] - Verify Overview and Matches tabs display content on CONMEBOL Sudamericana 2026 page","Tournament Pages [Vietnamese]","2026-09-02","passed","2026-09-02","","CONMEBOL Sudamericana 2026 [Vietnamese]","",""
"","78525","TC_11 [Vietnamese] - Verify Team Details page is reachable and loads correctly from Club Friendly Games 2026","Team Details Page [Vietnamese]","2026-09-02","skipped","2026-09-02","","1. Cross-Tournament Reachability [Vietnamese]","",""
"","207","TC_15 [English] - Verify Defense section heading is displayed","Recent Match Details Page [English]","2026-09-02","passed","2026-09-02","","5. Stats Tab [English]","",""
"","1856","TC_02 [Vietnamese] — Details page loads with heading, description, country selector, phone field, terms text, Sign Up button and disclaimer","Details Page [Vietnamese]","2026-09-02","passed","2026-09-02","","","",""
"","502","TC_42 [Vietnamese] — Setting a 6-digit code fills the OTP field correctly and triggers submission","OTP Verification — Wrong-Attempt Tests [Vietnamese]","2026-09-02","passed","2026-09-02","","","",""
"","1765","TC_07 [English] - Cross-reference link to Terms of Use navigates correctly","Privacy Policy (English)","2026-09-02","passed","2026-09-02","","","",""
"","97955","TC_09 [Vietnamese] - Verify Ok/Yes on the logout confirmation popup logs the user out","Logout (Vietnamese)","2026-09-02","failed","2026-09-02","","2. Logout Execution & Redirect [Vietnamese]","",""
"","8805","TC_01 [English] - Verify Team Details page is reachable and loads correctly from Canadian Premier League 2026","Team Details Page [English]","2026-09-02","passed","2026-09-02","","1. Cross-Tournament Reachability [English]","",""
"","2591","TC_30 [English] - Verify Knockout tab presence and Standings tab content on Int. Friendly Games 2026 page","Tournament Pages [English]","2026-09-02","passed","2026-09-02","","Int. Friendly Games 2026 [English]","",""
"","3176","TC_28 [Vietnamese] - Verify 'ĐÁNH BẠI SFC · ĐOÁN NGƯỜI THẮNG!' section displays correctly","Beat SFC [Vietnamese]","2026-09-02","passed","2026-09-02","","Match Details - Beat Aiko Widgets (Pre-login) [Vietnamese]","",""
"","3079","TC_09 [English] - Verify Knockout tab presence and Standings tab content on Brasileiro Serie B 2026 page","Tournament Pages [English]","2026-09-02","passed","2026-09-02","","Brasileiro Serie B 2026 [English]","",""
"","3003","TC01 [English] — Landing page loads successfully for a logged-out user","Smoke Suite [English]","2026-09-02","passed","2026-09-02","","","",""
"","1745","TC_02 [English] - Verify brand logo is displayed on Landing page","Landing Page Validation (English)","2026-09-02","passed","2026-09-02","","","",""
"","40044","TC_10 [English] - Verify the user is redirected to the Login/Landing page after logout","Logout (English)","2026-09-02","broken","2026-09-02","","2. Logout Execution & Redirect","",""
"","2725","TC_06 [English] - Verify Today Matches, Trending Series, Upcoming Matches and Recent Results sections are displayed on the Dashboard page","Dashboard Validation (English)","2026-09-02","passed","2026-09-02","","","",""
"","491","TC_35 [English] - Verify all 7 social channel rows display correct channel names","Profile Page (English)","2026-09-02","passed","2026-09-02","","7. Community Tab","",""
"","1110","TC_08 [English] — Non-numeric characters are rejected in the mobile number field","Blue Moon — Signup Details Page (English)","2026-09-02","passed","2026-09-02","","","",""
"","9130","TC_50 [Vietnamese] - Verify all 7 social channel links open in a new tab and do not navigate away from Profile page","Profile Page (Vietnamese)","2026-09-02","passed","2026-09-02","","10. Edge Cases","",""
"","1863","TC_46 [Vietnamese] - Verify switching between all three tabs works correctly with no content overlap","Profile Page (Vietnamese)","2026-09-02","passed","2026-09-02","","9. Tab Switching","",""
"","476","TC_11 [English] - No horizontal overflow on mobile viewport","Terms of Use (English)","2026-09-02","passed","2026-09-02","","","",""
"","3969","TC_40 [Vietnamese] - Verify 'Xem thêm 2 phân tích' link expands/collapses additional insights without requiring login","Beat SFC [Vietnamese]","2026-09-02","passed","2026-09-02","","Match Details - Beat Aiko Widgets (Pre-login) [Vietnamese]","",""
"","371","TC_06 [English] - Verify clicking Team 2 logo navigates to Team 2 details page and back returns to match","Upcoming Match Details Page [English]","2026-09-02","passed","2026-09-02","","2. Match Header [English]","",""
"","6657","TC_30 [English] - Verify the Competitions list remains reachable when scrolled","Team Details Page [English]","2026-09-02","passed","2026-09-02","","5. Competitions [English]","",""
"","515","TC_03 [Vietnamese] - Verify the Logout option appears only under the Account tab and not other Settings tabs","Logout (Vietnamese)","2026-09-02","passed","2026-09-02","","1. Logout Control Visibility & Non-Destructive Popup Checks [Vietnamese]","",""
"","101","TC_12 [Vietnamese] - Verify Privacy Policy row is displayed and clickable","Profile Page (Vietnamese)","2026-09-02","passed","2026-09-02","","4. Account Tab","",""
"","1751","TC_23 [Vietnamese] — A logged-in user directly navigating to the login/join URL is redirected to the Dashboard instead of the phone entry page","Organic Signup Journey (Vietnamese)","2026-09-02","passed","2026-09-02","","Post-Login Dashboard and Settings","",""
"","2642","TC_05 [Vietnamese] - verify FIFA world cup banner is displayed and after clicking on it, It redirects to the FIFA page","Dashboard Validation (Vietnamese)","2026-09-02","passed","2026-09-02","","","",""
"","7164","TC_14 [Vietnamese] - Verify the breadcrumb title displays the correct team name","Team Details Page [Vietnamese]","2026-09-02","passed","2026-09-02","","2. Navigation & Header [Vietnamese]","",""
"","18047","TC_14 [Vietnamese] - Verify selecting India (+91) from the Select Country modal updates the phone field and closes the modal","Beat SFC [Vietnamese]","2026-09-02","broken","2026-09-02","","Express Signup - Login/OTP Popup [Vietnamese]","",""
"","3517","TC_37 [English] - Verify clicking option '2' in What's Your Take triggers the Express Signup popup","Beat SFC [English]","2026-09-02","passed","2026-09-02","","Match Details - Beat Aiko Widgets (Pre-login) [English]","",""
"","2939","TC_36 [Vietnamese] - Verify Knockout tab presence and Standings tab content on V-League 1 26/27 page","Tournament Pages [Vietnamese]","2026-09-02","passed","2026-09-02","","V-League 1 26/27 [Vietnamese]","",""
"","1905","TC_48 [Vietnamese] - Verify rapid tab switching does not cause content overlap or errors","Profile Page (Vietnamese)","2026-09-02","passed","2026-09-02","","9. Tab Switching","",""
"","5396","TC_18 [English] — Resend OTP shows countdown immediately after page load","OTP Verification (English)","2026-09-02","passed","2026-09-02","","","",""
"","461","TC_17 [English] — OTP field accepts numeric input only","OTP Verification [English]","2026-09-02","passed","2026-09-02","","","",""
"","6227","TC_10 [English] — Repeated Sign Up submissions are rate-limited or accepted","Signup Journey — Join Page (English)","2026-09-02","passed","2026-09-02","","","",""
"","2760","TC_01 [English] - Privacy Policy page loads in English with correct heading","Privacy Policy (English)","2026-09-02","passed","2026-09-02","","","",""
"","1773","TC09 [Vietnamese] — Guest user can access Dashboard page successfully","Smoke Suite [Vietnamese]","2026-09-02","passed","2026-09-02","","","",""
"","6541","TC14 [English] — Clicking an upcoming match card navigates to Match Details page","Smoke Suite [English]","2026-09-02","passed","2026-09-02","","","",""
"","6433","TC_35 [Vietnamese] — Refreshing mid-flow retains session so the user can continue","E2E Journey [Vietnamese]","2026-09-02","passed","2026-09-02","","","",""
"","72","TC_26 [English] — Reached directly after OTP for an existing account, with the Welcome CTA visible","Blue Moon — Welcome Page (existing/login number) (English)","2026-09-02","passed","2026-09-02","","","",""
"","18466","TC22 [English] — Team logo/crest is displayed correctly","Smoke Suite [English]","2026-09-02","broken","2026-09-02","","","",""
"","838","TC_41 [Vietnamese] — Incorrect OTP shows an error and allows the user to retry","OTP Verification — Wrong-Attempt Tests [Vietnamese]","2026-09-02","passed","2026-09-02","","","",""
"","2856","TC_15 [Vietnamese] - Verify Knockout tab presence and Standings tab content on K-League 1 2026 page","Tournament Pages [Vietnamese]","2026-09-02","passed","2026-09-02","","K-League 1 2026 [Vietnamese]","",""
"","119","TC_24 [Vietnamese] - Verify English language option displays 🌐 globe icon and English label","Profile Page (Vietnamese)","2026-09-02","passed","2026-09-02","","5. Preferences Tab","",""
"","30050","TC_28 [English] - Verify Rankings tab label and standings section heading text are correct","Recent Match Details Page [English]","2026-09-02","broken","2026-09-02","","8. Rankings Tab [English]","",""
"","6608","TC_29 [Vietnamese] - Verify each competition entry displays an icon and name","Team Details Page [Vietnamese]","2026-09-02","passed","2026-09-02","","5. Competitions [Vietnamese]","",""
"","0","TC_27 [English] — Linking a Telegram account already connected to another SportsFC account shows a conflict message [requires conflicted Telegram test account]","","2026-09-02","skipped","2026-09-02","","","",""
"","4175","TC_16 [Vietnamese] - Verify all three Data & Privacy links redirect to their correct pages when clicked in sequence","Profile Page (Vietnamese)","2026-09-02","passed","2026-09-02","","4. Account Tab","",""
"","4099","TC_06 [English] — Country code selector allows changing the default country code to another country","Organic Signup Journey (English)","2026-09-02","passed","2026-09-02","","Login/Join Page","",""
"","286","TC_06 [Vietnamese] - Verify Account, Preferences and Community tabs are all displayed and enabled","Profile Page (Vietnamese)","2026-09-02","passed","2026-09-02","","3. Tab Navigation","",""
"","583","TC_05 [English] - No leftover Vietnamese diacritics in English Terms of Use","Terms of Use (English)","2026-09-02","passed","2026-09-02","","","",""
"","2764","TC_12 [English] - Verify match cards are displayed without any UI distortion","Dashboard Validation (English)","2026-09-02","passed","2026-09-02","","","",""
"","3699","TC_41 [Vietnamese] - Verify clicking Facebook row redirects to the Facebook page in a new tab","Profile Page (Vietnamese)","2026-09-02","passed","2026-09-02","","8. Community Tab – Social Redirections","",""
"","5048","TC_03 [English] — Clicking the profile icon as a guest redirects to Settings > Preferences tab, where a Login/Signup CTA is displayed","Organic Signup Journey (English)","2026-09-02","passed","2026-09-02","","Guest Dashboard","",""
"","47","TC_20 [English] - Verify Language section heading is displayed and section is expanded by default","Profile Page (English)","2026-09-02","passed","2026-09-02","","5. Preferences Tab","",""
"","380","TC_16 [English] — 6-box display and Verify OTP requires all 6 digits","OTP Verification [English]","2026-09-02","passed","2026-09-02","","","",""
"","10151","TC_15 [English] - Verify the favorite/star icon reacts to a tap","Team Details Page [English]","2026-09-02","passed","2026-09-02","","2. Navigation & Header [English]","",""
"","7084","TC_08 [Vietnamese] - Verify dismissing the confirmation popup via Esc key keeps the user logged in","Logout (Vietnamese)","2026-09-02","passed","2026-09-02","","1. Logout Control Visibility & Non-Destructive Popup Checks [Vietnamese]","",""
"","1915","TC_58 [English] - Verify no broken images or missing icons on the Profile page across all three tabs","Profile Page (English)","2026-09-02","passed","2026-09-02","","11. UI & Responsive","",""
"","16","TC_14 [English] — Page displays the exact phone number entered on the Details page","OTP Verification [English]","2026-09-02","passed","2026-09-02","","","",""
"","2837","TC_15 [English] - Verify clicking the Tomorrow filter displays filtered match results","Dashboard Validation (English)","2026-09-02","passed","2026-09-02","","","",""
"","2740","TC_08 [Vietnamese] - Verify Recent Result cards display completed match information","Dashboard Validation (Vietnamese)","2026-09-02","passed","2026-09-02","","","",""
"","2827","TC_36 [English] - Verify Knockout tab presence and Standings tab content on V-League 1 26/27 page","Tournament Pages [English]","2026-09-02","passed","2026-09-02","","V-League 1 26/27 [English]","",""
"","5377","TC03 [Vietnamese] — Existing account phone submission on Join page is handled appropriately","Smoke Suite [Vietnamese]","2026-09-02","passed","2026-09-02","","","",""
"","2777","TC_12 [Vietnamese] - Verify match cards are displayed without any UI distortion","Dashboard Validation (Vietnamese)","2026-09-02","passed","2026-09-02","","","",""
"","5913","TC_05 [Vietnamese] — Page loads with heading, description, country code selector, phone field, Continue button and reCAPTCHA disclaimer","Organic Signup Journey (Vietnamese)","2026-09-02","passed","2026-09-02","","Login/Join Page","",""
"","3251","TC_11 [Vietnamese] — Valid phone number triggers OTP dispatch and navigates to the OTP verification page","Organic Signup Journey (Vietnamese)","2026-09-02","passed","2026-09-02","","OTP Page — submission and display","",""
"","1860","TC29 [English] — Account, Preferences and Community sections are present and navigable","Smoke Suite [English]","2026-09-02","passed","2026-09-02","","","",""
"","5844","TC_09 [English] — Valid, new phone number triggers OTP dispatch and navigates to the OTP verification page","Details Page [English]","2026-09-02","passed","2026-09-02","","","",""
"","5313","TC_07 [Vietnamese] - Verify navigation to Brasileiro Serie B 2026 and URL/heading are correct","Tournament Pages [Vietnamese]","2026-09-02","passed","2026-09-02","","Brasileiro Serie B 2026 [Vietnamese]","",""
"","3361","TC_32 [Vietnamese] - Verify 'ĐÁNH BẠI SFC · BÌNH CHỌN!' (Cast Your Vote) section displays correctly","Beat SFC [Vietnamese]","2026-09-02","passed","2026-09-02","","Match Details - Beat Aiko Widgets (Pre-login) [Vietnamese]","",""
"","3798","TC_17 [English] - Verify Overview and Matches tabs display content on MLS 2026 page","Tournament Pages [English]","2026-09-02","passed","2026-09-02","","MLS 2026 [English]","",""
"","929","TC_07 [English] - Liability cap of 100 GBP is stated","Terms of Use (English)","2026-09-02","passed","2026-09-02","","","",""
"","95","TC_07 [Vietnamese] - Verify Preferences tab is the default active tab on page load","Profile Page (Vietnamese)","2026-09-02","passed","2026-09-02","","3. Tab Navigation","",""
"","6747","TC_23 [English] - Verify each Recent Result card displays flags/logos for both competing teams","Team Details Page [English]","2026-09-02","passed","2026-09-02","","4. Recent Results [English]","",""
"","17034","TC_40 [English] - Verify clicking Telegram row redirects to the Telegram channel in a new tab","Profile Page (English)","2026-09-02","broken","2026-09-02","","8. Community Tab – Social Redirections","",""
"","6589","TC_23 [Vietnamese] - Verify each Recent Result card displays flags/logos for both competing teams","Team Details Page [Vietnamese]","2026-09-02","passed","2026-09-02","","4. Recent Results [Vietnamese]","",""
"","3410","TC_38 [Vietnamese] - Verify clicking option '3' in What's Your Take triggers the Express Signup popup","Beat SFC [Vietnamese]","2026-09-02","passed","2026-09-02","","Match Details - Beat Aiko Widgets (Pre-login) [Vietnamese]","",""
"","1606","TC_23 [Vietnamese] — Directly navigating to the Link Telegram URL without OTP verification is not blocked [Known defect: route not protected]","OTP Verification [Vietnamese]","2026-09-02","passed","2026-09-02","","","",""
"","1911","TC_51 [Vietnamese] - Verify Terms of Service, Privacy Policy and Cookie Policy links each redirect to unique pages","Profile Page (Vietnamese)","2026-09-02","passed","2026-09-02","","10. Edge Cases","",""
"","1579","TC_53 [English] - Verify no JavaScript console errors appear across all three tabs","Profile Page (English)","2026-09-02","passed","2026-09-02","","10. Edge Cases","",""
"","8326","TC_06 [Vietnamese] - Verify Team Details page is reachable and loads correctly from MLS 2026","Team Details Page [Vietnamese]","2026-09-02","passed","2026-09-02","","1. Cross-Tournament Reachability [Vietnamese]","",""
"","406","TC_37 [English] - Verify all 7 social channel icons and rows load without broken images","Profile Page (English)","2026-09-02","passed","2026-09-02","","7. Community Tab","",""
"","535","TC_12 [English] - Language switch keeps user on /terms (no re-login required)","Terms of Use (English)","2026-09-02","passed","2026-09-02","","","",""
"","5274","TC_28 [English] - Verify navigation to Int. Friendly Games 2026 and URL/heading are correct","Tournament Pages [English]","2026-09-02","passed","2026-09-02","","Int. Friendly Games 2026 [English]","",""
"","","TC_15 [Vietnamese] - Verify closing the Select Country modal via the 'X' icon retains the previously selected country","Beat SFC [Vietnamese]","2026-09-02","unknown","","","Express Signup - Login/OTP Popup [Vietnamese]","",""
"","4950","TC_05 [English] — Inline validation error is shown when Sign Up is clicked with an empty phone number field","Details Page [English]","2026-09-02","passed","2026-09-02","","","",""
"","135","TC_16 [English] - Verify H2H section contains at least one past match entry","Upcoming Match Details Page [English]","2026-09-02","passed","2026-09-02","","4. Overview Tab [English]","",""
"","9110","TC_08 [English] - Verify Team Details page is reachable and loads correctly from CONMEBOL Libertadores 2026","Team Details Page [English]","2026-09-02","passed","2026-09-02","","1. Cross-Tournament Reachability [English]","",""
"","313","TC_32 [Vietnamese] - Verify guest user name and Login/Signup button update to English after language switch","Profile Page (Vietnamese)","2026-09-02","passed","2026-09-02","","6. Guest User","",""
"","18952","TC21 [Vietnamese] — Team name is displayed correctly in the page header","Smoke Suite [Vietnamese]","2026-09-02","broken","2026-09-02","","","",""
"","2857","TC_10 [English] - Verify Dashboard page is vertically scrollable","Dashboard Validation (English)","2026-09-02","passed","2026-09-02","","","",""
"","81","TC_14 [Vietnamese] - Verify Cookie Policy row is displayed and clickable","Profile Page (Vietnamese)","2026-09-02","passed","2026-09-02","","4. Account Tab","",""
"","1902","TC_12 [Vietnamese] — Phone number field sanitizes/rejects script or injection-style input without executing it or causing errors","Details Page [Vietnamese]","2026-09-02","passed","2026-09-02","","","",""
"","3652","TC_39 [Vietnamese] - Verify clicking option '4+' in What's Your Take triggers the Express Signup popup","Beat SFC [Vietnamese]","2026-09-02","passed","2026-09-02","","Match Details - Beat Aiko Widgets (Pre-login) [Vietnamese]","",""
"","3608","TC_02 [English] — Clicking the Login/Signup CTA in the header navigates to the phone number entry page","Organic Signup Journey (English)","2026-09-02","passed","2026-09-02","","Guest Dashboard","",""
"","139","TC_11 [English] - Verify Goal Scoring Chances section heading is displayed","Upcoming Match Details Page [English]","2026-09-02","passed","2026-09-02","","4. Overview Tab [English]","",""
"","309","TC_06 [English] - Verify Account, Preferences and Community tabs are all displayed and enabled","Profile Page (English)","2026-09-02","passed","2026-09-02","","3. Tab Navigation","",""
"","2845","TC_01 [English] — Both Signup CTAs are visible and enabled","Blue Moon — Landing Page (English)","2026-09-02","passed","2026-09-02","","","",""
"","6901","TC_09 [Vietnamese] — An inline validation error/disabled state is shown for an invalid/incomplete phone number","Organic Signup Journey (Vietnamese)","2026-09-02","passed","2026-09-02","","Login/Join Page","",""
"","3045","TC_12 [English] - Verify Knockout tab presence and Standings tab content on CONMEBOL Sudamericana 2026 page","Tournament Pages [English]","2026-09-02","passed","2026-09-02","","CONMEBOL Sudamericana 2026 [English]","",""
"","114","TC_24 [English] - Verify English language option displays 🌐 globe icon and English label","Profile Page (English)","2026-09-02","passed","2026-09-02","","5. Preferences Tab","",""
"","2646","TC_35 [Vietnamese] - Verify Overview and Matches tabs display content on V-League 1 26/27 page","Tournament Pages [Vietnamese]","2026-09-02","passed","2026-09-02","","V-League 1 26/27 [Vietnamese]","",""
"","267","TC_06 [English] - Verify clicking Team 1 logo navigates to Team 1 details page and back returns to match","Recent Match Details Page [English]","2026-09-02","passed","2026-09-02","","2. Match Header [English]","",""
"","275","TC_17 [English] - Verify Goalkeeping section is displayed with Corners stat row","Recent Match Details Page [English]","2026-09-02","passed","2026-09-02","","5. Stats Tab [English]","",""
"","6865","TC_04 [English] — Phone accepts numeric input only and enforces correct digit length","Details Page [English]","2026-09-02","passed","2026-09-02","","","",""
"","6843","TC_13 [Vietnamese] - Verify the back arrow navigates to the previous page","Team Details Page [Vietnamese]","2026-09-02","passed","2026-09-02","","2. Navigation & Header [Vietnamese]","",""
"","5451","TC_16 [English] - Verify navigation to MLS 2026 and URL/heading are correct","Tournament Pages [English]","2026-09-02","passed","2026-09-02","","MLS 2026 [English]","",""
"","6965","TC_18 [Vietnamese] - Verify the team name and competition context line display correctly","Team Details Page [Vietnamese]","2026-09-02","passed","2026-09-02","","2. Navigation & Header [Vietnamese]","",""
"","2944","TC_15 [Vietnamese] - Verify clicking the Tomorrow filter displays filtered match results","Dashboard Validation (Vietnamese)","2026-09-02","passed","2026-09-02","","","",""
"","3291","TC_04 [Vietnamese] - Verify Dashboard Filters are displayed","Dashboard Validation (Vietnamese)","2026-09-02","passed","2026-09-02","","","",""
"","1596","TC_11 [English] - Verify Personalisation section 'Sign Up' button is displayed and redirects correctly","Landing Page Validation (English)","2026-09-02","passed","2026-09-02","","","",""
"","0","TC_43 [Vietnamese] - Verify clicking TikTok row redirects to the TikTok profile in a new tab [TikTok removed from Community tab]","","2026-09-02","skipped","2026-09-02","","","",""
"","18729","TC22 [Vietnamese] — Team logo/crest is displayed correctly","Smoke Suite [Vietnamese]","2026-09-02","broken","2026-09-02","","","",""
"","51968","TC_37 [English] — User who exits at Link Telegram can resume onboarding on return","E2E Journey [English]","2026-09-02","broken","2026-09-02","","","",""
"","30049","TC_32 [English] - Verify standings shows a team name for each of at least 4 teams","Recent Match Details Page [English]","2026-09-02","broken","2026-09-02","","8. Rankings Tab [English]","",""
"","605","TC_17 [English] - Verify Terms of Service, Privacy Policy and Cookie Policy all redirect to unique pages","Profile Page (English)","2026-09-02","passed","2026-09-02","","4. Account Tab","",""
"","3183","TC_06 [English] - Verify Knockout tab presence and Standings tab content on Africa Cup of Nations Qualification 2026 page","Tournament Pages [English]","2026-09-02","passed","2026-09-02","","Africa Cup of Nations Qualification 2026 [English]","",""
"","272","TC_21 [Vietnamese] - Verify Language section can be collapsed and re-expanded","Profile Page (Vietnamese)","2026-09-02","passed","2026-09-02","","5. Preferences Tab","",""
"","1101","TC_18 [English] — The T&C checkbox has visible, legible consent text","Blue Moon — Signup Details Page (English)","2026-09-02","passed","2026-09-02","","","",""
"","3307","TC_03 [English] - Verify Knockout tab presence and Standings tab content on Canadian Premier League 2026 page","Tournament Pages [English]","2026-09-02","passed","2026-09-02","","Canadian Premier League 2026 [English]","",""
"","3606","TC_01 [English] — Sign Up CTA on landing navigates to the join page","Signup Journey — Landing Page (English)","2026-09-02","passed","2026-09-02","","","",""
"","3875","TC_07 [English] — Phone number field accepts only numeric input and enforces correct digit length for the selected country","Organic Signup Journey (English)","2026-09-02","passed","2026-09-02","","Login/Join Page","",""
"","10274","TC_19 [English] — Resend OTP after countdown sends new OTP","OTP Verification (English)","2026-09-02","broken","2026-09-02","","","",""
"","4817","TC_03 [Vietnamese] — Clicking the profile icon as a guest redirects to Settings > Preferences tab, where a Login/Signup CTA is displayed","Organic Signup Journey (Vietnamese)","2026-09-02","passed","2026-09-02","","Guest Dashboard","",""
"","3462","TC_34 [English] - Verify clicking 'No' in Cast Your Vote triggers the Express Signup popup","Beat SFC [English]","2026-09-02","passed","2026-09-02","","Match Details - Beat Aiko Widgets (Pre-login) [English]","",""
"","5175","TC_22 [English] — Back navigation returns to join page","OTP Verification (English)","2026-09-02","passed","2026-09-02","","","",""
"","4108","TC_40 [English] - Verify 'See 2 more insights' link expands/collapses additional insights without requiring login","Beat SFC [English]","2026-09-02","passed","2026-09-02","","Match Details - Beat Aiko Widgets (Pre-login) [English]","",""
"","34550","TC_01 [English] - Verify user is redirected to Match Details page after clicking a completed match","Recent Match Details Page [English]","2026-09-02","broken","2026-09-02","","1. Navigation [English]","",""
"","23050","TC_09 [Vietnamese] - Verify default country code is pre-selected based on geo-location","Beat SFC [Vietnamese]","2026-09-02","failed","2026-09-02","","Express Signup - Login/OTP Popup [Vietnamese]","",""
"","148","TC_26 [Vietnamese] - Verify selecting Vietnamese highlights it with a filled selection indicator","Profile Page (Vietnamese)","2026-09-02","passed","2026-09-02","","5. Preferences Tab","",""
"","5451","TC_22 [Vietnamese] - Verify navigation to CONMEBOL Libertadores 2026 and URL/heading are correct","Tournament Pages [Vietnamese]","2026-09-02","passed","2026-09-02","","CONMEBOL Libertadores 2026 [Vietnamese]","",""
"","3237","TC_19 [Vietnamese] — Network failure during OTP verification shows an appropriate error","OTP Verification [Vietnamese]","2026-09-02","passed","2026-09-02","","","",""
"","7102","TC_07 [English] - Verify Cancel/No on the logout confirmation popup keeps the user logged in","Logout (English)","2026-09-02","passed","2026-09-02","","1. Logout Control Visibility & Non-Destructive Popup Checks","",""
"","625","TC_24 [English] - Verify clicking Play by Play tab loads match event content","Recent Match Details Page [English]","2026-09-02","passed","2026-09-02","","6. Play by Play Tab [English]","",""
"","6230","TC06 [Vietnamese] — ""Để sau"" on Link Telegram navigates to Welcome page without linking Telegram","Smoke Suite [Vietnamese]","2026-09-02","passed","2026-09-02","","","",""
"","52531","TC_37 [Vietnamese] — User who exits at Link Telegram can resume onboarding on return","E2E Journey [Vietnamese]","2026-09-02","broken","2026-09-02","","","",""
"","1324","TC_21 [English] - Verify footer copyright text is displayed","Landing Page Validation (English)","2026-09-02","passed","2026-09-02","","","",""
"","1766","TC_06 [English] - Verify hero description text element is displayed","Landing Page Validation (English)","2026-09-02","passed","2026-09-02","","","",""
"","255","TC_21 [English] - Verify Language section can be collapsed and re-expanded","Profile Page (English)","2026-09-02","passed","2026-09-02","","5. Preferences Tab","",""
"","1997","TC_47 [Vietnamese] - Verify active tab indicator updates on each tab click","Profile Page (Vietnamese)","2026-09-02","passed","2026-09-02","","9. Tab Switching","",""
"","137","TC_26 [English] - Verify Play by Play section contains goal event entries","Recent Match Details Page [English]","2026-09-02","passed","2026-09-02","","6. Play by Play Tab [English]","",""
"","39","TC_15 [English] — Resend OTP shows a countdown immediately after the OTP is sent","OTP Verification [English]","2026-09-02","passed","2026-09-02","","","",""
"","1001","TC_04 [English] — English heading, sub-heading and description are displayed correctly","Blue Moon — Signup Details Page (English)","2026-09-02","passed","2026-09-02","","","",""
"","25625","TC_36 [Vietnamese] — Language (Vietnamese) persists consistently across all steps of the journey","E2E Journey [Vietnamese]","2026-09-02","broken","2026-09-02","","","",""
"","927","TC_27 [Vietnamese] - Verify only one language can be selected at a time (mutual exclusion)","Profile Page (Vietnamese)","2026-09-02","passed","2026-09-02","","5. Preferences Tab","",""
"","2768","TC_14 [English] - Verify clicking the Today filter displays filtered match results","Dashboard Validation (English)","2026-09-02","passed","2026-09-02","","","",""
"","211","TC_27 [English] — Clicking the Welcome CTA redirects to the Dashboard","Blue Moon — Welcome Page (existing/login number) (English)","2026-09-02","passed","2026-09-02","","","",""
"","52454","TC_33 [Vietnamese] — Complete ""Để sau"" path: Details → OTP → skip Telegram → Welcome → Dashboard","E2E Journey [Vietnamese]","2026-09-02","broken","2026-09-02","","","",""
"","10293","TC_22 [English] - Verify Match Information section shows match date and venue details","Recent Match Details Page [English]","2026-09-02","broken","2026-09-02","","5. Stats Tab [English]","",""
"","3510","TC_29 [Vietnamese] - Verify clicking Team A WIN in Guess the Winner triggers the Express Signup popup","Beat SFC [Vietnamese]","2026-09-02","passed","2026-09-02","","Match Details - Beat Aiko Widgets (Pre-login) [Vietnamese]","",""
"","1981","TC_48 [English] - Verify rapid tab switching does not cause content overlap or errors","Profile Page (English)","2026-09-02","passed","2026-09-02","","9. Tab Switching","",""
"","2829","TC_07 [Vietnamese] — Terms/Privacy links preserve the entered phone number","Details Page [Vietnamese]","2026-09-02","passed","2026-09-02","","","",""
"","78636","TC_11 [English] - Verify Team Details page is reachable and loads correctly from Club Friendly Games 2026","Team Details Page [English]","2026-09-02","skipped","2026-09-02","","1. Cross-Tournament Reachability [English]","",""
"","898","TC_03 [English] - Company name (RICH ABLE DEVELOPMENTS LIMITED) and Samoa address are unchanged","Privacy Policy (English)","2026-09-02","passed","2026-09-02","","","",""
"","4636","TC_01 [Vietnamese] — Guest user can access the Dashboard directly and the Login/Signup CTA is displayed in the header","Organic Signup Journey (Vietnamese)","2026-09-02","passed","2026-09-02","","Guest Dashboard","",""
"","5762","TC_16 [Vietnamese] - Verify navigation to MLS 2026 and URL/heading are correct","Tournament Pages [Vietnamese]","2026-09-02","passed","2026-09-02","","MLS 2026 [Vietnamese]","",""
"","1543","TC_11 [English] - Verify clicking Terms of Service redirects to the Terms of Service page","Profile Page (English)","2026-09-02","passed","2026-09-02","","4. Account Tab","",""
"","9","TC_14 [Vietnamese] — Page displays the exact phone number entered on the Details page","OTP Verification [Vietnamese]","2026-09-02","passed","2026-09-02","","","",""
"","26260","TC_20 [Vietnamese] — Correct OTP navigates to the Link Telegram page","OTP Verification [Vietnamese]","2026-09-02","broken","2026-09-02","","","",""
"","1533","TC_11 [Vietnamese] - Verify clicking Terms of Service redirects to the Terms of Service page","Profile Page (Vietnamese)","2026-09-02","passed","2026-09-02","","4. Account Tab","",""
"","1483","TC_23 [English] — Directly navigating to the Link Telegram URL without OTP verification is not blocked [Known defect: route not protected]","OTP Verification [English]","2026-09-02","passed","2026-09-02","","","",""
"","5535","TC_04 [English] - Verify navigation to Africa Cup of Nations Qualification 2026 and URL/heading are correct","Tournament Pages [English]","2026-09-02","passed","2026-09-02","","Africa Cup of Nations Qualification 2026 [English]","",""
"","18882","TC_12 [Vietnamese] - Verify searching by country name filters the country list","Beat SFC [Vietnamese]","2026-09-02","broken","2026-09-02","","Express Signup - Login/OTP Popup [Vietnamese]","",""
"","6846","TC_13 [English] - Verify the back arrow navigates to the previous page","Team Details Page [English]","2026-09-02","passed","2026-09-02","","2. Navigation & Header [English]","",""
"","1670","TC_29 [Vietnamese] - Verify language selection persists after page refresh","Profile Page (Vietnamese)","2026-09-02","passed","2026-09-02","","5. Preferences Tab","",""
"","53083","TC_38 [English] — Signup journey renders and functions correctly on a mobile viewport","E2E Journey [English]","2026-09-02","broken","2026-09-02","","","",""
"","6634","TC_18 [English] - Verify the team name and competition context line display correctly","Team Details Page [English]","2026-09-02","passed","2026-09-02","","2. Navigation & Header [English]","",""
"","32","TC_19 [English] — Resend OTP is disabled during the countdown and enables once it expires","Blue Moon — OTP Page (English)","2026-09-02","passed","2026-09-02","","","",""
"","6441","TC_21 [Vietnamese] - Verify the General Info section displays the FIFA Ranking and points correctly","Team Details Page [Vietnamese]","2026-09-02","passed","2026-09-02","","3. Stats [Vietnamese]","",""
"","3174","TC_35 [English] - Verify 'BEAT SFC · WHAT'S YOUR TAKE?' section displays correctly","Beat SFC [English]","2026-09-02","passed","2026-09-02","","Match Details - Beat Aiko Widgets (Pre-login) [English]","",""
"","898","TC_03 [English] - Company name (RICH ABLE DEVELOPMENTS LIMITED) and Samoa address are unchanged","Terms of Use (English)","2026-09-02","passed","2026-09-02","","","",""
"","2205","TC_03 [English] — Country code defaults to +91 (India) and the dropdown allows re-selection","Signup Journey — Join Page (English)","2026-09-02","failed","2026-09-02","","","",""
"","6882","TC_25 [Vietnamese] - Verify a drawn match displays correctly in the Recent Results section","Team Details Page [Vietnamese]","2026-09-02","passed","2026-09-02","","4. Recent Results [Vietnamese]","",""
"","8845","TC_14 [English] — Entering the correct OTP redirects directly to the Dashboard as a logged-in user, with no Telegram-link or Welcome step","Organic Signup Journey (English)","2026-09-02","passed","2026-09-02","","OTP Page — correct verification","",""
"","2732","TC_01 [English] — Guest user can access the Dashboard directly and the Login/Signup CTA is displayed in the header","Organic Signup Journey (English)","2026-09-02","passed","2026-09-02","","Guest Dashboard","",""
"","16790","TC_42 [Vietnamese] - Verify clicking Instagram row redirects to the Instagram profile in a new tab","Profile Page (Vietnamese)","2026-09-02","broken","2026-09-02","","8. Community Tab – Social Redirections","",""
"","3835","TC_07 [Vietnamese] — Phone number field accepts only numeric input and enforces correct digit length for the selected country","Organic Signup Journey (Vietnamese)","2026-09-02","passed","2026-09-02","","Login/Join Page","",""
"","2399","TC_10 [Vietnamese] - Verify 'Continue' button is disabled when the phone number field is empty","Beat SFC [Vietnamese]","2026-09-02","passed","2026-09-02","","Express Signup - Login/OTP Popup [Vietnamese]","",""
"","369","TC_20 [English] — Verify OTP stays disabled while the OTP input is empty or partially filled","Blue Moon — OTP Page (English)","2026-09-02","passed","2026-09-02","","","",""
"","2908","TC_16 [English] - Verify clicking the All Matches filter displays filtered match results","Dashboard Validation (English)","2026-09-02","passed","2026-09-02","","","",""
"","32136","TC_16 [Vietnamese] — Clicking ""Resend OTP""/""Gửi lại OTP"" after the countdown expires sends a new OTP and resets the timer","Organic Signup Journey (Vietnamese)","2026-09-02","passed","2026-09-02","","OTP Page — resend","",""
"","5239","TC04 [Vietnamese] — Valid new phone triggers OTP dispatch and shows OTP verification page","Smoke Suite [Vietnamese]","2026-09-02","passed","2026-09-02","","","",""
"","1677","TC_55 [Vietnamese] - Verify Login/Signup button is visible across all three profile tabs for a guest user","Profile Page (Vietnamese)","2026-09-02","passed","2026-09-02","","10. Edge Cases","",""
"","3565","TC_29 [English] - Verify clicking Team A WIN in Guess the Winner triggers the Express Signup popup","Beat SFC [English]","2026-09-02","passed","2026-09-02","","Match Details - Beat Aiko Widgets (Pre-login) [English]","",""
"","24505","TC_21 [Vietnamese] — Profile icon > Preferences tab CTA path reaches OTP dispatch","Organic Signup Journey (Vietnamese)","2026-09-02","passed","2026-09-02","","End-to-End Journeys — entry points reach OTP dispatch","",""
"","3373","TC_18 [Vietnamese] - Verify Knockout tab presence and Standings tab content on MLS 2026 page","Tournament Pages [Vietnamese]","2026-09-02","passed","2026-09-02","","MLS 2026 [Vietnamese]","",""
"","15277","TC_34 [English] — Refreshing the OTP page ends the pending code; refreshing after verification retains the session","E2E Journey (English)","2026-09-02","broken","2026-09-02","","","",""
"","2252","TC_49 [Vietnamese] - Verify language selection in Preferences tab persists when switching to other tabs and back","Profile Page (Vietnamese)","2026-09-02","passed","2026-09-02","","9. Tab Switching","",""
"","2831","TC_03 [Vietnamese] - Verify Profile Icon is displayed","Dashboard Validation (Vietnamese)","2026-09-02","passed","2026-09-02","","","",""
"","1453","TC_04 [English] - Verify hero tagline text element is displayed","Landing Page Validation (English)","2026-09-02","passed","2026-09-02","","","",""
"","45","TC_15 [Vietnamese] — Resend OTP shows a countdown immediately after the OTP is sent","OTP Verification [Vietnamese]","2026-09-02","passed","2026-09-02","","","",""
"","3872","TC_17 [Vietnamese] - Verify Overview and Matches tabs display content on MLS 2026 page","Tournament Pages [Vietnamese]","2026-09-02","passed","2026-09-02","","MLS 2026 [Vietnamese]","",""
"","2800","TC_09 [Vietnamese] - Verify Knockout tab presence and Standings tab content on Brasileiro Serie B 2026 page","Tournament Pages [Vietnamese]","2026-09-02","passed","2026-09-02","","Brasileiro Serie B 2026 [Vietnamese]","",""
"","4985","TC_02 [English] - Verify Back button navigates user back to the Dashboard","Upcoming Match Details Page [English]","2026-09-02","passed","2026-09-02","","1. Navigation [English]","",""
"","1415","TC_15 [English] - Verify Alerts card with FIFA World Cup 2026™ match info is displayed","Landing Page Validation (English)","2026-09-02","passed","2026-09-02","","","",""
"","2962","TC_17 [Vietnamese] - Verify clicking a Today Match card navigates to the match detail page","Dashboard Validation (Vietnamese)","2026-09-02","passed","2026-09-02","","","",""
"","1533","TC_08 [English] - Verify user can switch between Overview, Lineup, Stats and Ranking tabs","Upcoming Match Details Page [English]","2026-09-02","passed","2026-09-02","","3. Match Detail Tabs [English]","",""
"","2012","TC_06 [English] - Verify a confirmation popup appears when Logout is clicked","Logout (English)","2026-09-02","passed","2026-09-02","","1. Logout Control Visibility & Non-Destructive Popup Checks","",""
"","18465","TC_13 [English] - Verify searching by dial code filters the country list","Beat SFC [English]","2026-09-02","broken","2026-09-02","","Express Signup - Login/OTP Popup [English]","",""
"","23243","TC_09 [English] - Verify default country code is pre-selected based on geo-location","Beat SFC [English]","2026-09-02","failed","2026-09-02","","Express Signup - Login/OTP Popup [English]","",""
"","7483","TC_04 [English] - Verify Team Details page is reachable and loads correctly from CONMEBOL Sudamericana 2026","Team Details Page [English]","2026-09-02","passed","2026-09-02","","1. Cross-Tournament Reachability [English]","",""
"","6542","TC_28 [English] - Verify the Competitions section lists tournaments the team has participated in","Team Details Page [English]","2026-09-02","passed","2026-09-02","","5. Competitions [English]","",""
"","189","TC_25 [English] - Verify Play by Play section shows match event minute indicators","Recent Match Details Page [English]","2026-09-02","passed","2026-09-02","","6. Play by Play Tab [English]","",""
"","1622","TC_09 [English] - Cross-reference link to Privacy Policy navigates correctly","Terms of Use (English)","2026-09-02","passed","2026-09-02","","","",""
"","1434","TC_54 [English] - Verify Profile page displays correctly on the standard 360×740 viewport","Profile Page (English)","2026-09-02","passed","2026-09-02","","10. Edge Cases","",""
"","2012","TC_51 [English] - Verify Terms of Service, Privacy Policy and Cookie Policy links each redirect to unique pages","Profile Page (English)","2026-09-02","passed","2026-09-02","","10. Edge Cases","",""
"","3435","TC16 [English] — Clicking a completed match navigates to Match Details page","Smoke Suite [English]","2026-09-02","passed","2026-09-02","","","",""
"","30491","TC_26 [Vietnamese] - Verify tapping a Recent Result card navigates to that match's Match Details page","Team Details Page [Vietnamese]","2026-09-02","passed","2026-09-02","","4. Recent Results [Vietnamese]","",""
"","4913","TC_09 [English] — Valid phone and name navigates to OTP page","Signup Journey — Join Page (English)","2026-09-02","passed","2026-09-02","","","",""
"","2821","TC_03 [English] - Verify Profile Icon is displayed","Dashboard Validation (English)","2026-09-02","passed","2026-09-02","","","",""
"","1368","TC_52 [English] - Verify Profile page loads correctly after clearing all browser cache and storage","Profile Page (English)","2026-09-02","passed","2026-09-02","","10. Edge Cases","",""
"","1771","TC_03 [English] — Clicking the second Signup CTA navigates to the same Signup Details page","Blue Moon — Landing Page (English)","2026-09-02","passed","2026-09-02","","","",""
"","200","TC_26 [English] - Verify Passing section heading is displayed","Upcoming Match Details Page [English]","2026-09-02","passed","2026-09-02","","6. Stats Tab [English]","",""
"","2032","TC_58 [Vietnamese] - Verify no broken images or missing icons on the Profile page across all three tabs","Profile Page (Vietnamese)","2026-09-02","passed","2026-09-02","","11. UI & Responsive","",""
"","5804","TC_01 [Vietnamese] - Verify navigation to Canadian Premier League 2026 and URL/heading are correct","Tournament Pages [Vietnamese]","2026-09-02","passed","2026-09-02","","Canadian Premier League 2026 [Vietnamese]","",""
"","307","TC_05 [English] - Verify clicking Login/Signup button redirects to the Login/Registration page","Profile Page (English)","2026-09-02","passed","2026-09-02","","2. Profile Header","",""
"","1934","TC_39 [English] — Direct URL to Dashboard page allows proceeding without being bounced to login (guest-accessible by design)","Welcome Page — Direct Access [English]","2026-09-02","passed","2026-09-02","","","",""
