"DESCRIPTION","DURATION IN MS","NAME","PARENT SUITE","START TIME","STATUS","STOP TIME","SUB SUITE","SUITE","TEST CLASS","TEST METHOD"
"","5074","TC_32 [English] - Verify Overview and Matches tabs display content on Club Friendly Games 2026 page","Tournament Pages [English]","2026-08-26","passed","2026-08-26","","Club Friendly Games 2026 [English]","",""
"","2664","TC13 [Vietnamese] — Team Details page loads for Sevilla via valid URL","Smoke Suite [Vietnamese]","2026-08-26","passed","2026-08-26","","","",""
"","6260","TC_35 [English] — Refreshing mid-flow retains session so the user can continue","E2E Journey [English]","2026-08-26","passed","2026-08-26","","","",""
"","2682","TC_03 [English] - Verify Profile Icon is displayed","Dashboard Validation (English)","2026-08-26","passed","2026-08-26","","","",""
"","2690","TC10 [English] — Clicking the featured-competition promo banner navigates to that competition page","Smoke Suite [English]","2026-08-26","passed","2026-08-26","","","",""
"","129","TC_11 [English] - Verify lineup pitch shows at least 11 players","Recent Match Details Page [English]","2026-08-26","passed","2026-08-26","","4. Lineups Tab [English]","",""
"","11889","TC_15 [English] - Verify the favorite/star icon reacts to a tap","Team Details Page [English]","2026-08-26","passed","2026-08-26","","2. Navigation & Header [English]","",""
"","30954","TC_09 [English] - Verify user can switch between Lineups, Stats, Play by Play and Rankings tabs","Recent Match Details Page [English]","2026-08-26","broken","2026-08-26","","3. Match Detail Tabs [English]","",""
"","184","TC_31 [Vietnamese] - Verify standings shows team logos for at least 4 teams","Recent Match Details Page [Vietnamese]","2026-08-26","passed","2026-08-26","","8. Rankings Tab [Vietnamese]","",""
"","5460","TC_10 [Vietnamese] - Verify navigation to CONMEBOL Sudamericana 2026 and URL/heading are correct","Tournament Pages [Vietnamese]","2026-08-26","passed","2026-08-26","","CONMEBOL Sudamericana 2026 [Vietnamese]","",""
"","53929","TC_11 [English] - Verify Dashboard sections are displayed in the correct sequence","Dashboard Validation (English)","2026-08-26","broken","2026-08-26","","","",""
"","4785","TC_07 [English] — Terms and Privacy links preserve entered phone number","Signup Journey — Join Page (English)","2026-08-26","passed","2026-08-26","","","",""
"","1382","TC09 [English] — Guest user can access Dashboard page successfully","Smoke Suite [English]","2026-08-26","passed","2026-08-26","","","",""
"","9240","TC_29 [English] — Page displays correct heading, welcome message and CTA button","Welcome Page (English)","2026-08-26","passed","2026-08-26","","","",""
"","5098","TC_07 [Vietnamese] — Phone number field accepts only numeric input and enforces correct digit length for the selected country","Organic Signup Journey (Vietnamese)","2026-08-26","passed","2026-08-26","","Login/Join Page","",""
"","2209","TC_24 [Vietnamese] - Verify clicking Play by Play tab loads match event content","Recent Match Details Page [Vietnamese]","2026-08-26","passed","2026-08-26","","6. Play by Play Tab [Vietnamese]","",""
"","5322","TC_34 [English] — Back button at each step returns to previous step, not forward in flow","E2E Journey [English]","2026-08-26","passed","2026-08-26","","","",""
"","1239","TC_13 [English] — Continue stays disabled with only the name filled","Blue Moon — Signup Details Page (English)","2026-08-26","passed","2026-08-26","","","",""
"","5618","TC05 [Vietnamese] — Correct OTP navigates user to Link Telegram page","Smoke Suite [Vietnamese]","2026-08-26","passed","2026-08-26","","","",""
"","30","TC_23 [Vietnamese] - Verify Play by Play tab is displayed with correct label","Recent Match Details Page [Vietnamese]","2026-08-26","passed","2026-08-26","","6. Play by Play Tab [Vietnamese]","",""
"","4949","TC_35 [Vietnamese] - Verify Overview and Matches tabs display content on V-League 1 26/27 page","Tournament Pages [Vietnamese]","2026-08-26","passed","2026-08-26","","V-League 1 26/27 [Vietnamese]","",""
"","4314","TC_29 [Vietnamese] - Verify language selection persists after page refresh","Profile Page (Vietnamese)","2026-08-26","passed","2026-08-26","","5. Preferences Tab","",""
"","20998","TC_23 [English] — Repeated incorrect OTP attempts are handled gracefully (no crash, consistent error/lockout)","Blue Moon — OTP Page (English)","2026-08-26","passed","2026-08-26","","","",""
"","56","TC_31 [Vietnamese] - Verify guest user name and Login/Signup button are displayed correctly in Vietnamese","Profile Page (Vietnamese)","2026-08-26","passed","2026-08-26","","6. Guest User","",""
"","20040","TC12 [English] — Selecting a tournament from the competition list navigates to its page","Smoke Suite [English]","2026-08-26","broken","2026-08-26","","","",""
"","1649","TC_07 [English] - Verify hero 'Sign Up' button is displayed and redirects correctly","Landing Page Validation (English)","2026-08-26","passed","2026-08-26","","","",""
"","78","TC_04 [Vietnamese] - Verify final score is displayed between team names in match header","Recent Match Details Page [Vietnamese]","2026-08-26","passed","2026-08-26","","2. Match Header [Vietnamese]","",""
"","3371","TC_10 [Vietnamese] - Verify Dashboard page is vertically scrollable","Dashboard Validation (Vietnamese)","2026-08-26","passed","2026-08-26","","","",""
"","11798","TC_13 [English] — Network failure on Sign Up shows an appropriate error","Signup Journey — Join Page (English)","2026-08-26","passed","2026-08-26","","","",""
"","251","TC_10 [Vietnamese] - Verify Lineups tab displays football pitch with both team names, logos and pitch container","Recent Match Details Page [Vietnamese]","2026-08-26","passed","2026-08-26","","4. Lineups Tab [Vietnamese]","",""
"","5095","TC_31 [English] - Verify navigation to Club Friendly Games 2026 and URL/heading are correct","Tournament Pages [English]","2026-08-26","passed","2026-08-26","","Club Friendly Games 2026 [English]","",""
"","4944","TC_29 [Vietnamese] - Verify Overview and Matches tabs display content on Int. Friendly Games 2026 page","Tournament Pages [Vietnamese]","2026-08-26","passed","2026-08-26","","Int. Friendly Games 2026 [Vietnamese]","",""
"","486","TC_06 [English] - Minimum age requirement (18 years) is stated","Terms of Use (English)","2026-08-26","passed","2026-08-26","","","",""
"","18496","TC_43 [Vietnamese] - Verify clicking TikTok row redirects to the TikTok profile in a new tab","Profile Page (Vietnamese)","2026-08-26","broken","2026-08-26","","8. Community Tab – Social Redirections","",""
"","1438","TC_21 [English] - Verify footer copyright text is displayed","Landing Page Validation (English)","2026-08-26","passed","2026-08-26","","","",""
"","5202","TC_18 [Vietnamese] — Resend OTP after the countdown expires sends a new OTP and resets the timer","OTP Verification [Vietnamese]","2026-08-26","passed","2026-08-26","","","",""
"","25540","TC_20 [English] — Correct OTP navigates to the Link Telegram page","OTP Verification [English]","2026-08-26","broken","2026-08-26","","","",""
"","130","TC_12 [Vietnamese] — Page displays the exact phone number entered, 6 separate OTP boxes, and an active resend countdown","Organic Signup Journey (Vietnamese)","2026-08-26","passed","2026-08-26","","OTP Page — submission and display","",""
"","4516","TC_49 [English] - Verify language selection in Preferences tab persists when switching to other tabs and back","Profile Page (English)","2026-08-26","passed","2026-08-26","","9. Tab Switching","",""
"","2039","TC_02 [English] — Details page loads with heading, description, country selector, phone field, terms text, Sign Up button and disclaimer","Details Page [English]","2026-08-26","passed","2026-08-26","","","",""
"","518","TC_04 [Vietnamese] - Verify the Logout button shows a hover/focus state and pointer cursor on desktop","Logout (Vietnamese)","2026-08-26","passed","2026-08-26","","1. Logout Control Visibility & Non-Destructive Popup Checks [Vietnamese]","",""
"","2861","TC16 [English] — Clicking a completed match navigates to Match Details page","Smoke Suite [English]","2026-08-26","passed","2026-08-26","","","",""
"","8667","TC_15 [English] — Correct OTP auto-submits and navigates to link-telegram","OTP Verification (English)","2026-08-26","passed","2026-08-26","","","",""
"","199","TC_07 [English] - Verify clicking Team 2 logo navigates to Team 2 details page and back returns to match","Recent Match Details Page [English]","2026-08-26","passed","2026-08-26","","2. Match Header [English]","",""
"","25460","TC_10 [Vietnamese] — Repeated rapid Sign Up submissions are rate-limited or accepted","Details Page [Vietnamese]","2026-08-26","passed","2026-08-26","","","",""
"","2773","TC_52 [English] - Verify Profile page loads correctly after clearing all browser cache and storage","Profile Page (English)","2026-08-26","passed","2026-08-26","","10. Edge Cases","",""
"","5314","TC_10 [English] - Verify navigation to CONMEBOL Sudamericana 2026 and URL/heading are correct","Tournament Pages [English]","2026-08-26","passed","2026-08-26","","CONMEBOL Sudamericana 2026 [English]","",""
"","5854","TC_45 [English] - Verify Profile page URL is correct after navigating away to Dashboard and returning","Profile Page (English)","2026-08-26","passed","2026-08-26","","9. Tab Switching","",""
"","1683","TC_08 [English] - Verify all four feature cards are displayed","Landing Page Validation (English)","2026-08-26","passed","2026-08-26","","","",""
"","381","TC_16 [Vietnamese] — 6-box display and Verify OTP requires all 6 digits","OTP Verification [Vietnamese]","2026-08-26","passed","2026-08-26","","","",""
"","9914","TC_30 [Vietnamese] - Verify the Competitions list remains reachable when scrolled","Team Details Page [Vietnamese]","2026-08-26","passed","2026-08-26","","5. Competitions [Vietnamese]","",""
"","29454","TC_11 [English] - Verify Team Details page is reachable and loads correctly from Club Friendly Games 2026","Team Details Page [English]","2026-08-26","skipped","2026-08-26","","1. Cross-Tournament Reachability [English]","",""
"","9457","TC_22 [English] - Verify the Recent Results section displays the team's recent matches","Team Details Page [English]","2026-08-26","passed","2026-08-26","","4. Recent Results [English]","",""
"","1584","TC_10 [English] - Verify Personalisation interest chip images (FIFA WC™, Brazil, Neymar Jr.) are displayed","Landing Page Validation (English)","2026-08-26","passed","2026-08-26","","","",""
"","253","TC_22 [English] - Verify Match Information section shows match date and venue details","Recent Match Details Page [English]","2026-08-26","passed","2026-08-26","","5. Stats Tab [English]","",""
"","5","TC_14 [Vietnamese] — Page displays the exact phone number entered on the Details page","OTP Verification [Vietnamese]","2026-08-26","passed","2026-08-26","","","",""
"","6097","TC_35 [Vietnamese] — Refreshing mid-flow retains session so the user can continue","E2E Journey [Vietnamese]","2026-08-26","passed","2026-08-26","","","",""
"","17471","TC03 [Vietnamese] — Existing account phone submission on Join page is handled appropriately","Smoke Suite [Vietnamese]","2026-08-26","failed","2026-08-26","","","",""
"","26473","TC23 [Vietnamese] — Squad list is displayed with registered players","Smoke Suite [Vietnamese]","2026-08-26","failed","2026-08-26","","","",""
"","8490","TC28 [Vietnamese] — Confirming the logout popup is accepted without error","Smoke Suite [Vietnamese]","2026-08-26","passed","2026-08-26","","TC27-TC28 — Logout [Vietnamese]","",""
"","143","TC_15 [Vietnamese] - Verify Defense section heading is displayed","Recent Match Details Page [Vietnamese]","2026-08-26","passed","2026-08-26","","5. Stats Tab [Vietnamese]","",""
"","1665","TC_20 [English] - Verify The Edge section 'Sign Up' button is displayed and redirects correctly","Landing Page Validation (English)","2026-08-26","passed","2026-08-26","","","",""
"","18196","TC_42 [English] - Verify clicking Instagram row redirects to the Instagram profile in a new tab","Profile Page (English)","2026-08-26","broken","2026-08-26","","8. Community Tab – Social Redirections","",""
"","32","TC_15 [Vietnamese] — Resend OTP shows a countdown immediately after the OTP is sent","OTP Verification [Vietnamese]","2026-08-26","passed","2026-08-26","","","",""
"","31","TC_09 [English] - Verify DATA & PRIVACY section heading is displayed correctly in the Account tab","Profile Page (English)","2026-08-26","passed","2026-08-26","","4. Account Tab","",""
"","10144","TC_06 [English] - Verify Team Details page is reachable and loads correctly from MLS 2026","Team Details Page [English]","2026-08-26","passed","2026-08-26","","1. Cross-Tournament Reachability [English]","",""
"","6263","TC_04 [English] — Phone accepts numeric input and Sign Up requires both fields","Signup Journey — Join Page (English)","2026-08-26","passed","2026-08-26","","","",""
"","38859","TC_06 [Vietnamese] - Verify Today Matches, Trending Series, Upcoming Matches and Recent Results sections are displayed on the Dashboard page","Dashboard Validation (Vietnamese)","2026-08-26","failed","2026-08-26","","","",""
"","9427","TC_31 [English] - Verify no duplicate competition entries are shown for the same tournament","Team Details Page [English]","2026-08-26","passed","2026-08-26","","5. Competitions [English]","",""
"","51","TC_12 [Vietnamese] - Verify Privacy Policy row is displayed and clickable","Profile Page (Vietnamese)","2026-08-26","passed","2026-08-26","","4. Account Tab","",""
"","4191","TC_06 [English] - Verify Knockout tab presence and Standings tab content on Africa Cup of Nations Qualification 2026 page","Tournament Pages [English]","2026-08-26","passed","2026-08-26","","Africa Cup of Nations Qualification 2026 [English]","",""
"","9435","TC_32 [English] — Complete ""Maybe later"" path: join → OTP → skip Telegram → welcome → Dashboard","E2E Journey (English)","2026-08-26","passed","2026-08-26","","","",""
"","3227","TC16 [Vietnamese] — Clicking a completed match navigates to Match Details page","Smoke Suite [Vietnamese]","2026-08-26","passed","2026-08-26","","","",""
"","0","TC_28 [English] — Direct URL without completing signup redirects away [Product defect: route not protected]","","2026-08-26","skipped","2026-08-26","","","",""
"","3162","TC_55 [Vietnamese] - Verify Login/Signup button is visible across all three profile tabs for a guest user","Profile Page (Vietnamese)","2026-08-26","passed","2026-08-26","","10. Edge Cases","",""
"","628","TC_25 [Vietnamese] - Verify selecting English highlights it with a filled selection indicator","Profile Page (Vietnamese)","2026-08-26","passed","2026-08-26","","5. Preferences Tab","",""
"","9428","TC_19 [Vietnamese] - Verify Group position and Last 10 record display correctly for a club team","Team Details Page [Vietnamese]","2026-08-26","passed","2026-08-26","","3. Stats [Vietnamese]","",""
"","3259","TC29 [Vietnamese] — Account, Preferences and Community sections are present and navigable","Smoke Suite [Vietnamese]","2026-08-26","passed","2026-08-26","","","",""
"","3328","TC_19 [English] — Network failure during OTP verification shows an appropriate error","OTP Verification [English]","2026-08-26","passed","2026-08-26","","","",""
"","181","TC_16 [Vietnamese] - Verify Defense section shows numeric stat comparison values","Recent Match Details Page [Vietnamese]","2026-08-26","passed","2026-08-26","","5. Stats Tab [Vietnamese]","",""
"","9396","TC_17 [Vietnamese] - Verify the team crest/flag icon displays correctly","Team Details Page [Vietnamese]","2026-08-26","passed","2026-08-26","","2. Navigation & Header [Vietnamese]","",""
"","55","TC_05 [English] - Verify Full Time (FT) status indicator is shown in match header","Recent Match Details Page [English]","2026-08-26","passed","2026-08-26","","2. Match Header [English]","",""
"","9300","TC_25 [Vietnamese] - Verify a drawn match displays correctly in the Recent Results section","Team Details Page [Vietnamese]","2026-08-26","passed","2026-08-26","","4. Recent Results [Vietnamese]","",""
"","5760","TC_34 [Vietnamese] — Back button at each step returns to previous step, not forward in flow","E2E Journey [Vietnamese]","2026-08-26","passed","2026-08-26","","","",""
"","3146","TC25 [English] — Profile page loads successfully via direct URL","Smoke Suite [English]","2026-08-26","passed","2026-08-26","","","",""
"","53","TC_10 [Vietnamese] - Verify Terms of Service row is displayed and clickable","Profile Page (Vietnamese)","2026-08-26","passed","2026-08-26","","4. Account Tab","",""
"","2878","TC_19 [English] - Verify clicking an Upcoming match card navigates to the match detail page","Dashboard Validation (English)","2026-08-26","passed","2026-08-26","","","",""
"","3069","TC_15 [Vietnamese] - Verify clicking Cookie Policy redirects to the Cookie Policy page","Profile Page (Vietnamese)","2026-08-26","passed","2026-08-26","","4. Account Tab","",""
"","249","TC_33 [Vietnamese] - Verify clicking Community tab makes it active and loads all 7 social channels","Profile Page (Vietnamese)","2026-08-26","passed","2026-08-26","","7. Community Tab","",""
"","2098","TC_25 [Vietnamese] - Verify Play by Play section shows match event minute indicators","Recent Match Details Page [Vietnamese]","2026-08-26","passed","2026-08-26","","6. Play by Play Tab [Vietnamese]","",""
"","901","TC_03 [English] - Company name (RICH ABLE DEVELOPMENTS LIMITED) and Samoa address are unchanged","Privacy Policy (English)","2026-08-26","passed","2026-08-26","","","",""
"","26124","TC_20 [Vietnamese] — Correct OTP navigates to the Link Telegram page","OTP Verification [Vietnamese]","2026-08-26","broken","2026-08-26","","","",""
"","15599","TC_07 [Vietnamese] - Verify Cancel/No on the logout confirmation popup keeps the user logged in","Logout (Vietnamese)","2026-08-26","passed","2026-08-26","","1. Logout Control Visibility & Non-Destructive Popup Checks [Vietnamese]","",""
"","9501","TC_29 [Vietnamese] - Verify each competition entry displays an icon and name","Team Details Page [Vietnamese]","2026-08-26","passed","2026-08-26","","5. Competitions [Vietnamese]","",""
"","2211","TC_11 [English] — Blank/whitespace-only name keeps Continue disabled","Blue Moon — Signup Details Page (English)","2026-08-26","passed","2026-08-26","","","",""
"","5407","TC_19 [Vietnamese] - Verify navigation to J1 League 26/27 and URL/heading are correct","Tournament Pages [Vietnamese]","2026-08-26","passed","2026-08-26","","J1 League 26/27 [Vietnamese]","",""
"","5575","TC_26 [English] - Verify Overview and Matches tabs display content on Brasileiro Serie A 2026 page","Tournament Pages [English]","2026-08-26","passed","2026-08-26","","Brasileiro Serie A 2026 [English]","",""
"","1486","TC_17 [English] - Verify The Edge section widgets (MATCH PREDICTION, KEY INSIGHTS) are displayed","Landing Page Validation (English)","2026-08-26","passed","2026-08-26","","","",""
"","174","TC_12 [English] - Verify player name labels are visible in the lineup pitch area","Recent Match Details Page [English]","2026-08-26","passed","2026-08-26","","4. Lineups Tab [English]","",""
"","11217","TC_20 [English] — Header Login/Signup CTA path reaches OTP dispatch","Organic Signup Journey (English)","2026-08-26","passed","2026-08-26","","End-to-End Journeys — entry points reach OTP dispatch","",""
"","58","TC_12 [English] - Verify Privacy Policy row is displayed and clickable","Profile Page (English)","2026-08-26","passed","2026-08-26","","4. Account Tab","",""
"","82","TC_18 [Vietnamese] - Verify Profile header Login/Signup button remains visible and functional on Account tab","Profile Page (Vietnamese)","2026-08-26","passed","2026-08-26","","4. Account Tab","",""
"","91","TC_18 [English] - Verify Profile header Login/Signup button remains visible and functional on Account tab","Profile Page (English)","2026-08-26","passed","2026-08-26","","4. Account Tab","",""
"","173","TC_20 [Vietnamese] - Verify stat rows display numeric comparison values for both teams","Recent Match Details Page [Vietnamese]","2026-08-26","passed","2026-08-26","","5. Stats Tab [Vietnamese]","",""
"","5435","TC_41 [Vietnamese] - Verify clicking Facebook row redirects to the Facebook page in a new tab","Profile Page (Vietnamese)","2026-08-26","passed","2026-08-26","","8. Community Tab – Social Redirections","",""
"","228","TC_36 [English] - Verify all 7 social channel links are enabled and clickable in the Community tab","Profile Page (English)","2026-08-26","passed","2026-08-26","","7. Community Tab","",""
"","3887","TC14 [English] — Clicking an upcoming match card navigates to Match Details page","Smoke Suite [English]","2026-08-26","passed","2026-08-26","","","",""
"","25428","TC_33 [Vietnamese] — Complete ""Để sau"" path: Details → OTP → skip Telegram → Welcome → Dashboard","E2E Journey [Vietnamese]","2026-08-26","broken","2026-08-26","","","",""
"","3351","TC_58 [Vietnamese] - Verify no broken images or missing icons on the Profile page across all three tabs","Profile Page (Vietnamese)","2026-08-26","passed","2026-08-26","","11. UI & Responsive","",""
"","5158","TC_07 [Vietnamese] - Verify navigation to Brasileiro Serie B 2026 and URL/heading are correct","Tournament Pages [Vietnamese]","2026-08-26","passed","2026-08-26","","Brasileiro Serie B 2026 [Vietnamese]","",""
"","33458","TC_16 [English] — Clicking ""Resend OTP""/""Gửi lại OTP"" after the countdown expires sends a new OTP and resets the timer","Organic Signup Journey (English)","2026-08-26","passed","2026-08-26","","OTP Page — resend","",""
"","1595","TC_11 [English] - Verify Personalisation section 'Sign Up' button is displayed and redirects correctly","Landing Page Validation (English)","2026-08-26","passed","2026-08-26","","","",""
"","5112","TC_05 [Vietnamese] - Verify Overview and Matches tabs display content on Africa Cup of Nations Qualification 2026 page","Tournament Pages [Vietnamese]","2026-08-26","passed","2026-08-26","","Africa Cup of Nations Qualification 2026 [Vietnamese]","",""
"","9321","TC_20 [Vietnamese] - Verify FIFA Ranking and Last 10 record display correctly for a national team","Team Details Page [Vietnamese]","2026-08-26","passed","2026-08-26","","3. Stats [Vietnamese]","",""
"","9142","TC_15 [Vietnamese] — Entering an incorrect OTP displays an error and allows the user to retry","Organic Signup Journey (Vietnamese)","2026-08-26","passed","2026-08-26","","OTP Page — incorrect code","",""
"","552","TC_10 [English] - No horizontal overflow on mobile viewport","Privacy Policy (English)","2026-08-26","passed","2026-08-26","","","",""
"","3071","TC_11 [Vietnamese] - Verify clicking Terms of Service redirects to the Terms of Service page","Profile Page (Vietnamese)","2026-08-26","passed","2026-08-26","","4. Account Tab","",""
"","13762","TC_50 [Vietnamese] - Verify all 7 social channel links open in a new tab and do not navigate away from Profile page","Profile Page (Vietnamese)","2026-08-26","passed","2026-08-26","","10. Edge Cases","",""
"","482","TC_37 [Vietnamese] - Verify all 7 social channel icons and rows load without broken images","Profile Page (Vietnamese)","2026-08-26","passed","2026-08-26","","7. Community Tab","",""
"","484","TC_35 [Vietnamese] - Verify all 7 social channel rows display correct channel names","Profile Page (Vietnamese)","2026-08-26","passed","2026-08-26","","7. Community Tab","",""
"","2859","TC_56 [English] - Verify Profile page is fully responsive on mobile viewport 375x667","Profile Page (English)","2026-08-26","passed","2026-08-26","","11. UI & Responsive","",""
"","142","TC_12 [English] — Page displays the exact phone number entered, 6 separate OTP boxes, and an active resend countdown","Organic Signup Journey (English)","2026-08-26","passed","2026-08-26","","OTP Page — submission and display","",""
"","15050","TC_12 [Vietnamese] - Verify no leftover authenticated data is shown after logout completes","Logout (Vietnamese)","2026-08-26","broken","2026-08-26","","2. Logout Execution & Redirect [Vietnamese]","",""
"","8195","TC_01 [English] - Verify user is redirected to Match Details page after clicking a completed match","Recent Match Details Page [English]","2026-08-26","passed","2026-08-26","","1. Navigation [English]","",""
"","15724","TC_07 [English] - Verify Cancel/No on the logout confirmation popup keeps the user logged in","Logout (English)","2026-08-26","passed","2026-08-26","","1. Logout Control Visibility & Non-Destructive Popup Checks","",""
"","5855","TC_45 [Vietnamese] - Verify Profile page URL is correct after navigating away to Dashboard and returning","Profile Page (Vietnamese)","2026-08-26","passed","2026-08-26","","9. Tab Switching","",""
"","2392","TC10 [Vietnamese] — Clicking the featured-competition promo banner navigates to that competition page","Smoke Suite [Vietnamese]","2026-08-26","passed","2026-08-26","","","",""
"","6259","TC_02 [Vietnamese] — Clicking the Login/Signup CTA in the header navigates to the phone number entry page","Organic Signup Journey (Vietnamese)","2026-08-26","passed","2026-08-26","","Guest Dashboard","",""
"","1228","TC02 [Vietnamese] — ""Đăng ký"" CTA on Landing page navigates to sign-up flow","Smoke Suite [Vietnamese]","2026-08-26","passed","2026-08-26","","","",""
"","3234","TC29 [English] — Account, Preferences and Community sections are present and navigable","Smoke Suite [English]","2026-08-26","passed","2026-08-26","","","",""
"","3891","TC_02 [Vietnamese] - Verify Profile page is accessible via the Settings icon in the navigation","Profile Page (Vietnamese)","2026-08-26","passed","2026-08-26","","1. Page Load","",""
"","162","TC_08 [English] - Verify all four tabs (Lineups, Stats, Play by Play, Rankings) are displayed and Lineups is the default active tab","Recent Match Details Page [English]","2026-08-26","passed","2026-08-26","","3. Match Detail Tabs [English]","",""
"","184","TC_18 [English] - Verify Passing section heading is displayed","Recent Match Details Page [English]","2026-08-26","passed","2026-08-26","","5. Stats Tab [English]","",""
"","381","TC_36 [Vietnamese] - Verify all 7 social channel links are enabled and clickable in the Community tab","Profile Page (Vietnamese)","2026-08-26","passed","2026-08-26","","7. Community Tab","",""
"","1473","TC_23 [Vietnamese] — A logged-in user directly navigating to the login/join URL is redirected to the Dashboard instead of the phone entry page","Organic Signup Journey (Vietnamese)","2026-08-26","passed","2026-08-26","","Post-Login Dashboard and Settings","",""
"","505","TC_03 [English] - Verify the Logout option appears only under the Account tab and not other Settings tabs","Logout (English)","2026-08-26","passed","2026-08-26","","1. Logout Control Visibility & Non-Destructive Popup Checks","",""
"","1354","TC02 [English] — ""Sign up"" CTA on Landing page navigates to sign-up flow","Smoke Suite [English]","2026-08-26","passed","2026-08-26","","","",""
"","9952","TC_04 [Vietnamese] - Verify Team Details page is reachable and loads correctly from CONMEBOL Sudamericana 2026","Team Details Page [Vietnamese]","2026-08-26","passed","2026-08-26","","1. Cross-Tournament Reachability [Vietnamese]","",""
"","1862","TC_07 [English] - Cross-reference link to Terms of Use navigates correctly","Privacy Policy (English)","2026-08-26","passed","2026-08-26","","","",""
"","5878","TC_13 [English] — Network failure on Sign Up shows an appropriate error","Details Page [English]","2026-08-26","passed","2026-08-26","","","",""
"","3001","TC_53 [English] - Verify no JavaScript console errors appear across all three tabs","Profile Page (English)","2026-08-26","passed","2026-08-26","","10. Edge Cases","",""
"","1991","TC_12 [Vietnamese] — Phone number field sanitizes/rejects script or injection-style input without executing it or causing errors","Details Page [Vietnamese]","2026-08-26","passed","2026-08-26","","","",""
"","1089","TC_37 [English] — Direct URL to Dashboard page allows proceeding to Dashboard","Welcome Page — Direct Access (English)","2026-08-26","passed","2026-08-26","","","",""
"","5597","TC_02 [Vietnamese] - Verify Overview and Matches tabs display content on Canadian Premier League 2026 page","Tournament Pages [Vietnamese]","2026-08-26","passed","2026-08-26","","Canadian Premier League 2026 [Vietnamese]","",""
"","869","TC_11 [English] - Verify protected pages are not accessible after logout via browser Back button","Logout (English)","2026-08-26","passed","2026-08-26","","2. Logout Execution & Redirect","",""
"","53","TC_14 [Vietnamese] - Verify Cookie Policy row is displayed and clickable","Profile Page (Vietnamese)","2026-08-26","passed","2026-08-26","","4. Account Tab","",""
"","871","TC_02 [English] - Effective Date reads ""23 April 2026""","Privacy Policy (English)","2026-08-26","passed","2026-08-26","","","",""
"","1394","TC_18 [English] - Verify Match Prediction widget is displayed in The Edge section","Landing Page Validation (English)","2026-08-26","passed","2026-08-26","","","",""
"","200","TC_21 [Vietnamese] - Verify Match Information section heading is displayed","Recent Match Details Page [Vietnamese]","2026-08-26","passed","2026-08-26","","5. Stats Tab [Vietnamese]","",""
"","10388","TC_06 [Vietnamese] - Verify Team Details page is reachable and loads correctly from MLS 2026","Team Details Page [Vietnamese]","2026-08-26","passed","2026-08-26","","1. Cross-Tournament Reachability [Vietnamese]","",""
"","2072","TC_16 [English] — Continue becomes enabled once Name, Mobile and the checkbox are all valid","Blue Moon — Signup Details Page (English)","2026-08-26","passed","2026-08-26","","","",""
"","3996","TC21 [Vietnamese] — Team name is displayed correctly in the page header","Smoke Suite [Vietnamese]","2026-08-26","passed","2026-08-26","","","",""
"","90","TC_24 [Vietnamese] - Verify English language option displays 🌐 globe icon and English label","Profile Page (Vietnamese)","2026-08-26","passed","2026-08-26","","5. Preferences Tab","",""
"","3194","TC30 [English] — User is able to select English and Vietnamese language","Smoke Suite [English]","2026-08-26","passed","2026-08-26","","","",""
"","38830","TC_17 [English] - Verify clicking a Today Match card navigates to the match detail page","Dashboard Validation (English)","2026-08-26","broken","2026-08-26","","","",""
"","4155","TC_38 [English] - Verify clicking WhatsApp row redirects to the WhatsApp channel in a new tab","Profile Page (English)","2026-08-26","passed","2026-08-26","","8. Community Tab – Social Redirections","",""
"","2015","TC_02 [Vietnamese] — Details page loads with heading, description, country selector, phone field, terms text, Sign Up button and disclaimer","Details Page [Vietnamese]","2026-08-26","passed","2026-08-26","","","",""
"","7069","TC_08 [Vietnamese] — An inline validation error/disabled state is shown when Continue is clicked with an empty phone number field","Organic Signup Journey (Vietnamese)","2026-08-26","passed","2026-08-26","","Login/Join Page","",""
"","499","TC_42 [Vietnamese] — Setting a 6-digit code fills the OTP field correctly and triggers submission","OTP Verification — Wrong-Attempt Tests [Vietnamese]","2026-08-26","passed","2026-08-26","","","",""
"","6429","TC_03 [English] — Clicking the profile icon as a guest redirects to Settings > Preferences tab, where a Login/Signup CTA is displayed","Organic Signup Journey (English)","2026-08-26","passed","2026-08-26","","Guest Dashboard","",""
"","3431","TC_51 [Vietnamese] - Verify Terms of Service, Privacy Policy and Cookie Policy links each redirect to unique pages","Profile Page (Vietnamese)","2026-08-26","passed","2026-08-26","","10. Edge Cases","",""
"","189","TC_19 [English] - Verify Passing section shows numeric stat comparison values","Recent Match Details Page [English]","2026-08-26","passed","2026-08-26","","5. Stats Tab [English]","",""
"","18266","TC_44 [English] - Verify clicking YouTube row redirects to the YouTube channel in a new tab","Profile Page (English)","2026-08-26","broken","2026-08-26","","8. Community Tab – Social Redirections","",""
"","3097","TC_13 [Vietnamese] - Verify clicking Privacy Policy redirects to the Privacy Policy page","Profile Page (Vietnamese)","2026-08-26","passed","2026-08-26","","4. Account Tab","",""
"","38","TC_19 [English] — Resend OTP is disabled during the countdown and enables once it expires","Blue Moon — OTP Page (English)","2026-08-26","passed","2026-08-26","","","",""
"","30","TC_20 [English] - Verify Language section heading is displayed and section is expanded by default","Profile Page (English)","2026-08-26","passed","2026-08-26","","5. Preferences Tab","",""
"","7833","TC_09 [English] — An inline validation error/disabled state is shown for an invalid/incomplete phone number","Organic Signup Journey (English)","2026-08-26","passed","2026-08-26","","Login/Join Page","",""
"","2792","TC11 [Vietnamese] — Clicking a Today Match card navigates to the Match Detail page","Smoke Suite [Vietnamese]","2026-08-26","passed","2026-08-26","","","",""
"","1789","TC_02 [English] - Verify brand logo is displayed on Landing page","Landing Page Validation (English)","2026-08-26","passed","2026-08-26","","","",""
"","77","TC_07 [Vietnamese] - Verify Preferences tab is the default active tab on page load","Profile Page (Vietnamese)","2026-08-26","passed","2026-08-26","","3. Tab Navigation","",""
"","4281","TC_40 [English] - Verify clicking Telegram row redirects to the Telegram channel in a new tab","Profile Page (English)","2026-08-26","passed","2026-08-26","","8. Community Tab – Social Redirections","",""
"","2110","TC_26 [English] - Verify Play by Play section contains goal event entries","Recent Match Details Page [English]","2026-08-26","passed","2026-08-26","","6. Play by Play Tab [English]","",""
"","2650","TC_59 [Vietnamese] - Verify Profile page loads within 5 seconds","Profile Page (Vietnamese)","2026-08-26","passed","2026-08-26","","12. Performance","",""
"","9285","TC_24 [English] - Verify each Recent Result card displays the correct result text and score","Team Details Page [English]","2026-08-26","passed","2026-08-26","","4. Recent Results [English]","",""
"","104","TC_23 [English] - Verify Vietnamese language option displays 🇻🇳 flag and Tiếng Việt sub-label","Profile Page (English)","2026-08-26","passed","2026-08-26","","5. Preferences Tab","",""
"","5496","TC_13 [English] - Verify navigation to K-League 1 2026 and URL/heading are correct","Tournament Pages [English]","2026-08-26","passed","2026-08-26","","K-League 1 2026 [English]","",""
"","38765","TC_12 [English] - Verify match cards are displayed without any UI distortion","Dashboard Validation (English)","2026-08-26","broken","2026-08-26","","","",""
"","21516","TC_04 [Vietnamese] — Clicking the Login/Signup CTA on the Preferences tab navigates to the phone number entry page","Organic Signup Journey (Vietnamese)","2026-08-26","passed","2026-08-26","","Guest Dashboard","",""
"","1768","TC_03 [English] — Clicking the second Signup CTA navigates to the same Signup Details page","Blue Moon — Landing Page (English)","2026-08-26","passed","2026-08-26","","","",""
"","1491","TC_09 [English] - Verify Personalisation section is displayed","Landing Page Validation (English)","2026-08-26","passed","2026-08-26","","","",""
"","4949","TC_07 [English] — Phone number field accepts only numeric input and enforces correct digit length for the selected country","Organic Signup Journey (English)","2026-08-26","passed","2026-08-26","","Login/Join Page","",""
"","150227","TC_30 [English] - Verify standings displays position numbers 1 through 4","Recent Match Details Page [English]","2026-08-26","broken","2026-08-26","","8. Rankings Tab [English]","",""
"","349","TC_20 [English] — Verify OTP stays disabled while the OTP input is empty or partially filled","Blue Moon — OTP Page (English)","2026-08-26","passed","2026-08-26","","","",""
"","880","TC_02 [English] - Effective Date reads ""23 April 2026""","Terms of Use (English)","2026-08-26","passed","2026-08-26","","","",""
"","18268","TC_42 [Vietnamese] - Verify clicking Instagram row redirects to the Instagram profile in a new tab","Profile Page (Vietnamese)","2026-08-26","broken","2026-08-26","","8. Community Tab – Social Redirections","",""
"","18821","TC_34 [English] - Verify switching from one team's page to another's fully refreshes with no stale data","Team Details Page [English]","2026-08-26","passed","2026-08-26","","6. Data Integrity [English]","",""
"","15510","TC_06 [English] - Verify a confirmation popup appears when Logout is clicked","Logout (English)","2026-08-26","passed","2026-08-26","","1. Logout Control Visibility & Non-Destructive Popup Checks","",""
"","1243","TC_21 [Vietnamese] - Verify Language section can be collapsed and re-expanded","Profile Page (Vietnamese)","2026-08-26","passed","2026-08-26","","5. Preferences Tab","",""
"","8709","TC_16 [English] - Verify all three Data & Privacy links redirect to their correct pages when clicked in sequence","Profile Page (English)","2026-08-26","passed","2026-08-26","","4. Account Tab","",""
"","18366","TC_44 [Vietnamese] - Verify clicking YouTube row redirects to the YouTube channel in a new tab","Profile Page (Vietnamese)","2026-08-26","broken","2026-08-26","","8. Community Tab – Social Redirections","",""
"","39015","TC_12 [Vietnamese] - Verify match cards are displayed without any UI distortion","Dashboard Validation (Vietnamese)","2026-08-26","failed","2026-08-26","","","",""
"","668","TC_01 [English] - Terms of Use page loads in English with correct heading","Terms of Use (English)","2026-08-26","passed","2026-08-26","","","",""
"","30237","TC_28 [English] - Verify Rankings tab label and standings section heading text are correct","Recent Match Details Page [English]","2026-08-26","broken","2026-08-26","","8. Rankings Tab [English]","",""
"","3046","TC_27 [English] - Verify Knockout tab presence and Standings tab content on Brasileiro Serie A 2026 page","Tournament Pages [English]","2026-08-26","passed","2026-08-26","","Brasileiro Serie A 2026 [English]","",""
"","9470","TC_33 [Vietnamese] - Verify all sections consistently reflect the same team with no cross-team data leakage","Team Details Page [Vietnamese]","2026-08-26","passed","2026-08-26","","6. Data Integrity [Vietnamese]","",""
"","9584","TC_18 [Vietnamese] - Verify the team name and competition context line display correctly","Team Details Page [Vietnamese]","2026-08-26","passed","2026-08-26","","2. Navigation & Header [Vietnamese]","",""
"","6962","TC_08 [English] — An inline validation error/disabled state is shown when Continue is clicked with an empty phone number field","Organic Signup Journey (English)","2026-08-26","passed","2026-08-26","","Login/Join Page","",""
"","3392","TC_01 [English] - Verify Profile page loads successfully via direct URL with all three tabs visible","Profile Page (English)","2026-08-26","passed","2026-08-26","","1. Page Load","",""
"","3695","TC_58 [English] - Verify no broken images or missing icons on the Profile page across all three tabs","Profile Page (English)","2026-08-26","passed","2026-08-26","","11. UI & Responsive","",""
"","9704","TC_13 [Vietnamese] - Verify the back arrow navigates to the previous page","Team Details Page [Vietnamese]","2026-08-26","passed","2026-08-26","","2. Navigation & Header [Vietnamese]","",""
"","205","TC_14 [English] - Verify Team Statistics section shows numeric stat comparison values","Recent Match Details Page [English]","2026-08-26","passed","2026-08-26","","5. Stats Tab [English]","",""
"","4618","TC_03 [English] — Country code defaults to +91 (India) and the dropdown allows re-selection","Signup Journey — Join Page (English)","2026-08-26","failed","2026-08-26","","","",""
"","87","TC_24 [English] - Verify English language option displays 🌐 globe icon and English label","Profile Page (English)","2026-08-26","passed","2026-08-26","","5. Preferences Tab","",""
"","1412","TC_24 [English] - Verify footer with copyright is displayed at the bottom of the Landing page","Landing Page Validation (English)","2026-08-26","passed","2026-08-26","","","",""
"","10035","TC_09 [English] - Verify Team Details page is reachable and loads correctly from Brasileiro Serie A 2026","Team Details Page [English]","2026-08-26","passed","2026-08-26","","1. Cross-Tournament Reachability [English]","",""
"","192","TC_13 [English] - Verify Team Statistics section heading is displayed","Recent Match Details Page [English]","2026-08-26","passed","2026-08-26","","5. Stats Tab [English]","",""
"","9469","TC_21 [English] - Verify the General Info section displays the FIFA Ranking and points correctly","Team Details Page [English]","2026-08-26","passed","2026-08-26","","3. Stats [English]","",""
"","2786","TC_52 [Vietnamese] - Verify Profile page loads correctly after clearing all browser cache and storage","Profile Page (Vietnamese)","2026-08-26","passed","2026-08-26","","10. Edge Cases","",""
"","2690","TC_03 [Vietnamese] - Verify Profile Icon is displayed","Dashboard Validation (Vietnamese)","2026-08-26","passed","2026-08-26","","","",""
"","123","TC_19 [Vietnamese] - Verify clicking Preferences tab makes it active and loads Language section with language options","Profile Page (Vietnamese)","2026-08-26","passed","2026-08-26","","5. Preferences Tab","",""
"","9406","TC_31 [Vietnamese] - Verify no duplicate competition entries are shown for the same tournament","Team Details Page [Vietnamese]","2026-08-26","passed","2026-08-26","","5. Competitions [Vietnamese]","",""
"","240","TC_07 [Vietnamese] - Verify clicking Team 2 logo navigates to Team 2 details page and back returns to match","Recent Match Details Page [Vietnamese]","2026-08-26","passed","2026-08-26","","2. Match Header [Vietnamese]","",""
"","164","TC_06 [Vietnamese] - Verify Account, Preferences and Community tabs are all displayed and enabled","Profile Page (Vietnamese)","2026-08-26","passed","2026-08-26","","3. Tab Navigation","",""
"","2846","TC_09 [English] - Verify Knockout tab presence and Standings tab content on Brasileiro Serie B 2026 page","Tournament Pages [English]","2026-08-26","passed","2026-08-26","","Brasileiro Serie B 2026 [English]","",""
"","89","TC_02 [Vietnamese] - Verify the Logout button displays the correct label and icon","Logout (Vietnamese)","2026-08-26","passed","2026-08-26","","1. Logout Control Visibility & Non-Destructive Popup Checks [Vietnamese]","",""
"","255","TC_22 [Vietnamese] - Verify Match Information section shows match date and venue details","Recent Match Details Page [Vietnamese]","2026-08-26","passed","2026-08-26","","5. Stats Tab [Vietnamese]","",""
"","5627","TC_22 [English] - Verify navigation to CONMEBOL Libertadores 2026 and URL/heading are correct","Tournament Pages [English]","2026-08-26","passed","2026-08-26","","CONMEBOL Libertadores 2026 [English]","",""
"","0","TC_24 [English] — Direct URL to link-telegram is blocked without OTP verification [Product defect: route not protected]","","2026-08-26","skipped","2026-08-26","","","",""
"","6467","TC_03 [Vietnamese] — Clicking the profile icon as a guest redirects to Settings > Preferences tab, where a Login/Signup CTA is displayed","Organic Signup Journey (Vietnamese)","2026-08-26","passed","2026-08-26","","Guest Dashboard","",""
"","4942","TC_35 [English] - Verify Overview and Matches tabs display content on V-League 1 26/27 page","Tournament Pages [English]","2026-08-26","passed","2026-08-26","","V-League 1 26/27 [English]","",""
"","15962","TC27 [Vietnamese] — Logout button is displayed, enabled and clicking it shows the confirmation popup","Smoke Suite [Vietnamese]","2026-08-26","passed","2026-08-26","","TC27-TC28 — Logout [Vietnamese]","",""
"","9540","TC_14 [Vietnamese] - Verify the breadcrumb title displays the correct team name","Team Details Page [Vietnamese]","2026-08-26","passed","2026-08-26","","2. Navigation & Header [Vietnamese]","",""
"","35744","TC_30 [English] - Verify language setting applies globally to other pages such as Dashboard","Profile Page (English)","2026-08-26","broken","2026-08-26","","5. Preferences Tab","",""
"","4103","TC_12 [Vietnamese] - Verify Knockout tab presence and Standings tab content on CONMEBOL Sudamericana 2026 page","Tournament Pages [Vietnamese]","2026-08-26","passed","2026-08-26","","CONMEBOL Sudamericana 2026 [Vietnamese]","",""
"","25888","TC_21 [English] — Profile icon > Preferences tab CTA path reaches OTP dispatch","Organic Signup Journey (English)","2026-08-26","passed","2026-08-26","","End-to-End Journeys — entry points reach OTP dispatch","",""
"","2894","TC_11 [English] - Verify clicking Terms of Service redirects to the Terms of Service page","Profile Page (English)","2026-08-26","passed","2026-08-26","","4. Account Tab","",""
"","2697","TC_20 [English] - Verify clicking the Login/Signup button redirects the user to the Login/Signup page","Dashboard Validation (English)","2026-08-26","passed","2026-08-26","","","",""
"","942","TC_09 [Vietnamese] - Verify user can switch between Lineups, Stats, Play by Play and Rankings tabs","Recent Match Details Page [Vietnamese]","2026-08-26","passed","2026-08-26","","3. Match Detail Tabs [Vietnamese]","",""
"","464","TC_04 [English] - All 15 numbered sections are present","Privacy Policy (English)","2026-08-26","passed","2026-08-26","","","",""
"","9502","TC_33 [English] - Verify all sections consistently reflect the same team with no cross-team data leakage","Team Details Page [English]","2026-08-26","passed","2026-08-26","","6. Data Integrity [English]","",""
"","7979","TC_09 [Vietnamese] — An inline validation error/disabled state is shown for an invalid/incomplete phone number","Organic Signup Journey (Vietnamese)","2026-08-26","passed","2026-08-26","","Login/Join Page","",""
"","34853","TC24 [Vietnamese] — Clicking a player navigates to the Player Details page","Smoke Suite [Vietnamese]","2026-08-26","failed","2026-08-26","","","",""
"","3033","TC_21 [Vietnamese] - Verify Knockout tab presence and Standings tab content on J1 League 26/27 page","Tournament Pages [Vietnamese]","2026-08-26","passed","2026-08-26","","J1 League 26/27 [Vietnamese]","",""
"","4946","TC_02 [English] - Verify Back button navigates user back to the Dashboard","Recent Match Details Page [English]","2026-08-26","passed","2026-08-26","","1. Navigation [English]","",""
"","184","TC_13 [Vietnamese] - Verify Team Statistics section heading is displayed","Recent Match Details Page [Vietnamese]","2026-08-26","passed","2026-08-26","","5. Stats Tab [Vietnamese]","",""
"","880","TC_03 [English] - Company name (RICH ABLE DEVELOPMENTS LIMITED) and Samoa address are unchanged","Terms of Use (English)","2026-08-26","passed","2026-08-26","","","",""
"","1600","TC_23 [English] — Directly navigating to the Link Telegram URL without OTP verification is not blocked [Known defect: route not protected]","OTP Verification [English]","2026-08-26","passed","2026-08-26","","","",""
"","6685","TC_01 [Vietnamese] - Verify navigation to Canadian Premier League 2026 and URL/heading are correct","Tournament Pages [Vietnamese]","2026-08-26","passed","2026-08-26","","Canadian Premier League 2026 [Vietnamese]","",""
"","2225","TC_24 [English] - Verify clicking Play by Play tab loads match event content","Recent Match Details Page [English]","2026-08-26","passed","2026-08-26","","6. Play by Play Tab [English]","",""
"","140","TC_22 [English] — Submitting with the OTP field empty does not attempt verification","Blue Moon — OTP Page (English)","2026-08-26","failed","2026-08-26","","","",""
"","1506","TC_03 [English] - Verify hero ball image is displayed on Landing page","Landing Page Validation (English)","2026-08-26","passed","2026-08-26","","","",""
"","2973","TC_07 [Vietnamese] - Verify View All option is displayed in the Upcoming section and user is redirected to the Upcoming Matches page after clicking it","Dashboard Validation (Vietnamese)","2026-08-26","passed","2026-08-26","","","",""
"","7597","TC_09 [English] — Valid phone and name navigates to OTP page","Signup Journey — Join Page (English)","2026-08-26","passed","2026-08-26","","","",""
"","3464","TC13 [English] — Team Details page loads for Sevilla via valid URL","Smoke Suite [English]","2026-08-26","passed","2026-08-26","","","",""
"","1461","TC_05 [English] - Verify hero headline text element is displayed","Landing Page Validation (English)","2026-08-26","passed","2026-08-26","","","",""
"","9536","TC_21 [Vietnamese] - Verify the General Info section displays the FIFA Ranking and points correctly","Team Details Page [Vietnamese]","2026-08-26","passed","2026-08-26","","3. Stats [Vietnamese]","",""
"","10319","TC_08 [English] - Verify Team Details page is reachable and loads correctly from CONMEBOL Libertadores 2026","Team Details Page [English]","2026-08-26","passed","2026-08-26","","1. Cross-Tournament Reachability [English]","",""
"","2137","TC_14 [English] — Continue stays disabled with only the mobile number filled","Blue Moon — Signup Details Page (English)","2026-08-26","passed","2026-08-26","","","",""
"","8456","TC_05 [English] - Verify the Logout button is reachable and operable via keyboard","Logout (English)","2026-08-26","passed","2026-08-26","","1. Logout Control Visibility & Non-Destructive Popup Checks","",""
"","3379","TC_47 [Vietnamese] - Verify active tab indicator updates on each tab click","Profile Page (Vietnamese)","2026-08-26","passed","2026-08-26","","9. Tab Switching","",""
"","2949","TC_05 [English] - verify FIFA world cup banner is displayed and after clicking on it, It redirects to the FIFA page","Dashboard Validation (English)","2026-08-26","passed","2026-08-26","","","",""
"","2155","TC_25 [English] - Verify Play by Play section shows match event minute indicators","Recent Match Details Page [English]","2026-08-26","passed","2026-08-26","","6. Play by Play Tab [English]","",""
"","3099","TC_55 [English] - Verify Login/Signup button is visible across all three profile tabs for a guest user","Profile Page (English)","2026-08-26","passed","2026-08-26","","10. Edge Cases","",""
"","86","TC_02 [English] - Verify the Logout button displays the correct label and icon","Logout (English)","2026-08-26","passed","2026-08-26","","1. Logout Control Visibility & Non-Destructive Popup Checks","",""
"","3055","TC_07 [English] - Verify View All option is displayed in the Upcoming section and user is redirected to the Upcoming Matches page after clicking it","Dashboard Validation (English)","2026-08-26","passed","2026-08-26","","","",""
"","9628","TC_07 [Vietnamese] - Verify Team Details page is reachable and loads correctly from J1 League 26/27","Team Details Page [Vietnamese]","2026-08-26","passed","2026-08-26","","1. Cross-Tournament Reachability [Vietnamese]","",""
"","2866","TC_57 [English] - Verify Profile page layout is correct on tablet viewport 768x1024","Profile Page (English)","2026-08-26","passed","2026-08-26","","11. UI & Responsive","",""
"","193","TC_18 [Vietnamese] - Verify Passing section heading is displayed","Recent Match Details Page [Vietnamese]","2026-08-26","passed","2026-08-26","","5. Stats Tab [Vietnamese]","",""
"","10677","TC_10 [English] — Repeated Sign Up submissions are rate-limited or accepted","Signup Journey — Join Page (English)","2026-08-26","passed","2026-08-26","","","",""
"","3243","TC_04 [Vietnamese] - Verify Dashboard Filters are displayed","Dashboard Validation (Vietnamese)","2026-08-26","passed","2026-08-26","","","",""
"","3100","TC_27 [Vietnamese] - Verify Knockout tab presence and Standings tab content on Brasileiro Serie A 2026 page","Tournament Pages [Vietnamese]","2026-08-26","passed","2026-08-26","","Brasileiro Serie A 2026 [Vietnamese]","",""
"","5251","TC_23 [English] - Verify Overview and Matches tabs display content on CONMEBOL Libertadores 2026 page","Tournament Pages [English]","2026-08-26","passed","2026-08-26","","CONMEBOL Libertadores 2026 [English]","",""
"","2705","TC_09 [Vietnamese] - Verify Knockout tab presence and Standings tab content on Brasileiro Serie B 2026 page","Tournament Pages [Vietnamese]","2026-08-26","passed","2026-08-26","","Brasileiro Serie B 2026 [Vietnamese]","",""
"","5004","TC_08 [Vietnamese] - Verify Overview and Matches tabs display content on Brasileiro Serie B 2026 page","Tournament Pages [Vietnamese]","2026-08-26","passed","2026-08-26","","Brasileiro Serie B 2026 [Vietnamese]","",""
"","5645","TC05 [English] — Correct OTP navigates user to Link Telegram page","Smoke Suite [English]","2026-08-26","passed","2026-08-26","","","",""
"","2682","TC_36 [English] - Verify Knockout tab presence and Standings tab content on V-League 1 26/27 page","Tournament Pages [English]","2026-08-26","passed","2026-08-26","","V-League 1 26/27 [English]","",""
"","52723","TC_22 [English] — Submitting an expired OTP is rejected with an appropriate error message","OTP Verification [English]","2026-08-26","failed","2026-08-26","","","",""
"","2373","TC11 [English] — Clicking a Today Match card navigates to the Match Detail page","Smoke Suite [English]","2026-08-26","passed","2026-08-26","","","",""
"","5434","TC_07 [English] - Verify navigation to Brasileiro Serie B 2026 and URL/heading are correct","Tournament Pages [English]","2026-08-26","passed","2026-08-26","","Brasileiro Serie B 2026 [English]","",""
"","5954","TC_13 [Vietnamese] — Network failure on Sign Up shows an appropriate error","Details Page [Vietnamese]","2026-08-26","passed","2026-08-26","","","",""
"","1509","TC_14 [English] - Verify Prediction card with Argentina and France data is displayed","Landing Page Validation (English)","2026-08-26","passed","2026-08-26","","","",""
"","176","TC_32 [English] - Verify guest user name and Login/Signup button update to Vietnamese after language switch","Profile Page (English)","2026-08-26","passed","2026-08-26","","6. Guest User","",""
"","9515","TC_28 [English] - Verify the Competitions section lists tournaments the team has participated in","Team Details Page [English]","2026-08-26","passed","2026-08-26","","5. Competitions [English]","",""
"","191","TC_29 [Vietnamese] - Verify standings table shows at least 4 team entries","Recent Match Details Page [Vietnamese]","2026-08-26","passed","2026-08-26","","8. Rankings Tab [Vietnamese]","",""
"","1093","TC_18 [English] — The T&C checkbox has visible, legible consent text","Blue Moon — Signup Details Page (English)","2026-08-26","passed","2026-08-26","","","",""
"","925","TC_07 [English] - Liability cap of 100 GBP is stated","Terms of Use (English)","2026-08-26","passed","2026-08-26","","","",""
"","619","TC_26 [English] - Verify selecting Vietnamese highlights it with a filled selection indicator","Profile Page (English)","2026-08-26","passed","2026-08-26","","5. Preferences Tab","",""
"","4105","TC_03 [English] - Verify Back arrow navigates the user away from the Profile page","Profile Page (English)","2026-08-26","passed","2026-08-26","","1. Page Load","",""
"","542","TC_21 [English] — An incorrect OTP shows an error and keeps the user on the OTP page","Blue Moon — OTP Page (English)","2026-08-26","passed","2026-08-26","","","",""
"","5393","TC_06 [English] — Short phone number is rejected or triggers validation","Signup Journey — Join Page (English)","2026-08-26","passed","2026-08-26","","","",""
"","9979","TC_19 [English] — Resend OTP after countdown sends new OTP","OTP Verification (English)","2026-08-26","passed","2026-08-26","","","",""
"","9845","TC_30 [English] - Verify the Competitions list remains reachable when scrolled","Team Details Page [English]","2026-08-26","passed","2026-08-26","","5. Competitions [English]","",""
"","90472","TC_09 [Vietnamese] - Verify Ok/Yes on the logout confirmation popup logs the user out","Logout (Vietnamese)","2026-08-26","failed","2026-08-26","","2. Logout Execution & Redirect [Vietnamese]","",""
"","2863","TC_57 [Vietnamese] - Verify Profile page layout is correct on tablet viewport 768x1024","Profile Page (Vietnamese)","2026-08-26","passed","2026-08-26","","11. UI & Responsive","",""
"","4273","TC_01 [English] - Verify Dashboard URL","Dashboard Validation (English)","2026-08-26","passed","2026-08-26","","","",""
"","248","TC_17 [English] - Verify Goalkeeping section is displayed with Corners stat row","Recent Match Details Page [English]","2026-08-26","passed","2026-08-26","","5. Stats Tab [English]","",""
"","181","TC_16 [English] - Verify Defense section shows numeric stat comparison values","Recent Match Details Page [English]","2026-08-26","passed","2026-08-26","","5. Stats Tab [English]","",""
"","469","TC_08 [English] - Governing law (Samoa) jurisdiction clause is present","Terms of Use (English)","2026-08-26","passed","2026-08-26","","","",""
"","60003","TC_11 [Vietnamese] - Verify Team Details page is reachable and loads correctly from Club Friendly Games 2026","Team Details Page [Vietnamese]","2026-08-26","skipped","2026-08-26","","1. Cross-Tournament Reachability [Vietnamese]","",""
"","39445","TC_16 [Vietnamese] - Verify clicking the All Matches filter displays filtered match results","Dashboard Validation (Vietnamese)","2026-08-26","failed","2026-08-26","","","",""
"","5211","TC_34 [English] - Verify navigation to V-League 1 26/27 and URL/heading are correct","Tournament Pages [English]","2026-08-26","passed","2026-08-26","","V-League 1 26/27 [English]","",""
"","1013","TC_12 [English] — Continue is disabled by default on a freshly loaded page","Blue Moon — Signup Details Page (English)","2026-08-26","passed","2026-08-26","","","",""
"","21393","TC_04 [English] — Clicking the Login/Signup CTA on the Preferences tab navigates to the phone number entry page","Organic Signup Journey (English)","2026-08-26","passed","2026-08-26","","Guest Dashboard","",""
"","128","TC_05 [English] - Verify clicking Login/Signup button redirects to the Login/Registration page","Profile Page (English)","2026-08-26","passed","2026-08-26","","2. Profile Header","",""
"","3999","TC14 [Vietnamese] — Clicking an upcoming match card navigates to Match Details page","Smoke Suite [Vietnamese]","2026-08-26","passed","2026-08-26","","","",""
"","3242","TC_09 [English] - Verify View All option is displayed in the Recent Results section and user is redirected to the Recent Results page after clicking it","Dashboard Validation (English)","2026-08-26","passed","2026-08-26","","","",""
"","6138","TC07 [English] — ""Go to sportsfc.fans →"" on Welcome page navigates to the Dashboard","Smoke Suite [English]","2026-08-26","passed","2026-08-26","","","",""
"","12170","TC_16 [English] - Verify tapping the favorite icon as a guest prompts sign-up/login","Team Details Page [English]","2026-08-26","passed","2026-08-26","","2. Navigation & Header [English]","",""
"","153","TC_11 [Vietnamese] - Verify lineup pitch shows at least 11 players","Recent Match Details Page [Vietnamese]","2026-08-26","passed","2026-08-26","","4. Lineups Tab [Vietnamese]","",""
"","23437","TC_34 [English] — Refreshing the OTP page ends the pending code; refreshing after verification retains the session","E2E Journey (English)","2026-08-26","passed","2026-08-26","","","",""
"","2799","TC_36 [Vietnamese] - Verify Knockout tab presence and Standings tab content on V-League 1 26/27 page","Tournament Pages [Vietnamese]","2026-08-26","passed","2026-08-26","","V-League 1 26/27 [Vietnamese]","",""
"","30130","TC_31 [English] - Verify standings shows team logos for at least 4 teams","Recent Match Details Page [English]","2026-08-26","broken","2026-08-26","","8. Rankings Tab [English]","",""
"","5310","TC_26 [Vietnamese] - Verify Overview and Matches tabs display content on Brasileiro Serie A 2026 page","Tournament Pages [Vietnamese]","2026-08-26","passed","2026-08-26","","Brasileiro Serie A 2026 [Vietnamese]","",""
"","19892","TC_21 [English] — Repeated wrong OTP attempts trigger lockout or throttling","OTP Verification (English)","2026-08-26","passed","2026-08-26","","","",""
"","133","TC_08 [Vietnamese] - Verify clicking Account tab makes it active and loads DATA & PRIVACY section with all three rows","Profile Page (Vietnamese)","2026-08-26","passed","2026-08-26","","4. Account Tab","",""
"","10193","TC_22 [English] — Submitting the already-registered phone number reaches OTP dispatch the same as any number (no duplicate-account path)","Organic Signup Journey (English)","2026-08-26","passed","2026-08-26","","End-to-End Journeys — entry points reach OTP dispatch","",""
"","1489","TC_19 [English] - Verify Key Insights widget is displayed in The Edge section","Landing Page Validation (English)","2026-08-26","passed","2026-08-26","","","",""
"","177","TC_01 [Vietnamese] - Verify the Logout option is visible on the Account tab of Settings","Logout (Vietnamese)","2026-08-26","passed","2026-08-26","","1. Logout Control Visibility & Non-Destructive Popup Checks [Vietnamese]","",""
"","0","TC_27 [English] — Linking a Telegram account already connected to another SportsFC account shows a conflict message [requires conflicted Telegram test account]","","2026-08-26","skipped","2026-08-26","","","",""
"","9460","TC_10 [English] - Verify Team Details page is reachable and loads correctly from Int. Friendly Games 2026","Team Details Page [English]","2026-08-26","passed","2026-08-26","","1. Cross-Tournament Reachability [English]","",""
"","1799","TC_12 [English] — Phone and name fields are safe against injection-style input","Signup Journey — Join Page (English)","2026-08-26","passed","2026-08-26","","","",""
"","3854","TC_01 [English] — Sign Up CTA on landing navigates to the join page","Signup Journey — Landing Page (English)","2026-08-26","passed","2026-08-26","","","",""
"","12207","TC_23 [English] — Network failure during OTP verification shows an appropriate error","OTP Verification (English)","2026-08-26","passed","2026-08-26","","","",""
"","39582","TC_16 [English] - Verify clicking the All Matches filter displays filtered match results","Dashboard Validation (English)","2026-08-26","failed","2026-08-26","","","",""
"","39032","TC_11 [Vietnamese] - Verify Dashboard sections are displayed in the correct sequence","Dashboard Validation (Vietnamese)","2026-08-26","broken","2026-08-26","","","",""
"","9985","TC_04 [English] - Verify Team Details page is reachable and loads correctly from CONMEBOL Sudamericana 2026","Team Details Page [English]","2026-08-26","passed","2026-08-26","","1. Cross-Tournament Reachability [English]","",""
"","5272","TC_28 [Vietnamese] - Verify navigation to Int. Friendly Games 2026 and URL/heading are correct","Tournament Pages [Vietnamese]","2026-08-26","passed","2026-08-26","","Int. Friendly Games 2026 [Vietnamese]","",""
"","2456","TC_30 [English] - Verify Knockout tab presence and Standings tab content on Int. Friendly Games 2026 page","Tournament Pages [English]","2026-08-26","passed","2026-08-26","","Int. Friendly Games 2026 [English]","",""
"","96","TC_34 [English] - Verify the JOIN OUR PUBLIC CHANNELS section heading is displayed correctly","Profile Page (English)","2026-08-26","passed","2026-08-26","","7. Community Tab","",""
"","10552","TC12 [Vietnamese] — Selecting a tournament from the competition list navigates to its page","Smoke Suite [Vietnamese]","2026-08-26","broken","2026-08-26","","","",""
"","376","TC_28 [Vietnamese] - Verify switching to English changes the entire page UI language to English","Profile Page (Vietnamese)","2026-08-26","passed","2026-08-26","","5. Preferences Tab","",""
"","5010","TC_05 [English] - Verify Overview and Matches tabs display content on Africa Cup of Nations Qualification 2026 page","Tournament Pages [English]","2026-08-26","passed","2026-08-26","","Africa Cup of Nations Qualification 2026 [English]","",""
"","19660","TC_13 [English] - Verify Dashboard page loads without any broken UI elements","Dashboard Validation (English)","2026-08-26","passed","2026-08-26","","","",""
"","8804","TC_16 [English] — Numeric only input and wrong OTP shows error","OTP Verification (English)","2026-08-26","passed","2026-08-26","","","",""
"","586","TC_17 [English] - Verify Terms of Service, Privacy Policy and Cookie Policy all redirect to unique pages","Profile Page (English)","2026-08-26","passed","2026-08-26","","4. Account Tab","",""
"","299","TC_33 [English] - Verify clicking Community tab makes it active and loads all 7 social channels","Profile Page (English)","2026-08-26","passed","2026-08-26","","7. Community Tab","",""
"","6331","TC22 [Vietnamese] — Team logo/crest is displayed correctly","Smoke Suite [Vietnamese]","2026-08-26","passed","2026-08-26","","","",""
"","2755","TC26 [English] — Profile header displays Guest state and Login/Signup button","Smoke Suite [English]","2026-08-26","passed","2026-08-26","","","",""
"","7945","TC_05 [Vietnamese] — Page loads with heading, description, country code selector, phone field, Continue button and reCAPTCHA disclaimer","Organic Signup Journey (Vietnamese)","2026-08-26","passed","2026-08-26","","Login/Join Page","",""
"","6151","TC_04 [Vietnamese] — Phone accepts numeric input only and enforces correct digit length","Details Page [Vietnamese]","2026-08-26","passed","2026-08-26","","","",""
"","479","TC_04 [English] - All 15 numbered sections are present","Terms of Use (English)","2026-08-26","passed","2026-08-26","","","",""
"","19936","TC_13 [Vietnamese] - Verify Dashboard page loads without any broken UI elements","Dashboard Validation (Vietnamese)","2026-08-26","passed","2026-08-26","","","",""
"","2155","TC_07 [English] — A valid 10-digit Indian number is accepted with no validation error","Blue Moon — Signup Details Page (English)","2026-08-26","passed","2026-08-26","","","",""
"","64","TC_04 [English] - Verify final score is displayed between team names in match header","Recent Match Details Page [English]","2026-08-26","passed","2026-08-26","","2. Match Header [English]","",""
"","484","TC_35 [English] - Verify all 7 social channel rows display correct channel names","Profile Page (English)","2026-08-26","passed","2026-08-26","","7. Community Tab","",""
"","3400","TC_47 [English] - Verify active tab indicator updates on each tab click","Profile Page (English)","2026-08-26","passed","2026-08-26","","9. Tab Switching","",""
"","304","TC_06 [Vietnamese] - Verify clicking Team 1 logo navigates to Team 1 details page and back returns to match","Recent Match Details Page [Vietnamese]","2026-08-26","passed","2026-08-26","","2. Match Header [Vietnamese]","",""
"","1751","TC_09 [English] - Cross-reference link to Privacy Policy navigates correctly","Terms of Use (English)","2026-08-26","passed","2026-08-26","","","",""
"","9685","TC_14 [English] — Entering the correct OTP redirects directly to the Dashboard as a logged-in user, with no Telegram-link or Welcome step","Organic Signup Journey (English)","2026-08-26","passed","2026-08-26","","OTP Page — correct verification","",""
"","5142","TC_28 [English] - Verify navigation to Int. Friendly Games 2026 and URL/heading are correct","Tournament Pages [English]","2026-08-26","passed","2026-08-26","","Int. Friendly Games 2026 [English]","",""
"","2568","TC_11 [English] — Phone field normalizes extra formatting characters to digits only","Signup Journey — Join Page (English)","2026-08-26","passed","2026-08-26","","","",""
"","825","TC_41 [English] — Incorrect OTP shows an error and allows the user to retry","OTP Verification — Wrong-Attempt Tests [English]","2026-08-26","passed","2026-08-26","","","",""
"","2861","TC_56 [Vietnamese] - Verify Profile page is fully responsive on mobile viewport 375x667","Profile Page (Vietnamese)","2026-08-26","passed","2026-08-26","","11. UI & Responsive","",""
"","3263","TC_46 [Vietnamese] - Verify switching between all three tabs works correctly with no content overlap","Profile Page (Vietnamese)","2026-08-26","passed","2026-08-26","","9. Tab Switching","",""
"","109","TC_23 [Vietnamese] - Verify Vietnamese language option displays 🇻🇳 flag and Tiếng Việt sub-label","Profile Page (Vietnamese)","2026-08-26","passed","2026-08-26","","5. Preferences Tab","",""
"","7048","TC_08 [Vietnamese] - Verify dismissing the confirmation popup via Esc key keeps the user logged in","Logout (Vietnamese)","2026-08-26","passed","2026-08-26","","1. Logout Control Visibility & Non-Destructive Popup Checks [Vietnamese]","",""
"","4442","TC21 [English] — Team name is displayed correctly in the page header","Smoke Suite [English]","2026-08-26","passed","2026-08-26","","","",""
"","26580","TC_38 [Vietnamese] — Signup journey renders and functions correctly on a mobile viewport","E2E Journey [Vietnamese]","2026-08-26","broken","2026-08-26","","","",""
"","5622","TC_22 [Vietnamese] - Verify navigation to CONMEBOL Libertadores 2026 and URL/heading are correct","Tournament Pages [Vietnamese]","2026-08-26","passed","2026-08-26","","CONMEBOL Libertadores 2026 [Vietnamese]","",""
"","3197","TC_01 [English] - Verify Landing page URL","Landing Page Validation (English)","2026-08-26","passed","2026-08-26","","","",""
"","9507","TC_22 [Vietnamese] - Verify the Recent Results section displays the team's recent matches","Team Details Page [Vietnamese]","2026-08-26","passed","2026-08-26","","4. Recent Results [Vietnamese]","",""
"","1466","TC_16 [English] - Verify ""View insights"" button is displayed in Alerts card","Landing Page Validation (English)","2026-08-26","passed","2026-08-26","","","",""
"","346","TC_28 [English] - Verify switching to Vietnamese changes the entire page UI language to Vietnamese","Profile Page (English)","2026-08-26","passed","2026-08-26","","5. Preferences Tab","",""
"","9997","TC_03 [English] - Verify Team Details page is reachable and loads correctly from Brasileiro Serie B 2026","Team Details Page [English]","2026-08-26","passed","2026-08-26","","1. Cross-Tournament Reachability [English]","",""
"","256","TC_27 [English] - Verify team names in match header match team names shown in Lineups tab","Recent Match Details Page [English]","2026-08-26","passed","2026-08-26","","7. Data Consistency [English]","",""
"","1139","TC_08 [English] — Non-numeric characters are rejected in the mobile number field","Blue Moon — Signup Details Page (English)","2026-08-26","passed","2026-08-26","","","",""
"","2977","TC_03 [Vietnamese] - Verify Knockout tab presence and Standings tab content on Canadian Premier League 2026 page","Tournament Pages [Vietnamese]","2026-08-26","passed","2026-08-26","","Canadian Premier League 2026 [Vietnamese]","",""
"","29920","TC_05 [English] - Verify Team Details page is reachable and loads correctly from K-League 1 2026","Team Details Page [English]","2026-08-26","skipped","2026-08-26","","1. Cross-Tournament Reachability [English]","",""
"","3857","TC_39 [Vietnamese] - Verify clicking Viber row redirects to the Viber channel in a new tab","Profile Page (Vietnamese)","2026-08-26","passed","2026-08-26","","8. Community Tab – Social Redirections","",""
"","9357","TC_30 [English] — ""Go to sportsfc.fans"" navigates to the Dashboard","Welcome Page (English)","2026-08-26","passed","2026-08-26","","","",""
"","405","TC_03 [Vietnamese] - Verify the Logout option appears only under the Account tab and not other Settings tabs","Logout (Vietnamese)","2026-08-26","passed","2026-08-26","","1. Logout Control Visibility & Non-Destructive Popup Checks [Vietnamese]","",""
"","502","TC_42 [English] — Setting a 6-digit code fills the OTP field correctly and triggers submission","OTP Verification — Wrong-Attempt Tests [English]","2026-08-26","passed","2026-08-26","","","",""
"","40059","TC_10 [English] - Verify the user is redirected to the Login/Landing page after logout","Logout (English)","2026-08-26","broken","2026-08-26","","2. Logout Execution & Redirect","",""
"","612","TC_26 [Vietnamese] - Verify selecting Vietnamese highlights it with a filled selection indicator","Profile Page (Vietnamese)","2026-08-26","passed","2026-08-26","","5. Preferences Tab","",""
"","2463","TC_32 [Vietnamese] - Verify an invalid/non-existent team slug is handled gracefully","Team Details Page [Vietnamese]","2026-08-26","passed","2026-08-26","","6. Data Integrity [Vietnamese]","",""
"","3953","TC15 [English] — Upcoming match header shows logos, team names, competition and date/time","Smoke Suite [English]","2026-08-26","passed","2026-08-26","","","",""
"","2672","TC_08 [English] - Verify Recent Result cards display completed match information","Dashboard Validation (English)","2026-08-26","passed","2026-08-26","","","",""
"","9558","TC_27 [Vietnamese] - Verify an appropriate state is shown when the team has no recent results","Team Details Page [Vietnamese]","2026-08-26","passed","2026-08-26","","4. Recent Results [Vietnamese]","",""
"","7984","TC_08 [English] — Submitting a registered phone shows appropriate response","Signup Journey — Join Page (English)","2026-08-26","passed","2026-08-26","","","",""
"","1416","TC_13 [English] - Verify Live Alerts card is displayed in the Feed section","Landing Page Validation (English)","2026-08-26","passed","2026-08-26","","","",""
"","514","TC_13 [English] — ""Verify OTP""/""Xác minh OTP"" button remains disabled until all 6 digits are entered","Organic Signup Journey (English)","2026-08-26","passed","2026-08-26","","OTP Page — submission and display","",""
"","26559","TC_21 [Vietnamese] — Profile icon > Preferences tab CTA path reaches OTP dispatch","Organic Signup Journey (Vietnamese)","2026-08-26","passed","2026-08-26","","End-to-End Journeys — entry points reach OTP dispatch","",""
"","1712","TC_06 [English] - Verify hero description text element is displayed","Landing Page Validation (English)","2026-08-26","passed","2026-08-26","","","",""
"","4908","TC_17 [English] — Clicking Continue with all fields valid redirects to the OTP page","Blue Moon — Signup Details Page (English)","2026-08-26","passed","2026-08-26","","","",""
"","5078","TC_20 [English] - Verify Overview and Matches tabs display content on J1 League 26/27 page","Tournament Pages [English]","2026-08-26","passed","2026-08-26","","J1 League 26/27 [English]","",""
"","2764","TC_14 [Vietnamese] - Verify clicking the Today filter displays filtered match results","Dashboard Validation (Vietnamese)","2026-08-26","passed","2026-08-26","","","",""
"","1998","TC_12 [English] — Phone number field sanitizes/rejects script or injection-style input without executing it or causing errors","Details Page [English]","2026-08-26","passed","2026-08-26","","","",""
"","7973","TC_18 [English] — Resend OTP shows countdown immediately after page load","OTP Verification (English)","2026-08-26","passed","2026-08-26","","","",""
"","377","TC_16 [English] — 6-box display and Verify OTP requires all 6 digits","OTP Verification [English]","2026-08-26","passed","2026-08-26","","","",""
"","2151","TC_15 [English] — Continue stays disabled when the T&C checkbox is unchecked, even with valid Name + Mobile","Blue Moon — Signup Details Page (English)","2026-08-26","passed","2026-08-26","","","",""
"","5057","TC_14 [English] - Verify Overview and Matches tabs display content on K-League 1 2026 page","Tournament Pages [English]","2026-08-26","passed","2026-08-26","","K-League 1 2026 [English]","",""
"","9440","TC_18 [English] - Verify the team name and competition context line display correctly","Team Details Page [English]","2026-08-26","passed","2026-08-26","","2. Navigation & Header [English]","",""
"","4251","TC_12 [English] - Verify Knockout tab presence and Standings tab content on CONMEBOL Sudamericana 2026 page","Tournament Pages [English]","2026-08-26","passed","2026-08-26","","CONMEBOL Sudamericana 2026 [English]","",""
"","5063","TC_32 [Vietnamese] - Verify Overview and Matches tabs display content on Club Friendly Games 2026 page","Tournament Pages [Vietnamese]","2026-08-26","passed","2026-08-26","","Club Friendly Games 2026 [Vietnamese]","",""
"","9484","TC_10 [Vietnamese] - Verify Team Details page is reachable and loads correctly from Int. Friendly Games 2026","Team Details Page [Vietnamese]","2026-08-26","passed","2026-08-26","","1. Cross-Tournament Reachability [Vietnamese]","",""
"","6097","TC_02 [English] — Clicking the Login/Signup CTA in the header navigates to the phone number entry page","Organic Signup Journey (English)","2026-08-26","passed","2026-08-26","","Guest Dashboard","",""
"","3492","TC_15 [Vietnamese] - Verify Knockout tab presence and Standings tab content on K-League 1 2026 page","Tournament Pages [Vietnamese]","2026-08-26","passed","2026-08-26","","K-League 1 2026 [Vietnamese]","",""
"","914","TC_09 [English] - Browser tab title contains ""Privacy Policy""","Privacy Policy (English)","2026-08-26","passed","2026-08-26","","","",""
"","3446","TC_03 [English] — Country code selector defaults to +91 and can be changed to another country","Details Page [English]","2026-08-26","failed","2026-08-26","","","",""
"","231","TC_30 [Vietnamese] - Verify standings displays position numbers 1 through 4","Recent Match Details Page [Vietnamese]","2026-08-26","passed","2026-08-26","","8. Rankings Tab [Vietnamese]","",""
"","2817","TC_01 [English] - Privacy Policy page loads in English with correct heading","Privacy Policy (English)","2026-08-26","passed","2026-08-26","","","",""
"","4113","TC_38 [Vietnamese] - Verify clicking WhatsApp row redirects to the WhatsApp channel in a new tab","Profile Page (Vietnamese)","2026-08-26","passed","2026-08-26","","8. Community Tab – Social Redirections","",""
"","5254","TC_02 [Vietnamese] - Verify Back button navigates user back to the Dashboard","Recent Match Details Page [Vietnamese]","2026-08-26","passed","2026-08-26","","1. Navigation [Vietnamese]","",""
"","3301","TC_01 [English] — Both Signup CTAs are visible and enabled","Blue Moon — Landing Page (English)","2026-08-26","passed","2026-08-26","","","",""
"","8855","TC_25 [English] — ""Maybe later"" navigates to the Welcome page","Link Telegram (English)","2026-08-26","passed","2026-08-26","","","",""
"","2927","TC_07 [English] — Terms/Privacy links preserve the entered phone number","Details Page [English]","2026-08-26","passed","2026-08-26","","","",""
"","8894","TC_35 [English] — Language (English) persists consistently across all steps of the journey","E2E Journey (English)","2026-08-26","passed","2026-08-26","","","",""
"","9380","TC_31 [English] — User is fully authenticated on Dashboard after completing signup","Welcome Page (English)","2026-08-26","passed","2026-08-26","","","",""
"","53","TC_14 [English] - Verify Cookie Policy row is displayed and clickable","Profile Page (English)","2026-08-26","passed","2026-08-26","","4. Account Tab","",""
"","34403","TC24 [English] — Clicking a player navigates to the Player Details page","Smoke Suite [English]","2026-08-26","failed","2026-08-26","","","",""
"","9570","TC_14 [English] - Verify the breadcrumb title displays the correct team name","Team Details Page [English]","2026-08-26","passed","2026-08-26","","2. Navigation & Header [English]","",""
"","5279","TC_17 [Vietnamese] - Verify Overview and Matches tabs display content on MLS 2026 page","Tournament Pages [Vietnamese]","2026-08-26","passed","2026-08-26","","MLS 2026 [Vietnamese]","",""
"","6370","TC06 [Vietnamese] — ""Để sau"" on Link Telegram navigates to Welcome page without linking Telegram","Smoke Suite [Vietnamese]","2026-08-26","passed","2026-08-26","","","",""
"","9753","TC_12 [Vietnamese] - Verify Team Details page is reachable and loads correctly from V-League 1 26/27","Team Details Page [Vietnamese]","2026-08-26","passed","2026-08-26","","1. Cross-Tournament Reachability [Vietnamese]","",""
"","5306","TC_34 [Vietnamese] - Verify navigation to V-League 1 26/27 and URL/heading are correct","Tournament Pages [Vietnamese]","2026-08-26","passed","2026-08-26","","V-League 1 26/27 [Vietnamese]","",""
"","1061","TC_08 [English] - Marketing opt-out / unsubscribe wording is present","Privacy Policy (English)","2026-08-26","passed","2026-08-26","","","",""
"","9501","TC_13 [English] - Verify the back arrow navigates to the previous page","Team Details Page [English]","2026-08-26","passed","2026-08-26","","2. Navigation & Header [English]","",""
"","6122","TC_04 [English] — Phone accepts numeric input only and enforces correct digit length","Details Page [English]","2026-08-26","passed","2026-08-26","","","",""
"","33759","TC_16 [Vietnamese] — Clicking ""Resend OTP""/""Gửi lại OTP"" after the countdown expires sends a new OTP and resets the timer","Organic Signup Journey (Vietnamese)","2026-08-26","passed","2026-08-26","","OTP Page — resend","",""
"","2801","TC_15 [Vietnamese] - Verify clicking the Tomorrow filter displays filtered match results","Dashboard Validation (Vietnamese)","2026-08-26","passed","2026-08-26","","","",""
"","934","TC_06 [English] - Support email (support@sportsfc.fans) is present","Privacy Policy (English)","2026-08-26","passed","2026-08-26","","","",""
"","1797","TC_43 [Vietnamese] — Repeated wrong OTP attempts trigger lockout or throttling","OTP Verification — Wrong-Attempt Tests [Vietnamese]","2026-08-26","passed","2026-08-26","","","",""
"","9331","TC_23 [English] - Verify each Recent Result card displays flags/logos for both competing teams","Team Details Page [English]","2026-08-26","passed","2026-08-26","","4. Recent Results [English]","",""
"","468","TC_17 [Vietnamese] — OTP field accepts numeric input only","OTP Verification [Vietnamese]","2026-08-26","passed","2026-08-26","","","",""
"","2593","TC_10 [English] - Verify Dashboard page is vertically scrollable","Dashboard Validation (English)","2026-08-26","passed","2026-08-26","","","",""
"","5093","TC_09 [English] — Valid, new phone number triggers OTP dispatch and navigates to the OTP verification page","Details Page [English]","2026-08-26","passed","2026-08-26","","","",""
"","3178","TC_18 [English] - Verify Knockout tab presence and Standings tab content on MLS 2026 page","Tournament Pages [English]","2026-08-26","passed","2026-08-26","","MLS 2026 [English]","",""
"","5438","TC_21 [English] — Back navigation returns to the Details page","OTP Verification [English]","2026-08-26","passed","2026-08-26","","","",""
"","124","TC_19 [English] - Verify clicking Preferences tab makes it active and loads Language section with language options","Profile Page (English)","2026-08-26","passed","2026-08-26","","5. Preferences Tab","",""
"","5082","TC_20 [Vietnamese] - Verify Overview and Matches tabs display content on J1 League 26/27 page","Tournament Pages [Vietnamese]","2026-08-26","passed","2026-08-26","","J1 League 26/27 [Vietnamese]","",""
"","3359","TC_19 [English] — No Login/Signup CTA is shown anywhere in Settings once the user is logged in","Organic Signup Journey (English)","2026-08-26","passed","2026-08-26","","Post-Login Dashboard and Settings","",""
"","4724","TC_24 [English] — Back navigation returns to the Signup Details page","Blue Moon — OTP Page (English)","2026-08-26","passed","2026-08-26","","","",""
"","95","TC_04 [English] - Verify Profile header displays Guest username and Login/Signup button for guest user","Profile Page (English)","2026-08-26","passed","2026-08-26","","2. Profile Header","",""
"","41","TC_09 [Vietnamese] - Verify DATA & PRIVACY section heading is displayed correctly in the Account tab","Profile Page (Vietnamese)","2026-08-26","passed","2026-08-26","","4. Account Tab","",""
"","3228","TC_46 [English] - Verify switching between all three tabs works correctly with no content overlap","Profile Page (English)","2026-08-26","passed","2026-08-26","","9. Tab Switching","",""
"","25965","TC_36 [English] — Language (English) persists consistently across all steps of the journey","E2E Journey [English]","2026-08-26","broken","2026-08-26","","","",""
"","2627","TC_02 [English] - Verify Dashboard Logo is displayed","Dashboard Validation (English)","2026-08-26","passed","2026-08-26","","","",""
"","58","TC_05 [Vietnamese] - Verify Full Time (FT/KT) status indicator is shown in match header","Recent Match Details Page [Vietnamese]","2026-08-26","passed","2026-08-26","","2. Match Header [Vietnamese]","",""
"","9062","TC_10 [Vietnamese] — Terms & privacy disclaimer is shown on the login splash; Continue is gated purely by phone validity (no separate checkbox in the current build)","Organic Signup Journey (Vietnamese)","2026-08-26","passed","2026-08-26","","Login/Join Page","",""
"","2214","TC_09 [English] — A number shorter than 10 digits keeps Continue disabled","Blue Moon — Signup Details Page (English)","2026-08-26","passed","2026-08-26","","","",""
"","3343","TC_03 [Vietnamese] — Country code selector defaults to +91 and can be changed to another country","Details Page [Vietnamese]","2026-08-26","failed","2026-08-26","","","",""
"","9235","TC_20 [English] - Verify FIFA Ranking and Last 10 record display correctly for a national team","Team Details Page [English]","2026-08-26","passed","2026-08-26","","3. Stats [English]","",""
"","2459","TC_33 [Vietnamese] - Verify Knockout tab presence and Standings tab content on Club Friendly Games 2026 page","Tournament Pages [Vietnamese]","2026-08-26","passed","2026-08-26","","Club Friendly Games 2026 [Vietnamese]","",""
"","9426","TC_27 [English] - Verify an appropriate state is shown when the team has no recent results","Team Details Page [English]","2026-08-26","passed","2026-08-26","","4. Recent Results [English]","",""
"","6098","TC06 [English] — ""Maybe later"" on Link Telegram navigates to Welcome page without linking Telegram","Smoke Suite [English]","2026-08-26","passed","2026-08-26","","","",""
"","5671","TC_01 [English] - Verify navigation to Canadian Premier League 2026 and URL/heading are correct","Tournament Pages [English]","2026-08-26","passed","2026-08-26","","Canadian Premier League 2026 [English]","",""
"","4394","TC20 [English] — Team Details page loads successfully via an upcoming match's team link","Smoke Suite [English]","2026-08-26","passed","2026-08-26","","","",""
"","30164","TC_32 [English] - Verify standings shows a team name for each of at least 4 teams","Recent Match Details Page [English]","2026-08-26","failed","2026-08-26","","8. Rankings Tab [English]","",""
"","8759","TC_16 [Vietnamese] - Verify all three Data & Privacy links redirect to their correct pages when clicked in sequence","Profile Page (Vietnamese)","2026-08-26","passed","2026-08-26","","4. Account Tab","",""
"","1887","TC_27 [English] - Verify only one language can be selected at a time (mutual exclusion)","Profile Page (English)","2026-08-26","passed","2026-08-26","","5. Preferences Tab","",""
"","1832","TC_06 [English] — Selecting India (+91) updates the mobile field prefix","Blue Moon — Signup Details Page (English)","2026-08-26","passed","2026-08-26","","","",""
"","32","TC_22 [Vietnamese] - Verify Used in label with AI Card and Voice chips are displayed inside Language section","Profile Page (Vietnamese)","2026-08-26","passed","2026-08-26","","5. Preferences Tab","",""
"","3265","TC17 [English] — Completed match header shows logos, team names and competition name","Smoke Suite [English]","2026-08-26","passed","2026-08-26","","","",""
"","5088","TC_02 [English] - Verify Overview and Matches tabs display content on Canadian Premier League 2026 page","Tournament Pages [English]","2026-08-26","passed","2026-08-26","","Canadian Premier League 2026 [English]","",""
"","2768","TC_08 [Vietnamese] - Verify Recent Result cards display completed match information","Dashboard Validation (Vietnamese)","2026-08-26","passed","2026-08-26","","","",""
"","9970","TC_23 [Vietnamese] - Verify each Recent Result card displays flags/logos for both competing teams","Team Details Page [Vietnamese]","2026-08-26","passed","2026-08-26","","4. Recent Results [Vietnamese]","",""
"","69","TC_07 [English] - Verify Preferences tab is the default active tab on page load","Profile Page (English)","2026-08-26","passed","2026-08-26","","3. Tab Navigation","",""
"","1591","TC_39 [English] — Direct URL to Dashboard page allows proceeding without being bounced to login (guest-accessible by design)","Welcome Page — Direct Access [English]","2026-08-26","passed","2026-08-26","","","",""
"","3242","TC_19 [Vietnamese] — No Login/Signup CTA is shown anywhere in Settings once the user is logged in","Organic Signup Journey (Vietnamese)","2026-08-26","passed","2026-08-26","","Post-Login Dashboard and Settings","",""
"","9698","TC_02 [Vietnamese] - Verify Team Details page is reachable and loads correctly from Africa Cup of Nations Qualification 2026","Team Details Page [Vietnamese]","2026-08-26","passed","2026-08-26","","1. Cross-Tournament Reachability [Vietnamese]","",""
"","876","TC_11 [Vietnamese] - Verify protected pages are not accessible after logout via browser Back button","Logout (Vietnamese)","2026-08-26","passed","2026-08-26","","2. Logout Execution & Redirect [Vietnamese]","",""
"","39451","TC_06 [English] - Verify Today Matches, Trending Series, Upcoming Matches and Recent Results sections are displayed on the Dashboard page","Dashboard Validation (English)","2026-08-26","failed","2026-08-26","","","",""
"","5658","TC_09 [Vietnamese] — Valid, new phone number triggers OTP dispatch and navigates to the OTP verification page","Details Page [Vietnamese]","2026-08-26","passed","2026-08-26","","","",""
"","1873","TC_27 [Vietnamese] - Verify only one language can be selected at a time (mutual exclusion)","Profile Page (Vietnamese)","2026-08-26","passed","2026-08-26","","5. Preferences Tab","",""
"","952","TC_40 [Vietnamese] — Verify OTP button stays disabled until the 6th digit is entered, then a submission is triggered","OTP Verification — Wrong-Attempt Tests [Vietnamese]","2026-08-26","passed","2026-08-26","","","",""
"","9384","TC_10 [English] — Terms & privacy disclaimer is shown on the login splash; Continue is gated purely by phone validity (no separate checkbox in the current build)","Organic Signup Journey (English)","2026-08-26","passed","2026-08-26","","Login/Join Page","",""
"","10332","TC_08 [Vietnamese] - Verify Team Details page is reachable and loads correctly from CONMEBOL Libertadores 2026","Team Details Page [Vietnamese]","2026-08-26","passed","2026-08-26","","1. Cross-Tournament Reachability [Vietnamese]","",""
"","1548","TC_22 [English] - Verify three Sign Up buttons are present across the Landing page","Landing Page Validation (English)","2026-08-26","passed","2026-08-26","","","",""
"","1485","TC_23 [English] — A logged-in user directly navigating to the login/join URL is redirected to the Dashboard instead of the phone entry page","Organic Signup Journey (English)","2026-08-26","passed","2026-08-26","","Post-Login Dashboard and Settings","",""
"","12393","TC_50 [English] - Verify all 7 social channel links open in a new tab and do not navigate away from Profile page","Profile Page (English)","2026-08-26","passed","2026-08-26","","10. Edge Cases","",""
"","59","TC_10 [English] - Verify Terms of Service row is displayed and clickable","Profile Page (English)","2026-08-26","passed","2026-08-26","","4. Account Tab","",""
"","2712","TC_05 [Vietnamese] - verify FIFA world cup banner is displayed and after clicking on it, It redirects to the FIFA page","Dashboard Validation (Vietnamese)","2026-08-26","passed","2026-08-26","","","",""
"","1424","TC_04 [English] — English heading, sub-heading and description are displayed correctly","Blue Moon — Signup Details Page (English)","2026-08-26","passed","2026-08-26","","","",""
"","4427","TC_24 [English] - Verify Knockout tab presence and Standings tab content on CONMEBOL Libertadores 2026 page","Tournament Pages [English]","2026-08-26","passed","2026-08-26","","CONMEBOL Libertadores 2026 [English]","",""
"","38620","TC_26 [English] - Verify tapping a Recent Result card navigates to that match's Match Details page","Team Details Page [English]","2026-08-26","passed","2026-08-26","","4. Recent Results [English]","",""
"","8","TC_14 [English] — Page displays the exact phone number entered on the Details page","OTP Verification [English]","2026-08-26","passed","2026-08-26","","","",""
"","1831","TC_43 [English] — Repeated wrong OTP attempts trigger lockout or throttling","OTP Verification — Wrong-Attempt Tests [English]","2026-08-26","passed","2026-08-26","","","",""
"","3854","TC15 [Vietnamese] — Upcoming match header shows logos, team names, competition and date/time","Smoke Suite [Vietnamese]","2026-08-26","passed","2026-08-26","","","",""
"","15047","TC_12 [English] - Verify no leftover authenticated data is shown after logout completes","Logout (English)","2026-08-26","broken","2026-08-26","","2. Logout Execution & Redirect","",""
"","8453","TC_01 [Vietnamese] - Verify user is redirected to Match Details page after clicking a completed match","Recent Match Details Page [Vietnamese]","2026-08-26","passed","2026-08-26","","1. Navigation [Vietnamese]","",""
"","151","TC_15 [English] - Verify Defense section heading is displayed","Recent Match Details Page [English]","2026-08-26","passed","2026-08-26","","5. Stats Tab [English]","",""
"","4214","TC_39 [English] - Verify clicking Viber row redirects to the Viber channel in a new tab","Profile Page (English)","2026-08-26","passed","2026-08-26","","8. Community Tab – Social Redirections","",""
"","11863","TC_48 [Vietnamese] - Verify rapid tab switching does not cause content overlap or errors","Profile Page (Vietnamese)","2026-08-26","passed","2026-08-26","","9. Tab Switching","",""
"","8764","TC_14 [English] — 6-box display and verify button requires all 6 digits","OTP Verification (English)","2026-08-26","passed","2026-08-26","","","",""
"","9419","TC_29 [English] - Verify each competition entry displays an icon and name","Team Details Page [English]","2026-08-26","passed","2026-08-26","","5. Competitions [English]","",""
"","2756","TC26 [Vietnamese] — Profile header displays Guest state and Login/Signup button","Smoke Suite [Vietnamese]","2026-08-26","passed","2026-08-26","","","",""
"","5656","TC_25 [Vietnamese] - Verify navigation to Brasileiro Serie A 2026 and URL/heading are correct","Tournament Pages [Vietnamese]","2026-08-26","passed","2026-08-26","","Brasileiro Serie A 2026 [Vietnamese]","",""
"","26272","TC23 [English] — Squad list is displayed with registered players","Smoke Suite [English]","2026-08-26","failed","2026-08-26","","","",""
"","803","TC_41 [Vietnamese] — Incorrect OTP shows an error and allows the user to retry","OTP Verification — Wrong-Attempt Tests [Vietnamese]","2026-08-26","passed","2026-08-26","","","",""
"","116","TC_04 [Vietnamese] - Verify Profile header displays Guest username and Login/Signup button for guest user","Profile Page (Vietnamese)","2026-08-26","passed","2026-08-26","","2. Profile Header","",""
"","8911","TC_26 [English] — Telegram-linked status: Connect CTA enabled; Skip path shows no Telegram link","Link Telegram (English)","2026-08-26","passed","2026-08-26","","","",""
"","5320","TC_31 [Vietnamese] - Verify navigation to Club Friendly Games 2026 and URL/heading are correct","Tournament Pages [Vietnamese]","2026-08-26","passed","2026-08-26","","Club Friendly Games 2026 [Vietnamese]","",""
"","5091","TC_11 [English] - Verify Overview and Matches tabs display content on CONMEBOL Sudamericana 2026 page","Tournament Pages [English]","2026-08-26","passed","2026-08-26","","CONMEBOL Sudamericana 2026 [English]","",""
"","35670","TC_30 [Vietnamese] - Verify language setting applies globally to other pages such as Dashboard","Profile Page (Vietnamese)","2026-08-26","broken","2026-08-26","","5. Preferences Tab","",""
"","8361","TC_17 [English] — Pasting 6-digit code redirects to Link Telegram","OTP Verification (English)","2026-08-26","passed","2026-08-26","","","",""
"","2753","TC_15 [English] - Verify clicking the Tomorrow filter displays filtered match results","Dashboard Validation (English)","2026-08-26","passed","2026-08-26","","","",""
"","9999","TC_09 [Vietnamese] - Verify Team Details page is reachable and loads correctly from Brasileiro Serie A 2026","Team Details Page [Vietnamese]","2026-08-26","passed","2026-08-26","","1. Cross-Tournament Reachability [Vietnamese]","",""
"","3458","TC_51 [English] - Verify Terms of Service, Privacy Policy and Cookie Policy links each redirect to unique pages","Profile Page (English)","2026-08-26","passed","2026-08-26","","10. Edge Cases","",""
"","3957","TC20 [Vietnamese] — Team Details page loads successfully via an upcoming match's team link","Smoke Suite [Vietnamese]","2026-08-26","passed","2026-08-26","","","",""
"","159","TC_12 [Vietnamese] - Verify player name labels are visible in the lineup pitch area","Recent Match Details Page [Vietnamese]","2026-08-26","passed","2026-08-26","","4. Lineups Tab [Vietnamese]","",""
"","9699","TC_02 [English] - Verify Team Details page is reachable and loads correctly from Africa Cup of Nations Qualification 2026","Team Details Page [English]","2026-08-26","passed","2026-08-26","","1. Cross-Tournament Reachability [English]","",""
"","1501","TC_12 [English] - Verify Real-Time Feed section is displayed","Landing Page Validation (English)","2026-08-26","passed","2026-08-26","","","",""
"","16847","TC_05 [Vietnamese] - Verify the Logout button is reachable and operable via keyboard","Logout (Vietnamese)","2026-08-26","broken","2026-08-26","","1. Logout Control Visibility & Non-Destructive Popup Checks [Vietnamese]","",""
"","5909","TC_06 [English] — Inline validation error is shown for an invalid/incomplete phone number","Details Page [English]","2026-08-26","passed","2026-08-26","","","",""
"","215","TC_17 [Vietnamese] - Verify Goalkeeping section is displayed with Corners stat row","Recent Match Details Page [Vietnamese]","2026-08-26","passed","2026-08-26","","5. Stats Tab [Vietnamese]","",""
"","430","TC_03 [English] - Verify header shows team logos, team names and competition name","Recent Match Details Page [English]","2026-08-26","passed","2026-08-26","","2. Match Header [English]","",""
"","4981","TC_11 [Vietnamese] - Verify Overview and Matches tabs display content on CONMEBOL Sudamericana 2026 page","Tournament Pages [Vietnamese]","2026-08-26","passed","2026-08-26","","CONMEBOL Sudamericana 2026 [Vietnamese]","",""
"","9539","TC_12 [English] - Verify Team Details page is reachable and loads correctly from V-League 1 26/27","Team Details Page [English]","2026-08-26","passed","2026-08-26","","1. Cross-Tournament Reachability [English]","",""
"","28056","TC_05 [Vietnamese] - Verify Team Details page is reachable and loads correctly from K-League 1 2026","Team Details Page [Vietnamese]","2026-08-26","skipped","2026-08-26","","1. Cross-Tournament Reachability [Vietnamese]","",""
"","25782","TC_33 [English] — Complete ""Maybe later"" path: Details → OTP → skip Telegram → Welcome → Dashboard","E2E Journey [English]","2026-08-26","broken","2026-08-26","","","",""
"","5389","TC_41 [English] - Verify clicking Facebook row redirects to the Facebook page in a new tab","Profile Page (English)","2026-08-26","passed","2026-08-26","","8. Community Tab – Social Redirections","",""
"","4569","TC_49 [Vietnamese] - Verify language selection in Preferences tab persists when switching to other tabs and back","Profile Page (Vietnamese)","2026-08-26","passed","2026-08-26","","9. Tab Switching","",""
"","3257","TC30 [Vietnamese] — User is able to select English and Vietnamese language","Smoke Suite [Vietnamese]","2026-08-26","passed","2026-08-26","","","",""
"","11030","TC_01 [English] - Verify Team Details page is reachable and loads correctly from Canadian Premier League 2026","Team Details Page [English]","2026-08-26","passed","2026-08-26","","1. Cross-Tournament Reachability [English]","",""
"","7912","TC_22 [English] — Back navigation returns to join page","OTP Verification (English)","2026-08-26","passed","2026-08-26","","","",""
"","3173","TC25 [Vietnamese] — Profile page loads successfully via direct URL","Smoke Suite [Vietnamese]","2026-08-26","passed","2026-08-26","","","",""
"","2646","TC_59 [English] - Verify Profile page loads within 5 seconds","Profile Page (English)","2026-08-26","passed","2026-08-26","","12. Performance","",""
"","2236","TC_18 [English] - Verify clicking a Trending Series card navigates to the series detail page","Dashboard Validation (English)","2026-08-26","passed","2026-08-26","","","",""
"","4967","TC03 [English] — Existing account phone submission on Join page is handled appropriately","Smoke Suite [English]","2026-08-26","passed","2026-08-26","","","",""
"","1759","TC_39 [Vietnamese] — Direct URL to Dashboard page allows proceeding without being bounced to login (guest-accessible by design)","Welcome Page — Direct Access [Vietnamese]","2026-08-26","passed","2026-08-26","","","",""
"","9339","TC_19 [English] - Verify Group position and Last 10 record display correctly for a club team","Team Details Page [English]","2026-08-26","passed","2026-08-26","","3. Stats [English]","",""
"","451","TC_03 [Vietnamese] - Verify header shows team logos, team names and competition name","Recent Match Details Page [Vietnamese]","2026-08-26","passed","2026-08-26","","2. Match Header [Vietnamese]","",""
"","30","TC_23 [English] - Verify Play by Play tab is displayed with correct label","Recent Match Details Page [English]","2026-08-26","passed","2026-08-26","","6. Play by Play Tab [English]","",""
"","7045","TC_08 [English] - Verify dismissing the confirmation popup via Esc key keeps the user logged in","Logout (English)","2026-08-26","passed","2026-08-26","","1. Logout Control Visibility & Non-Destructive Popup Checks","",""
"","512","TC_04 [English] - Verify the Logout button shows a hover/focus state and pointer cursor on desktop","Logout (English)","2026-08-26","passed","2026-08-26","","1. Logout Control Visibility & Non-Destructive Popup Checks","",""
"","2916","TC_09 [Vietnamese] - Verify View All option is displayed in the Recent Results section and user is redirected to the Recent Results page after clicking it","Dashboard Validation (Vietnamese)","2026-08-26","passed","2026-08-26","","","",""
"","6422","TC22 [English] — Team logo/crest is displayed correctly","Smoke Suite [English]","2026-08-26","passed","2026-08-26","","","",""
"","1070","TC_05 [English] — Sign Up is disabled on empty form","Signup Journey — Join Page (English)","2026-08-26","passed","2026-08-26","","","",""
"","608","TC_25 [English] - Verify selecting English highlights it with a filled selection indicator","Profile Page (English)","2026-08-26","passed","2026-08-26","","5. Preferences Tab","",""
"","177","TC_21 [English] - Verify Match Information section heading is displayed","Recent Match Details Page [English]","2026-08-26","passed","2026-08-26","","5. Stats Tab [English]","",""
"","420","TC_37 [English] - Verify all 7 social channel icons and rows load without broken images","Profile Page (English)","2026-08-26","passed","2026-08-26","","7. Community Tab","",""
"","165","TC_01 [English] - Verify the Logout option is visible on the Account tab of Settings","Logout (English)","2026-08-26","passed","2026-08-26","","1. Logout Control Visibility & Non-Destructive Popup Checks","",""
"","584","TC_17 [Vietnamese] - Verify Terms of Service, Privacy Policy and Cookie Policy all redirect to unique pages","Profile Page (Vietnamese)","2026-08-26","passed","2026-08-26","","4. Account Tab","",""
"","3069","TC_18 [Vietnamese] - Verify Knockout tab presence and Standings tab content on MLS 2026 page","Tournament Pages [Vietnamese]","2026-08-26","passed","2026-08-26","","MLS 2026 [Vietnamese]","",""
"","5545","TC_25 [English] - Verify navigation to Brasileiro Serie A 2026 and URL/heading are correct","Tournament Pages [English]","2026-08-26","passed","2026-08-26","","Brasileiro Serie A 2026 [English]","",""
"","776","TC_10 [English] - Browser tab title contains ""Terms of Use""","Terms of Use (English)","2026-08-26","passed","2026-08-26","","","",""
"","5103","TC_04 [English] - Verify navigation to Africa Cup of Nations Qualification 2026 and URL/heading are correct","Tournament Pages [English]","2026-08-26","passed","2026-08-26","","Africa Cup of Nations Qualification 2026 [English]","",""
"","137","TC_08 [English] - Verify clicking Account tab makes it active and loads DATA & PRIVACY section with all three rows","Profile Page (English)","2026-08-26","passed","2026-08-26","","4. Account Tab","",""
"","1576","TC_23 [Vietnamese] — Directly navigating to the Link Telegram URL without OTP verification is not blocked [Known defect: route not protected]","OTP Verification [Vietnamese]","2026-08-26","passed","2026-08-26","","","",""
"","10966","TC_01 [Vietnamese] - Verify Team Details page is reachable and loads correctly from Canadian Premier League 2026","Team Details Page [Vietnamese]","2026-08-26","passed","2026-08-26","","1. Cross-Tournament Reachability [Vietnamese]","",""
"","566","TC_11 [English] - Language switch keeps user on /privacy (no re-login required)","Privacy Policy (English)","2026-08-26","passed","2026-08-26","","","",""
"","183","TC_19 [Vietnamese] - Verify Passing section shows numeric stat comparison values","Recent Match Details Page [Vietnamese]","2026-08-26","passed","2026-08-26","","5. Stats Tab [Vietnamese]","",""
"","9385","TC_25 [English] - Verify a drawn match displays correctly in the Recent Results section","Team Details Page [English]","2026-08-26","passed","2026-08-26","","4. Recent Results [English]","",""
"","51","TC_34 [Vietnamese] - Verify the JOIN OUR PUBLIC CHANNELS section heading is displayed correctly","Profile Page (Vietnamese)","2026-08-26","passed","2026-08-26","","7. Community Tab","",""
"","1238","TC_21 [English] - Verify Language section can be collapsed and re-expanded","Profile Page (English)","2026-08-26","passed","2026-08-26","","5. Preferences Tab","",""
"","187","TC_32 [Vietnamese] - Verify standings shows a team name for each of at least 4 teams","Recent Match Details Page [Vietnamese]","2026-08-26","passed","2026-08-26","","8. Rankings Tab [Vietnamese]","",""
"","4079","TC_03 [Vietnamese] - Verify Back arrow navigates the user away from the Profile page","Profile Page (Vietnamese)","2026-08-26","passed","2026-08-26","","1. Page Load","",""
"","5814","TC_01 [English] — Sign Up CTA on landing navigates to the Details page","Red Journey V4 (English) — Landing Page","2026-08-26","passed","2026-08-26","","","",""
"","1476","TC_04 [English] - Verify hero tagline text element is displayed","Landing Page Validation (English)","2026-08-26","passed","2026-08-26","","","",""
"","2754","TC_14 [English] - Verify clicking the Today filter displays filtered match results","Dashboard Validation (English)","2026-08-26","passed","2026-08-26","","","",""
"","30","TC_22 [English] - Verify Used in label with AI Card and Voice chips are displayed inside Language section","Profile Page (English)","2026-08-26","passed","2026-08-26","","5. Preferences Tab","",""
"","1224","TC_02 [English] — Join page loads with all expected UI elements","Signup Journey — Join Page (English)","2026-08-26","passed","2026-08-26","","","",""
"","5100","TC_05 [English] — Inline validation error is shown when Sign Up is clicked with an empty phone number field","Details Page [English]","2026-08-26","passed","2026-08-26","","","",""
"","54","TC_31 [English] - Verify guest user name and Login/Signup button are displayed correctly in English","Profile Page (English)","2026-08-26","passed","2026-08-26","","6. Guest User","",""
"","5089","TC_05 [Vietnamese] — Inline validation error is shown when Sign Up is clicked with an empty phone number field","Details Page [Vietnamese]","2026-08-26","passed","2026-08-26","","","",""
"","2939","TC_13 [English] - Verify clicking Privacy Policy redirects to the Privacy Policy page","Profile Page (English)","2026-08-26","passed","2026-08-26","","4. Account Tab","",""
"","5441","TC_01 [Vietnamese] — Sign Up CTA on landing navigates to the Details page","Red Journey V4 (Vietnamese) — Landing Page","2026-08-26","passed","2026-08-26","","","",""
"","4141","TC_06 [Vietnamese] - Verify Knockout tab presence and Standings tab content on Africa Cup of Nations Qualification 2026 page","Tournament Pages [Vietnamese]","2026-08-26","passed","2026-08-26","","Africa Cup of Nations Qualification 2026 [Vietnamese]","",""
"","279","TC_10 [English] - Verify Lineups tab displays football pitch with both team names, logos and pitch container","Recent Match Details Page [English]","2026-08-26","passed","2026-08-26","","4. Lineups Tab [English]","",""
"","12214","TC_16 [Vietnamese] - Verify tapping the favorite icon as a guest prompts sign-up/login","Team Details Page [Vietnamese]","2026-08-26","passed","2026-08-26","","2. Navigation & Header [Vietnamese]","",""
"","18757","TC_34 [Vietnamese] - Verify switching from one team's page to another's fully refreshes with no stale data","Team Details Page [Vietnamese]","2026-08-26","passed","2026-08-26","","6. Data Integrity [Vietnamese]","",""
"","25615","TC_37 [English] — User who exits at Link Telegram can resume onboarding on return","E2E Journey [English]","2026-08-26","broken","2026-08-26","","","",""
"","414","TC_17 [English] — OTP field accepts numeric input only","OTP Verification [English]","2026-08-26","passed","2026-08-26","","","",""
"","29","TC_20 [Vietnamese] - Verify Language section heading is displayed and section is expanded by default","Profile Page (Vietnamese)","2026-08-26","passed","2026-08-26","","5. Preferences Tab","",""
"","9564","TC_07 [English] - Verify Team Details page is reachable and loads correctly from J1 League 26/27","Team Details Page [English]","2026-08-26","passed","2026-08-26","","1. Cross-Tournament Reachability [English]","",""
"","2507","TC_33 [English] - Verify Knockout tab presence and Standings tab content on Club Friendly Games 2026 page","Tournament Pages [English]","2026-08-26","passed","2026-08-26","","Club Friendly Games 2026 [English]","",""
"","248","TC_27 [Vietnamese] - Verify team names in match header match team names shown in Lineups tab","Recent Match Details Page [Vietnamese]","2026-08-26","passed","2026-08-26","","7. Data Consistency [Vietnamese]","",""
"","609","TC_05 [English] - No leftover Vietnamese diacritics in English Terms of Use","Terms of Use (English)","2026-08-26","passed","2026-08-26","","","",""
"","3233","TC_19 [Vietnamese] — Network failure during OTP verification shows an appropriate error","OTP Verification [Vietnamese]","2026-08-26","passed","2026-08-26","","","",""
"","32053","""before all"" hook for TC27-TC28 — Logout [English]","","2026-08-26","broken","2026-08-26","","","",""
"","3599","TC_01 [Vietnamese] - Verify Profile page loads successfully via direct URL with all three tabs visible","Profile Page (Vietnamese)","2026-08-26","passed","2026-08-26","","1. Page Load","",""
"","9523","TC_24 [Vietnamese] - Verify each Recent Result card displays the correct result text and score","Team Details Page [Vietnamese]","2026-08-26","passed","2026-08-26","","4. Recent Results [Vietnamese]","",""
"","18613","TC_43 [English] - Verify clicking TikTok row redirects to the TikTok profile in a new tab","Profile Page (English)","2026-08-26","broken","2026-08-26","","8. Community Tab – Social Redirections","",""
"","171","TC_20 [English] - Verify stat rows display numeric comparison values for both teams","Recent Match Details Page [English]","2026-08-26","passed","2026-08-26","","5. Stats Tab [English]","",""
"","1609","TC_23 [English] - Verify all four main page sections are displayed on the Landing page","Landing Page Validation (English)","2026-08-26","passed","2026-08-26","","","",""
"","1401","TC_15 [English] - Verify Alerts card with FIFA World Cup 2026™ match info is displayed","Landing Page Validation (English)","2026-08-26","passed","2026-08-26","","","",""
"","4483","TC_24 [Vietnamese] - Verify Knockout tab presence and Standings tab content on CONMEBOL Libertadores 2026 page","Tournament Pages [Vietnamese]","2026-08-26","passed","2026-08-26","","CONMEBOL Libertadores 2026 [Vietnamese]","",""
"","18632","TC_33 [English] — Back button at each step returns to previous step, not forward in flow","E2E Journey (English)","2026-08-26","passed","2026-08-26","","","",""
"","6155","TC_01 [Vietnamese] — Guest user can access the Dashboard directly and the Login/Signup CTA is displayed in the header","Organic Signup Journey (Vietnamese)","2026-08-26","passed","2026-08-26","","Guest Dashboard","",""
"","5819","TC_16 [Vietnamese] - Verify navigation to MLS 2026 and URL/heading are correct","Tournament Pages [Vietnamese]","2026-08-26","passed","2026-08-26","","MLS 2026 [Vietnamese]","",""
"","52756","TC_22 [Vietnamese] — Submitting an expired OTP is rejected with an appropriate error message","OTP Verification [Vietnamese]","2026-08-26","failed","2026-08-26","","","",""
"","218","TC_27 [English] — Clicking the Welcome CTA redirects to the Dashboard","Blue Moon — Welcome Page (existing/login number) (English)","2026-08-26","passed","2026-08-26","","","",""
"","25823","TC_36 [Vietnamese] — Language (Vietnamese) persists consistently across all steps of the journey","E2E Journey [Vietnamese]","2026-08-26","broken","2026-08-26","","","",""
"","5080","TC_29 [English] - Verify Overview and Matches tabs display content on Int. Friendly Games 2026 page","Tournament Pages [English]","2026-08-26","passed","2026-08-26","","Int. Friendly Games 2026 [English]","",""
"","1991","TC_02 [English] — Clicking the first Signup CTA navigates to the Signup Details page","Blue Moon — Landing Page (English)","2026-08-26","passed","2026-08-26","","","",""
"","553","TC_12 [English] - Language switch keeps user on /terms (no re-login required)","Terms of Use (English)","2026-08-26","passed","2026-08-26","","","",""
"","5220","TC_06 [English] — Country code selector allows changing the default country code to another country","Organic Signup Journey (English)","2026-08-26","passed","2026-08-26","","Login/Join Page","",""
"","2625","TC_20 [Vietnamese] - Verify clicking the Login/Signup button redirects the user to the Login/Signup page","Dashboard Validation (Vietnamese)","2026-08-26","passed","2026-08-26","","","",""
"","2898","TC_15 [English] - Verify clicking Cookie Policy redirects to the Cookie Policy page","Profile Page (English)","2026-08-26","passed","2026-08-26","","4. Account Tab","",""
"","128","TC_05 [Vietnamese] - Verify clicking Login/Signup button redirects to the Login/Registration page","Profile Page (Vietnamese)","2026-08-26","passed","2026-08-26","","2. Profile Header","",""
"","5310","TC_04 [Vietnamese] - Verify navigation to Africa Cup of Nations Qualification 2026 and URL/heading are correct","Tournament Pages [Vietnamese]","2026-08-26","passed","2026-08-26","","Africa Cup of Nations Qualification 2026 [Vietnamese]","",""
"","40043","TC_10 [Vietnamese] - Verify the user is redirected to the Login/Landing page after logout","Logout (Vietnamese)","2026-08-26","broken","2026-08-26","","2. Logout Execution & Redirect [Vietnamese]","",""
"","2996","TC_07 [Vietnamese] — Terms/Privacy links preserve the entered phone number","Details Page [Vietnamese]","2026-08-26","passed","2026-08-26","","","",""
"","10724","TC_22 [Vietnamese] — Submitting the already-registered phone number reaches OTP dispatch the same as any number (no duplicate-account path)","Organic Signup Journey (Vietnamese)","2026-08-26","passed","2026-08-26","","End-to-End Journeys — entry points reach OTP dispatch","",""
"","5271","TC04 [English] — Valid new phone triggers OTP dispatch and shows OTP verification page","Smoke Suite [English]","2026-08-26","passed","2026-08-26","","","",""
"","2889","TC_54 [English] - Verify Profile page displays correctly on the standard 360×740 viewport","Profile Page (English)","2026-08-26","passed","2026-08-26","","10. Edge Cases","",""
"","12047","TC_15 [Vietnamese] - Verify the favorite/star icon reacts to a tap","Team Details Page [Vietnamese]","2026-08-26","passed","2026-08-26","","2. Navigation & Header [Vietnamese]","",""
"","2825","TC_21 [English] - Verify Knockout tab presence and Standings tab content on J1 League 26/27 page","Tournament Pages [English]","2026-08-26","passed","2026-08-26","","J1 League 26/27 [English]","",""
"","5282","TC_23 [Vietnamese] - Verify Overview and Matches tabs display content on CONMEBOL Libertadores 2026 page","Tournament Pages [Vietnamese]","2026-08-26","passed","2026-08-26","","CONMEBOL Libertadores 2026 [Vietnamese]","",""
"","2894","TC01 [English] — Landing page loads successfully for a logged-out user","Smoke Suite [English]","2026-08-26","passed","2026-08-26","","","",""
"","3172","TC_11 [English] — Phone numbers with extra formatting characters (spaces, dashes, leading zero) are normalized consistently","Details Page [English]","2026-08-26","passed","2026-08-26","","","",""
"","5471","TC_06 [Vietnamese] — Country code selector allows changing the default country code to another country","Organic Signup Journey (Vietnamese)","2026-08-26","passed","2026-08-26","","Login/Join Page","",""
"","3391","TC_15 [English] - Verify Knockout tab presence and Standings tab content on K-League 1 2026 page","Tournament Pages [English]","2026-08-26","passed","2026-08-26","","K-League 1 2026 [English]","",""
"","2421","TC_18 [Vietnamese] - Verify clicking a Trending Series card navigates to the series detail page","Dashboard Validation (Vietnamese)","2026-08-26","passed","2026-08-26","","","",""
"","280","TC_06 [English] - Verify clicking Team 1 logo navigates to Team 1 details page and back returns to match","Recent Match Details Page [English]","2026-08-26","passed","2026-08-26","","2. Match Header [English]","",""
"","6647","TC08 [Vietnamese] — User is fully authenticated on Dashboard after completing signup","Smoke Suite [Vietnamese]","2026-08-26","passed","2026-08-26","","","",""
"","5099","TC_08 [English] - Verify Overview and Matches tabs display content on Brasileiro Serie B 2026 page","Tournament Pages [English]","2026-08-26","passed","2026-08-26","","Brasileiro Serie B 2026 [English]","",""
"","8071","TC_05 [English] — Page loads with heading, description, country code selector, phone field, Continue button and reCAPTCHA disclaimer","Organic Signup Journey (English)","2026-08-26","passed","2026-08-26","","Login/Join Page","",""
"","5178","TC_14 [Vietnamese] - Verify Overview and Matches tabs display content on K-League 1 2026 page","Tournament Pages [Vietnamese]","2026-08-26","passed","2026-08-26","","K-League 1 2026 [Vietnamese]","",""
"","5422","TC_21 [Vietnamese] — Back navigation returns to the Details page","OTP Verification [Vietnamese]","2026-08-26","passed","2026-08-26","","","",""
"","4299","TC_29 [English] - Verify language selection persists after page refresh","Profile Page (English)","2026-08-26","passed","2026-08-26","","5. Preferences Tab","",""
"","5998","TC_06 [Vietnamese] — Inline validation error is shown for an invalid/incomplete phone number","Details Page [Vietnamese]","2026-08-26","passed","2026-08-26","","","",""
"","24792","TC_25 [English] — An existing/login number goes DIRECTLY to the Welcome page (Download App page is skipped)","Blue Moon — OTP Page (English)","2026-08-26","broken","2026-08-26","","","",""
"","570","TC_13 [Vietnamese] — ""Verify OTP""/""Xác minh OTP"" button remains disabled until all 6 digits are entered","Organic Signup Journey (Vietnamese)","2026-08-26","passed","2026-08-26","","OTP Page — submission and display","",""
"","6189","TC_01 [English] — Guest user can access the Dashboard directly and the Login/Signup CTA is displayed in the header","Organic Signup Journey (English)","2026-08-26","passed","2026-08-26","","Guest Dashboard","",""
"","5862","TC_16 [English] - Verify navigation to MLS 2026 and URL/heading are correct","Tournament Pages [English]","2026-08-26","passed","2026-08-26","","MLS 2026 [English]","",""
"","918","TC_40 [English] — Verify OTP button stays disabled until the 6th digit is entered, then a submission is triggered","OTP Verification — Wrong-Attempt Tests [English]","2026-08-26","passed","2026-08-26","","","",""
"","1642","TC_17 [Vietnamese] — Login/Signup CTA is no longer displayed after successful login, and a profile avatar is shown instead","Organic Signup Journey (Vietnamese)","2026-08-26","passed","2026-08-26","","Post-Login Dashboard and Settings","",""
"","3039","TC_03 [English] - Verify Knockout tab presence and Standings tab content on Canadian Premier League 2026 page","Tournament Pages [English]","2026-08-26","passed","2026-08-26","","Canadian Premier League 2026 [English]","",""
"","124","TC_26 [English] — Reached directly after OTP for an existing account, with the Welcome CTA visible","Blue Moon — Welcome Page (existing/login number) (English)","2026-08-26","passed","2026-08-26","","","",""
"","10691","TC_36 [English] — User who exits at Link Telegram can resume onboarding on return","E2E Journey (English)","2026-08-26","passed","2026-08-26","","","",""
"","3036","TC_11 [Vietnamese] — Valid phone number triggers OTP dispatch and navigates to the OTP verification page","Organic Signup Journey (Vietnamese)","2026-08-26","passed","2026-08-26","","OTP Page — submission and display","",""
"","2872","TC_19 [Vietnamese] - Verify clicking an Upcoming match card navigates to the match detail page","Dashboard Validation (Vietnamese)","2026-08-26","passed","2026-08-26","","","",""
"","175","TC_06 [English] - Verify Account, Preferences and Community tabs are all displayed and enabled","Profile Page (English)","2026-08-26","passed","2026-08-26","","3. Tab Navigation","",""
"","26301","TC_37 [Vietnamese] — User who exits at Link Telegram can resume onboarding on return","E2E Journey [Vietnamese]","2026-08-26","broken","2026-08-26","","","",""
"","4403","TC_01 [Vietnamese] - Verify Dashboard URL","Dashboard Validation (Vietnamese)","2026-08-26","passed","2026-08-26","","","",""
"","8448","TC_15 [English] — Entering an incorrect OTP displays an error and allows the user to retry","Organic Signup Journey (English)","2026-08-26","passed","2026-08-26","","OTP Page — incorrect code","",""
"","2747","TC_02 [Vietnamese] - Verify Dashboard Logo is displayed","Dashboard Validation (Vietnamese)","2026-08-26","passed","2026-08-26","","","",""
"","1608","TC_17 [English] — Login/Signup CTA is no longer displayed after successful login, and a profile avatar is shown instead","Organic Signup Journey (English)","2026-08-26","passed","2026-08-26","","Post-Login Dashboard and Settings","",""
"","3085","TC_11 [English] — Valid phone number triggers OTP dispatch and navigates to the OTP verification page","Organic Signup Journey (English)","2026-08-26","passed","2026-08-26","","OTP Page — submission and display","",""
"","2405","TC01 [Vietnamese] — Landing page loads successfully for a logged-out user","Smoke Suite [Vietnamese]","2026-08-26","passed","2026-08-26","","","",""
"","2187","TC_11 [Vietnamese] — Phone numbers with extra formatting characters (spaces, dashes, leading zero) are normalized consistently","Details Page [Vietnamese]","2026-08-26","passed","2026-08-26","","","",""
"","2391","TC_32 [English] - Verify an invalid/non-existent team slug is handled gracefully","Team Details Page [English]","2026-08-26","passed","2026-08-26","","6. Data Integrity [English]","",""
"","637","TC_05 [English] - No leftover Vietnamese diacritics in English page","Privacy Policy (English)","2026-08-26","passed","2026-08-26","","","",""
"","32958","TC_26 [Vietnamese] - Verify tapping a Recent Result card navigates to that match's Match Details page","Team Details Page [Vietnamese]","2026-08-26","passed","2026-08-26","","4. Recent Results [Vietnamese]","",""
"","480","TC_11 [English] - No horizontal overflow on mobile viewport","Terms of Use (English)","2026-08-26","passed","2026-08-26","","","",""
"","9439","TC_28 [Vietnamese] - Verify the Competitions section lists tournaments the team has participated in","Team Details Page [Vietnamese]","2026-08-26","passed","2026-08-26","","5. Competitions [Vietnamese]","",""
"","30130","TC_29 [English] - Verify standings table shows at least 4 team entries","Recent Match Details Page [English]","2026-08-26","failed","2026-08-26","","8. Rankings Tab [English]","",""
"","23180","TC_10 [English] — Repeated rapid Sign Up submissions are rate-limited or accepted","Details Page [English]","2026-08-26","passed","2026-08-26","","","",""
"","26315","TC_38 [English] — Signup journey renders and functions correctly on a mobile viewport","E2E Journey [English]","2026-08-26","broken","2026-08-26","","","",""
"","4390","TC_48 [English] - Verify rapid tab switching does not cause content overlap or errors","Profile Page (English)","2026-08-26","passed","2026-08-26","","9. Tab Switching","",""
"","3252","TC_04 [English] - Verify Dashboard Filters are displayed","Dashboard Validation (English)","2026-08-26","passed","2026-08-26","","","",""
"","23122","TC_08 [Vietnamese] — Submitting a phone number already associated with an existing account is handled appropriately","Details Page [Vietnamese]","2026-08-26","broken","2026-08-26","","","",""
"","9309","TC_17 [English] - Verify the team crest/flag icon displays correctly","Team Details Page [English]","2026-08-26","passed","2026-08-26","","2. Navigation & Header [English]","",""
"","38446","TC_17 [Vietnamese] - Verify clicking a Today Match card navigates to the match detail page","Dashboard Validation (Vietnamese)","2026-08-26","broken","2026-08-26","","","",""
"","6170","TC07 [Vietnamese] — ""Đi tới sportsfc.fans →"" on Welcome page navigates to the Dashboard","Smoke Suite [Vietnamese]","2026-08-26","passed","2026-08-26","","","",""
"","3938","TC_02 [English] - Verify Profile page is accessible via the Settings icon in the navigation","Profile Page (English)","2026-08-26","passed","2026-08-26","","1. Page Load","",""
"","6663","TC08 [English] — User is fully authenticated on Dashboard after completing signup","Smoke Suite [English]","2026-08-26","passed","2026-08-26","","","",""
"","9817","TC_03 [Vietnamese] - Verify Team Details page is reachable and loads correctly from Brasileiro Serie B 2026","Team Details Page [Vietnamese]","2026-08-26","passed","2026-08-26","","1. Cross-Tournament Reachability [Vietnamese]","",""
"","257","TC_28 [Vietnamese] - Verify Rankings tab label and standings section heading text are correct","Recent Match Details Page [Vietnamese]","2026-08-26","passed","2026-08-26","","8. Rankings Tab [Vietnamese]","",""
"","31","TC_15 [English] — Resend OTP shows a countdown immediately after the OTP is sent","OTP Verification [English]","2026-08-26","passed","2026-08-26","","","",""
"","2114","TC_26 [Vietnamese] - Verify Play by Play section contains goal event entries","Recent Match Details Page [Vietnamese]","2026-08-26","passed","2026-08-26","","6. Play by Play Tab [Vietnamese]","",""
"","7029","TC_06 [Vietnamese] - Verify a confirmation popup appears when Logout is clicked","Logout (Vietnamese)","2026-08-26","passed","2026-08-26","","1. Logout Control Visibility & Non-Destructive Popup Checks [Vietnamese]","",""
"","3025","TC_53 [Vietnamese] - Verify no JavaScript console errors appear across all three tabs","Profile Page (Vietnamese)","2026-08-26","passed","2026-08-26","","10. Edge Cases","",""
"","230","TC_32 [Vietnamese] - Verify guest user name and Login/Signup button update to English after language switch","Profile Page (Vietnamese)","2026-08-26","passed","2026-08-26","","6. Guest User","",""
"","81908","TC_09 [English] - Verify Ok/Yes on the logout confirmation popup logs the user out","Logout (English)","2026-08-26","failed","2026-08-26","","2. Logout Execution & Redirect","",""
"","5893","TC_28 [English] — The existing/login number can be reused for another full login without Firebase cleanup","Blue Moon — Welcome Page (existing/login number) (English)","2026-08-26","passed","2026-08-26","","","",""
"","1167","TC_10 [English] — A valid name is accepted","Blue Moon — Signup Details Page (English)","2026-08-26","passed","2026-08-26","","","",""
"","207","TC_08 [Vietnamese] - Verify all four tabs (Lineups, Stats, Play by Play, Rankings) are displayed and Lineups is the default active tab","Recent Match Details Page [Vietnamese]","2026-08-26","passed","2026-08-26","","3. Match Detail Tabs [Vietnamese]","",""
"","2013","TC_05 [English] — Country code dropdown shows a default value and opens to a scrollable country list","Blue Moon — Signup Details Page (English)","2026-08-26","passed","2026-08-26","","","",""
"","2866","TC_54 [Vietnamese] - Verify Profile page displays correctly on the standard 360×740 viewport","Profile Page (Vietnamese)","2026-08-26","passed","2026-08-26","","10. Edge Cases","",""
"","3001","TC17 [Vietnamese] — Completed match header shows logos, team names and competition name","Smoke Suite [Vietnamese]","2026-08-26","passed","2026-08-26","","","",""
"","9675","TC_14 [Vietnamese] — Entering the correct OTP redirects directly to the Dashboard as a logged-in user, with no Telegram-link or Welcome step","Organic Signup Journey (Vietnamese)","2026-08-26","passed","2026-08-26","","OTP Page — correct verification","",""
"","4595","TC04 [Vietnamese] — Valid new phone triggers OTP dispatch and shows OTP verification page","Smoke Suite [Vietnamese]","2026-08-26","passed","2026-08-26","","","",""
"","11130","TC_20 [English] — Expired or invalid OTP is rejected with error","OTP Verification (English)","2026-08-26","passed","2026-08-26","","","",""
"","5241","TC_18 [English] — Resend OTP after the countdown expires sends a new OTP and resets the timer","OTP Verification [English]","2026-08-26","passed","2026-08-26","","","",""
"","202","TC_14 [Vietnamese] - Verify Team Statistics section shows numeric stat comparison values","Recent Match Details Page [Vietnamese]","2026-08-26","passed","2026-08-26","","5. Stats Tab [Vietnamese]","",""
"","4350","TC_40 [Vietnamese] - Verify clicking Telegram row redirects to the Telegram channel in a new tab","Profile Page (Vietnamese)","2026-08-26","passed","2026-08-26","","8. Community Tab – Social Redirections","",""
"","5187","TC_19 [English] - Verify navigation to J1 League 26/27 and URL/heading are correct","Tournament Pages [English]","2026-08-26","passed","2026-08-26","","J1 League 26/27 [English]","",""
"","2378","TC_30 [Vietnamese] - Verify Knockout tab presence and Standings tab content on Int. Friendly Games 2026 page","Tournament Pages [Vietnamese]","2026-08-26","passed","2026-08-26","","Int. Friendly Games 2026 [Vietnamese]","",""
"","5554","TC_08 [English] — Submitting a phone number already associated with an existing account is handled appropriately","Details Page [English]","2026-08-26","passed","2026-08-26","","","",""
"","1454","TC09 [Vietnamese] — Guest user can access Dashboard page successfully","Smoke Suite [Vietnamese]","2026-08-26","passed","2026-08-26","","","",""
"","5721","TC_17 [English] - Verify Overview and Matches tabs display content on MLS 2026 page","Tournament Pages [English]","2026-08-26","passed","2026-08-26","","MLS 2026 [English]","",""
"","5550","TC_13 [Vietnamese] - Verify navigation to K-League 1 2026 and URL/heading are correct","Tournament Pages [Vietnamese]","2026-08-26","passed","2026-08-26","","K-League 1 2026 [Vietnamese]","",""
"","11158","TC_20 [Vietnamese] — Header Login/Signup CTA path reaches OTP dispatch","Organic Signup Journey (Vietnamese)","2026-08-26","passed","2026-08-26","","End-to-End Journeys — entry points reach OTP dispatch","",""
