"DESCRIPTION","DURATION IN MS","NAME","PARENT SUITE","START TIME","STATUS","STOP TIME","SUB SUITE","SUITE","TEST CLASS","TEST METHOD"
"","121","TC_18 [Vietnamese] - Verify Profile header Login/Signup button remains visible and functional on Account tab","Profile Page (Vietnamese)","2026-09-02","passed","2026-09-02","","4. Account Tab","",""
"","1074","TC_08 [English] - Marketing opt-out / unsubscribe wording is present","Privacy Policy (English)","2026-09-02","passed","2026-09-02","","","",""
"","25719","TC_36 [English] — Language (English) persists consistently across all steps of the journey","E2E Journey [English]","2026-09-02","broken","2026-09-02","","","",""
"","1153","TC_10 [English] — A valid name is accepted","Blue Moon — Signup Details Page (English)","2026-09-02","passed","2026-09-02","","","",""
"","1873","TC29 [English] — Account, Preferences and Community sections are present and navigable","Smoke Suite [English]","2026-09-02","passed","2026-09-02","","","",""
"","2801","TC_32 [Vietnamese] - Verify Overview and Matches tabs display content on Club Friendly Games 2026 page","Tournament Pages [Vietnamese]","2026-09-02","passed","2026-09-02","","Club Friendly Games 2026 [Vietnamese]","",""
"","2603","TC_53 [English] - Verify the Beat SFC section is NOT displayed on Settings > Account tab for a logged-out user","Beat SFC [English]","2026-09-02","passed","2026-09-02","","Settings - Account Tab - Beat SFC Section (Guest) [English]","",""
"","5042","TC_05 [Vietnamese] — Inline validation error is shown when Sign Up is clicked with an empty phone number field","Details Page [Vietnamese]","2026-09-02","passed","2026-09-02","","","",""
"","1696","TC_08 [English] - Verify all four feature cards are displayed","Landing Page Validation (English)","2026-09-02","passed","2026-09-02","","","",""
"","209","TC_07 [Vietnamese] - Verify all four tabs are displayed and Overview is active by default","Upcoming Match Details Page [Vietnamese]","2026-09-02","passed","2026-09-02","","3. Match Detail Tabs [Vietnamese]","",""
"","2860","TC_45 [English] - Verify Profile page URL is correct after navigating away to Dashboard and returning","Profile Page (English)","2026-09-02","passed","2026-09-02","","9. Tab Switching","",""
"","222","TC_36 [Vietnamese] - Verify standings shows a team name for each of at least 4 teams","Upcoming Match Details Page [Vietnamese]","2026-09-02","passed","2026-09-02","","8. Rankings Tab [Vietnamese]","",""
"","7080","TC_30 [English] - Verify the Competitions list remains reachable when scrolled","Team Details Page [English]","2026-09-02","passed","2026-09-02","","5. Competitions [English]","",""
"","3196","TC_04 [English] - Verify Dashboard Filters are displayed","Dashboard Validation (English)","2026-09-02","passed","2026-09-02","","","",""
"","69","TC_05 [Vietnamese] - Verify Full Time (FT/KT) status indicator is shown in match header","Recent Match Details Page [Vietnamese]","2026-09-02","passed","2026-09-02","","2. Match Header [Vietnamese]","",""
"","2899","TC_02 [English] - Verify Overview and Matches tabs display content on Canadian Premier League 2026 page","Tournament Pages [English]","2026-09-02","passed","2026-09-02","","Canadian Premier League 2026 [English]","",""
"","4669","TC_02 [English] - Verify Back button navigates user back to the Dashboard","Recent Match Details Page [English]","2026-09-02","passed","2026-09-02","","1. Navigation [English]","",""
"","2877","TC_40 [Vietnamese] - Verify clicking Telegram row redirects to the Telegram channel in a new tab","Profile Page (Vietnamese)","2026-09-02","passed","2026-09-02","","8. Community Tab – Social Redirections","",""
"","1485","TC_14 [English] - Verify Prediction card with Argentina and France data is displayed","Landing Page Validation (English)","2026-09-02","passed","2026-09-02","","","",""
"","3615","TC_19 [Vietnamese] - Verify clicking an Upcoming match card navigates to the match detail page","Dashboard Validation (Vietnamese)","2026-09-02","passed","2026-09-02","","","",""
"","3700","TC_20 [Vietnamese] - Verify clicking the Login/Signup button redirects the user to the Login/Signup page","Dashboard Validation (Vietnamese)","2026-09-02","passed","2026-09-02","","","",""
"","3185","TC_09 [English] - Verify View All option is displayed in the Recent Results section and user is redirected to the Recent Results page after clicking it","Dashboard Validation (English)","2026-09-02","passed","2026-09-02","","","",""
"","24595","TC_21 [Vietnamese] — Profile icon > Preferences tab CTA path reaches OTP dispatch","Organic Signup Journey (Vietnamese)","2026-09-02","passed","2026-09-02","","End-to-End Journeys — entry points reach OTP dispatch","",""
"","778","TC_41 [English] — Incorrect OTP shows an error and allows the user to retry","OTP Verification — Wrong-Attempt Tests [English]","2026-09-02","passed","2026-09-02","","","",""
"","1487","TC09 [English] — Guest user can access Dashboard page successfully","Smoke Suite [English]","2026-09-02","passed","2026-09-02","","","",""
"","2790","TC_15 [English] — Continue stays disabled when the T&C checkbox is unchecked, even with valid Name + Mobile","Blue Moon — Signup Details Page (English)","2026-09-02","passed","2026-09-02","","","",""
"","120410","TC_03 [Vietnamese] - Verify header shows team logos, team names, competition name and date/time","Upcoming Match Details Page [Vietnamese]","2026-09-02","broken","2026-09-02","","2. Match Header [Vietnamese]","",""
"","1757","TC_05 [English] — Country code dropdown shows a default value and opens to a scrollable country list","Blue Moon — Signup Details Page (English)","2026-09-02","passed","2026-09-02","","","",""
"","4299","TC15 [Vietnamese] — Upcoming match header shows logos, team names, competition and date/time","Smoke Suite [Vietnamese]","2026-09-02","passed","2026-09-02","","","",""
"","536","TC_24 [Vietnamese] - Verify clicking Play by Play tab loads match event content","Recent Match Details Page [Vietnamese]","2026-09-02","passed","2026-09-02","","6. Play by Play Tab [Vietnamese]","",""
"","1655","TC_06 [English] - Verify hero description text element is displayed","Landing Page Validation (English)","2026-09-02","passed","2026-09-02","","","",""
"","7956","TC_02 [Vietnamese] - Verify Team Details page is reachable and loads correctly from Africa Cup of Nations Qualification 2026","Team Details Page [Vietnamese]","2026-09-02","passed","2026-09-02","","1. Cross-Tournament Reachability [Vietnamese]","",""
"","5415","TC_20 [English] — Expired or invalid OTP is rejected with error","OTP Verification (English)","2026-09-02","passed","2026-09-02","","","",""
"","3219","TC_32 [English] - Verify 'BEAT SFC · CASE YOUR VOTE!' (Cast Your Vote) section displays correctly","Beat SFC [English]","2026-09-02","passed","2026-09-02","","Match Details - Beat Aiko Widgets (Pre-login) [English]","",""
"","10298","TC_22 [English] - Verify Match Information section shows match date and venue details","Recent Match Details Page [English]","2026-09-02","broken","2026-09-02","","5. Stats Tab [English]","",""
"","5637","TC_04 [English] - Verify navigation to Africa Cup of Nations Qualification 2026 and URL/heading are correct","Tournament Pages [English]","2026-09-02","passed","2026-09-02","","Africa Cup of Nations Qualification 2026 [English]","",""
"","200","TC_19 [English] - Verify each team pitch shows exactly 11 players","Upcoming Match Details Page [English]","2026-09-02","failed","2026-09-02","","5. Lineups Tab [English]","",""
"","2918","TC_26 [English] - Verify Overview and Matches tabs display content on Brasileiro Serie A 2026 page","Tournament Pages [English]","2026-09-02","passed","2026-09-02","","Brasileiro Serie A 2026 [English]","",""
"","1539","TC_15 [English] - Verify Alerts card with FIFA World Cup 2026™ match info is displayed","Landing Page Validation (English)","2026-09-02","passed","2026-09-02","","","",""
"","4244","TC_16 [English] - Verify all three Data & Privacy links redirect to their correct pages when clicked in sequence","Profile Page (English)","2026-09-02","passed","2026-09-02","","4. Account Tab","",""
"","8552","TC_06 [English] - Verify Team Details page is reachable and loads correctly from MLS 2026","Team Details Page [English]","2026-09-02","passed","2026-09-02","","1. Cross-Tournament Reachability [English]","",""
"","3273","TC_35 [Vietnamese] - Verify 'ĐÁNH BẠI SFC · BẠN NGHĨ SAO?' section displays correctly","Beat SFC [Vietnamese]","2026-09-02","passed","2026-09-02","","Match Details - Beat Aiko Widgets (Pre-login) [Vietnamese]","",""
"","21526","TC_29 [English] - Verify language selection persists after page refresh","Profile Page (English)","2026-09-02","failed","2026-09-02","","5. Preferences Tab","",""
"","10688","TC_15 [Vietnamese] - Verify the favorite/star icon reacts to a tap","Team Details Page [Vietnamese]","2026-09-02","passed","2026-09-02","","2. Navigation & Header [Vietnamese]","",""
"","82","TC_12 [English] - Verify Privacy Policy row is displayed and clickable","Profile Page (English)","2026-09-02","passed","2026-09-02","","4. Account Tab","",""
"","7197","TC_10 [Vietnamese] - Verify Team Details page is reachable and loads correctly from Int. Friendly Games 2026","Team Details Page [Vietnamese]","2026-09-02","passed","2026-09-02","","1. Cross-Tournament Reachability [Vietnamese]","",""
"","1602","TC_13 [Vietnamese] - Verify clicking Privacy Policy redirects to the Privacy Policy page","Profile Page (Vietnamese)","2026-09-02","passed","2026-09-02","","4. Account Tab","",""
"","214","TC_31 [English] - Verify team names in match header match team names shown in Lineup tab","Upcoming Match Details Page [English]","2026-09-02","passed","2026-09-02","","7. Data Consistency [English]","",""
"","2247","TC_09 [Vietnamese] - Verify Ok/Yes on the logout confirmation popup logs the user out","Logout (Vietnamese)","2026-09-02","passed","2026-09-02","","2. Logout Execution & Redirect [Vietnamese]","",""
"","30823","TC_09 [English] - Verify user can switch between Lineups, Stats, Play by Play and Rankings tabs","Recent Match Details Page [English]","2026-09-02","broken","2026-09-02","","3. Match Detail Tabs [English]","",""
"","30077","TC_28 [English] - Verify Rankings tab label and standings section heading text are correct","Recent Match Details Page [English]","2026-09-02","broken","2026-09-02","","8. Rankings Tab [English]","",""
"","2960","TC_11 [English] — Valid phone number triggers OTP dispatch and navigates to the OTP verification page","Organic Signup Journey (English)","2026-09-02","passed","2026-09-02","","OTP Page — submission and display","",""
"","1492","TC_54 [Vietnamese] - Verify Profile page displays correctly on the standard 360×740 viewport","Profile Page (Vietnamese)","2026-09-02","passed","2026-09-02","","10. Edge Cases","",""
"","1757","TC_43 [English] — Repeated wrong OTP attempts trigger lockout or throttling","OTP Verification — Wrong-Attempt Tests [English]","2026-09-02","passed","2026-09-02","","","",""
"","2941","TC_38 [Vietnamese] - Verify clicking WhatsApp row redirects to the WhatsApp channel in a new tab","Profile Page (Vietnamese)","2026-09-02","passed","2026-09-02","","8. Community Tab – Social Redirections","",""
"","231","TC_20 [English] - Verify player name labels are visible on both team pitches","Upcoming Match Details Page [English]","2026-09-02","failed","2026-09-02","","5. Lineups Tab [English]","",""
"","370","TC_01 [Vietnamese] - Verify the Logout option is visible on the Account tab of Settings","Logout (Vietnamese)","2026-09-02","passed","2026-09-02","","1. Logout Control Visibility & Non-Destructive Popup Checks [Vietnamese]","",""
"","6665","TC08 [English] — User is fully authenticated on Dashboard after completing signup","Smoke Suite [English]","2026-09-02","passed","2026-09-02","","","",""
"","3630","TC_38 [English] - Verify clicking option '3' in What's Your Take triggers the Express Signup popup","Beat SFC [English]","2026-09-02","passed","2026-09-02","","Match Details - Beat Aiko Widgets (Pre-login) [English]","",""
"","3244","TC_07 [Vietnamese] - Verify View All option is displayed in the Upcoming section and user is redirected to the Upcoming Matches page after clicking it","Dashboard Validation (Vietnamese)","2026-09-02","passed","2026-09-02","","","",""
"","1139","TC_08 [English] — Non-numeric characters are rejected in the mobile number field","Blue Moon — Signup Details Page (English)","2026-09-02","passed","2026-09-02","","","",""
"","2860","TC_05 [Vietnamese] - Verify Overview and Matches tabs display content on Africa Cup of Nations Qualification 2026 page","Tournament Pages [Vietnamese]","2026-09-02","passed","2026-09-02","","Africa Cup of Nations Qualification 2026 [Vietnamese]","",""
"","202","TC_22 [Vietnamese] - Verify Team Statistics section shows stat comparison values","Upcoming Match Details Page [Vietnamese]","2026-09-02","passed","2026-09-02","","6. Stats Tab [Vietnamese]","",""
"","417","TC_20 [English] — Verify OTP stays disabled while the OTP input is empty or partially filled","Blue Moon — OTP Page (English)","2026-09-02","passed","2026-09-02","","","",""
"","619","TC_03 [Vietnamese] - Verify header shows team logos, team names and competition name","Recent Match Details Page [Vietnamese]","2026-09-02","passed","2026-09-02","","2. Match Header [Vietnamese]","",""
"","1614","TC09 [Vietnamese] — Guest user can access Dashboard page successfully","Smoke Suite [Vietnamese]","2026-09-02","passed","2026-09-02","","","",""
"","196","TC_06 [English] - Verify clicking Team 2 logo navigates to Team 2 details page and back returns to match","Upcoming Match Details Page [English]","2026-09-02","passed","2026-09-02","","2. Match Header [English]","",""
"","3172","TC_18 [English] - Verify clicking a Trending Series card navigates to the series detail page","Dashboard Validation (English)","2026-09-02","passed","2026-09-02","","","",""
"","31989","TC_16 [English] — Clicking ""Resend OTP""/""Gửi lại OTP"" after the countdown expires sends a new OTP and resets the timer","Organic Signup Journey (English)","2026-09-02","passed","2026-09-02","","OTP Page — resend","",""
"","5530","TC04 [English] — Valid new phone triggers OTP dispatch and shows OTP verification page","Smoke Suite [English]","2026-09-02","passed","2026-09-02","","","",""
"","5930","TC_22 [Vietnamese] - Verify navigation to CONMEBOL Libertadores 2026 and URL/heading are correct","Tournament Pages [Vietnamese]","2026-09-02","passed","2026-09-02","","CONMEBOL Libertadores 2026 [Vietnamese]","",""
"","8759","TC_14 [English] — Entering the correct OTP redirects directly to the Dashboard as a logged-in user, with no Telegram-link or Welcome step","Organic Signup Journey (English)","2026-09-02","passed","2026-09-02","","OTP Page — correct verification","",""
"","43","TC_09 [English] - Verify DATA & PRIVACY section heading is displayed correctly in the Account tab","Profile Page (English)","2026-09-02","passed","2026-09-02","","4. Account Tab","",""
"","1455","TC_15 [Vietnamese] - Verify clicking Cookie Policy redirects to the Cookie Policy page","Profile Page (Vietnamese)","2026-09-02","passed","2026-09-02","","4. Account Tab","",""
"","","TC_14 [English] - Verify selecting India (+91) from the Select Country modal updates the phone field and closes the modal","Beat SFC [English]","2026-09-02","unknown","","","Express Signup - Login/OTP Popup [English]","",""
"","205","TC_31 [Vietnamese] - Verify team names in match header match team names shown in Lineup tab","Upcoming Match Details Page [Vietnamese]","2026-09-02","passed","2026-09-02","","7. Data Consistency [Vietnamese]","",""
"","4975","TC_02 [English] - Verify Back button navigates user back to the Dashboard","Upcoming Match Details Page [English]","2026-09-02","passed","2026-09-02","","1. Navigation [English]","",""
"","5679","TC_01 [English] - Verify navigation to Canadian Premier League 2026 and URL/heading are correct","Tournament Pages [English]","2026-09-02","passed","2026-09-02","","Canadian Premier League 2026 [English]","",""
"","38897","TC20 [English] — Team Details page loads successfully via an upcoming match's team link","Smoke Suite [English]","2026-09-02","failed","2026-09-02","","","",""
"","2870","TC_14 [Vietnamese] - Verify Overview and Matches tabs display content on K-League 1 2026 page","Tournament Pages [Vietnamese]","2026-09-02","passed","2026-09-02","","K-League 1 2026 [Vietnamese]","",""
"","212","TC_26 [Vietnamese] - Verify Passing section heading is displayed","Upcoming Match Details Page [Vietnamese]","2026-09-02","passed","2026-09-02","","6. Stats Tab [Vietnamese]","",""
"","2919","TC_09 [English] - Verify Knockout tab presence and Standings tab content on Brasileiro Serie B 2026 page","Tournament Pages [English]","2026-09-02","passed","2026-09-02","","Brasileiro Serie B 2026 [English]","",""
"","2765","TC_14 [English] - Verify Overview and Matches tabs display content on K-League 1 2026 page","Tournament Pages [English]","2026-09-02","passed","2026-09-02","","K-League 1 2026 [English]","",""
"","2585","TC_32 [English] - Verify an invalid/non-existent team slug is handled gracefully","Team Details Page [English]","2026-09-02","passed","2026-09-02","","6. Data Integrity [English]","",""
"","5757","TC_01 [Vietnamese] - Verify navigation to Canadian Premier League 2026 and URL/heading are correct","Tournament Pages [Vietnamese]","2026-09-02","passed","2026-09-02","","Canadian Premier League 2026 [Vietnamese]","",""
"","55213","TC_38 [English] — Signup journey renders and functions correctly on a mobile viewport","E2E Journey [English]","2026-09-02","broken","2026-09-02","","","",""
"","6500","TC_29 [English] — Page displays correct heading, welcome message and CTA button","Welcome Page (English)","2026-09-02","passed","2026-09-02","","","",""
"","6603","TC_27 [English] - Verify an appropriate state is shown when the team has no recent results","Team Details Page [English]","2026-09-02","passed","2026-09-02","","4. Recent Results [English]","",""
"","1080","TC_18 [English] — The T&C checkbox has visible, legible consent text","Blue Moon — Signup Details Page (English)","2026-09-02","passed","2026-09-02","","","",""
"","214","TC_26 [English] - Verify Passing section heading is displayed","Upcoming Match Details Page [English]","2026-09-02","passed","2026-09-02","","6. Stats Tab [English]","",""
"","12022","TC28 [Vietnamese] — Confirming the logout popup is accepted without error","Smoke Suite [Vietnamese]","2026-09-02","passed","2026-09-02","","TC27-TC28 — Logout [Vietnamese]","",""
"","3416","TC_24 [English] - Verify Knockout tab presence and Standings tab content on CONMEBOL Libertadores 2026 page","Tournament Pages [English]","2026-09-02","passed","2026-09-02","","CONMEBOL Libertadores 2026 [English]","",""
"","7904","TC_04 [Vietnamese] - Verify Team Details page is reachable and loads correctly from CONMEBOL Sudamericana 2026","Team Details Page [Vietnamese]","2026-09-02","passed","2026-09-02","","1. Cross-Tournament Reachability [Vietnamese]","",""
"","5983","TC_08 [English] — Submitting a phone number already associated with an existing account is handled appropriately","Details Page [English]","2026-09-02","passed","2026-09-02","","","",""
"","","TC_10 [Vietnamese] - Verify 'Continue' button is disabled when the phone number field is empty","Beat SFC [Vietnamese]","2026-09-02","unknown","","","Express Signup - Login/OTP Popup [Vietnamese]","",""
"","6864","TC_24 [Vietnamese] - Verify each Recent Result card displays the correct result text and score","Team Details Page [Vietnamese]","2026-09-02","passed","2026-09-02","","4. Recent Results [Vietnamese]","",""
"","7086","TC_28 [English] - Verify the Competitions section lists tournaments the team has participated in","Team Details Page [English]","2026-09-02","passed","2026-09-02","","5. Competitions [English]","",""
"","7185","TC_15 [English] — Entering an incorrect OTP displays an error and allows the user to retry","Organic Signup Journey (English)","2026-09-02","passed","2026-09-02","","OTP Page — incorrect code","",""
"","844","TC_40 [Vietnamese] — Verify OTP button stays disabled until the 6th digit is entered, then a submission is triggered","OTP Verification — Wrong-Attempt Tests [Vietnamese]","2026-09-02","passed","2026-09-02","","","",""
"","2267","TC_06 [English] — Selecting India (+91) updates the mobile field prefix","Blue Moon — Signup Details Page (English)","2026-09-02","passed","2026-09-02","","","",""
"","3766","TC_30 [Vietnamese] - Verify clicking 'Hòa' (Draw) in Guess the Winner triggers the Express Signup popup","Beat SFC [Vietnamese]","2026-09-02","passed","2026-09-02","","Match Details - Beat Aiko Widgets (Pre-login) [Vietnamese]","",""
"","44","TC_20 [English] - Verify Language section heading is displayed and section is expanded by default","Profile Page (English)","2026-09-02","passed","2026-09-02","","5. Preferences Tab","",""
"","16881","TC_44 [English] - Verify clicking YouTube row redirects to the YouTube channel in a new tab","Profile Page (English)","2026-09-02","broken","2026-09-02","","8. Community Tab – Social Redirections","",""
"","3118","TC_16 [Vietnamese] - Verify clicking the All Matches filter displays filtered match results","Dashboard Validation (Vietnamese)","2026-09-02","passed","2026-09-02","","","",""
"","2225","TC_03 [English] - Verify Back arrow navigates the user away from the Profile page","Profile Page (English)","2026-09-02","passed","2026-09-02","","1. Page Load","",""
"","1671","TC_10 [English] - Verify Personalisation interest chip images (FIFA WC™, Brazil, Neymar Jr.) are displayed","Landing Page Validation (English)","2026-09-02","passed","2026-09-02","","","",""
"","9417","TC_01 [Vietnamese] - Verify Team Details page is reachable and loads correctly from Canadian Premier League 2026","Team Details Page [Vietnamese]","2026-09-02","passed","2026-09-02","","1. Cross-Tournament Reachability [Vietnamese]","",""
"","5374","TC_19 [English] - Verify navigation to J1 League 26/27 and URL/heading are correct","Tournament Pages [English]","2026-09-02","passed","2026-09-02","","J1 League 26/27 [English]","",""
"","199","TC_21 [Vietnamese] - Verify Match Information section heading is displayed","Recent Match Details Page [Vietnamese]","2026-09-02","passed","2026-09-02","","5. Stats Tab [Vietnamese]","",""
"","","TC_03 [English] — Country code defaults to +91 (India) and the dropdown allows re-selection","Signup Journey — Join Page (English)","2026-09-02","unknown","","","","",""
"","16140","TC12 [Vietnamese] — Selecting a tournament from the competition list navigates to its page","Smoke Suite [Vietnamese]","2026-09-02","broken","2026-09-02","","","",""
"","3112","TC16 [English] — Clicking a completed match navigates to Match Details page","Smoke Suite [English]","2026-09-02","passed","2026-09-02","","","",""
"","7265","TC_32 [English] — Complete ""Maybe later"" path: join → OTP → skip Telegram → welcome → Dashboard","E2E Journey (English)","2026-09-02","passed","2026-09-02","","","",""
"","166","TC_16 [English] - Verify H2H section contains at least one past match entry","Upcoming Match Details Page [English]","2026-09-02","failed","2026-09-02","","4. Overview Tab [English]","",""
"","3510","TC_03 [Vietnamese] - Verify Profile Icon is displayed","Dashboard Validation (Vietnamese)","2026-09-02","passed","2026-09-02","","","",""
"","111","TC_34 [Vietnamese] - Verify the JOIN OUR PUBLIC CHANNELS section heading is displayed correctly","Profile Page (Vietnamese)","2026-09-02","passed","2026-09-02","","7. Community Tab","",""
"","10160","TC_16 [Vietnamese] - Verify tapping the favorite icon as a guest prompts sign-up/login","Team Details Page [Vietnamese]","2026-09-02","passed","2026-09-02","","2. Navigation & Header [Vietnamese]","",""
"","6464","TC_31 [English] — User is fully authenticated on Dashboard after completing signup","Welcome Page (English)","2026-09-02","passed","2026-09-02","","","",""
"","218","TC_14 [Vietnamese] - Verify Expected Goals section shows numeric xG values","Upcoming Match Details Page [Vietnamese]","2026-09-02","passed","2026-09-02","","4. Overview Tab [Vietnamese]","",""
"","13737","TC_34 [English] - Verify switching from one team's page to another's fully refreshes with no stale data","Team Details Page [English]","2026-09-02","passed","2026-09-02","","6. Data Integrity [English]","",""
"","1606","TC_11 [English] - Verify Personalisation section 'Sign Up' button is displayed and redirects correctly","Landing Page Validation (English)","2026-09-02","passed","2026-09-02","","","",""
"","7672","TC_07 [English] - Verify Team Details page is reachable and loads correctly from J1 League 26/27","Team Details Page [English]","2026-09-02","passed","2026-09-02","","1. Cross-Tournament Reachability [English]","",""
"","4615","TC_01 [Vietnamese] - Verify Dashboard URL","Dashboard Validation (Vietnamese)","2026-09-02","passed","2026-09-02","","","",""
"","2110","TC_07 [English] — A valid 10-digit Indian number is accepted with no validation error","Blue Moon — Signup Details Page (English)","2026-09-02","passed","2026-09-02","","","",""
"","5708","TC_22 [English] - Verify navigation to CONMEBOL Libertadores 2026 and URL/heading are correct","Tournament Pages [English]","2026-09-02","passed","2026-09-02","","CONMEBOL Libertadores 2026 [English]","",""
"","10167","TC_19 [English] — Resend OTP after countdown sends new OTP","OTP Verification (English)","2026-09-02","broken","2026-09-02","","","",""
"","7326","TC_09 [Vietnamese] — An inline validation error/disabled state is shown for an invalid/incomplete phone number","Organic Signup Journey (Vietnamese)","2026-09-02","passed","2026-09-02","","Login/Join Page","",""
"","2670","TC_15 [English] - Verify Knockout tab presence and Standings tab content on K-League 1 2026 page","Tournament Pages [English]","2026-09-02","passed","2026-09-02","","K-League 1 2026 [English]","",""
"","314","TC_04 [English] - Verify Profile header displays Guest username and Login/Signup button for guest user","Profile Page (English)","2026-09-02","passed","2026-09-02","","2. Profile Header","",""
"","23291","TC_09 [English] - Verify default country code is pre-selected based on geo-location","Beat SFC [English]","2026-09-02","failed","2026-09-02","","Express Signup - Login/OTP Popup [English]","",""
"","6912","TC_18 [Vietnamese] - Verify the team name and competition context line display correctly","Team Details Page [Vietnamese]","2026-09-02","passed","2026-09-02","","2. Navigation & Header [Vietnamese]","",""
"","7398","TC27 [Vietnamese] — Logout button is displayed, enabled and clicking it shows the confirmation popup","Smoke Suite [Vietnamese]","2026-09-02","passed","2026-09-02","","TC27-TC28 — Logout [Vietnamese]","",""
"","81274","TC_11 [English] - Verify Team Details page is reachable and loads correctly from Club Friendly Games 2026","Team Details Page [English]","2026-09-02","skipped","2026-09-02","","1. Cross-Tournament Reachability [English]","",""
"","114","TC_12 [English] — Page displays the exact phone number entered, 6 separate OTP boxes, and an active resend countdown","Organic Signup Journey (English)","2026-09-02","passed","2026-09-02","","OTP Page — submission and display","",""
"","32","TC_19 [English] — Resend OTP is disabled during the countdown and enables once it expires","Blue Moon — OTP Page (English)","2026-09-02","passed","2026-09-02","","","",""
"","124","TC_02 [English] - Verify the Logout button displays the correct label and icon","Logout (English)","2026-09-02","passed","2026-09-02","","1. Logout Control Visibility & Non-Destructive Popup Checks","",""
"","8635","TC_08 [Vietnamese] - Verify Team Details page is reachable and loads correctly from CONMEBOL Libertadores 2026","Team Details Page [Vietnamese]","2026-09-02","passed","2026-09-02","","1. Cross-Tournament Reachability [Vietnamese]","",""
"","315","TC_05 [English] - Verify clicking Login/Signup button redirects to the Login/Registration page","Profile Page (English)","2026-09-02","passed","2026-09-02","","2. Profile Header","",""
"","211","TC_27 [English] - Verify Passing section shows stat comparison values","Upcoming Match Details Page [English]","2026-09-02","passed","2026-09-02","","6. Stats Tab [English]","",""
"","250","TC_33 [English] - Verify standings table shows at least 4 team entries","Upcoming Match Details Page [English]","2026-09-02","failed","2026-09-02","","8. Rankings Tab [English]","",""
"","3896","TC_36 [Vietnamese] - Verify clicking option '1' in What's Your Take triggers the Express Signup popup","Beat SFC [Vietnamese]","2026-09-02","passed","2026-09-02","","Match Details - Beat Aiko Widgets (Pre-login) [Vietnamese]","",""
"","5260","TC_19 [Vietnamese] - Verify navigation to J1 League 26/27 and URL/heading are correct","Tournament Pages [Vietnamese]","2026-09-02","passed","2026-09-02","","J1 League 26/27 [Vietnamese]","",""
"","1861","TC_07 [English] - Cross-reference link to Terms of Use navigates correctly","Privacy Policy (English)","2026-09-02","passed","2026-09-02","","","",""
"","120405","TC_03 [English] - Verify header shows team logos, team names, competition name and date/time","Upcoming Match Details Page [English]","2026-09-02","broken","2026-09-02","","2. Match Header [English]","",""
"","1879","TC_12 [English] — Phone number field sanitizes/rejects script or injection-style input without executing it or causing errors","Details Page [English]","2026-09-02","passed","2026-09-02","","","",""
"","1497","TC_11 [Vietnamese] - Verify clicking Terms of Service redirects to the Terms of Service page","Profile Page (Vietnamese)","2026-09-02","passed","2026-09-02","","4. Account Tab","",""
"","268","TC_32 [Vietnamese] - Verify guest user name and Login/Signup button update to English after language switch","Profile Page (Vietnamese)","2026-09-02","passed","2026-09-02","","6. Guest User","",""
"","6775","TC_04 [English] — Phone accepts numeric input only and enforces correct digit length","Details Page [English]","2026-09-02","passed","2026-09-02","","","",""
"","25904","TC_36 [Vietnamese] — Language (Vietnamese) persists consistently across all steps of the journey","E2E Journey [Vietnamese]","2026-09-02","broken","2026-09-02","","","",""
"","8672","TC_01 [English] - Verify Team Details page is reachable and loads correctly from Canadian Premier League 2026","Team Details Page [English]","2026-09-02","passed","2026-09-02","","1. Cross-Tournament Reachability [English]","",""
"","2955","TC_23 [English] - Verify Overview and Matches tabs display content on CONMEBOL Libertadores 2026 page","Tournament Pages [English]","2026-09-02","passed","2026-09-02","","CONMEBOL Libertadores 2026 [English]","",""
"","188","TC_16 [English] - Verify Defense section shows numeric stat comparison values","Recent Match Details Page [English]","2026-09-02","passed","2026-09-02","","5. Stats Tab [English]","",""
"","907","TC_03 [English] - Company name (RICH ABLE DEVELOPMENTS LIMITED) and Samoa address are unchanged","Privacy Policy (English)","2026-09-02","passed","2026-09-02","","","",""
"","488","TC_08 [English] - Governing law (Samoa) jurisdiction clause is present","Terms of Use (English)","2026-09-02","passed","2026-09-02","","","",""
"","253","TC_07 [Vietnamese] - Verify clicking Team 2 logo navigates to Team 2 details page and back returns to match","Recent Match Details Page [Vietnamese]","2026-09-02","passed","2026-09-02","","2. Match Header [Vietnamese]","",""
"","222","TC_25 [Vietnamese] - Verify Goalkeeping section is displayed with Corners stat row","Upcoming Match Details Page [Vietnamese]","2026-09-02","passed","2026-09-02","","6. Stats Tab [Vietnamese]","",""
"","10760","TC_05 [Vietnamese] - Verify Team Details page is reachable and loads correctly from K-League 1 2026","Team Details Page [Vietnamese]","2026-09-02","passed","2026-09-02","","1. Cross-Tournament Reachability [Vietnamese]","",""
"","197","TC_32 [English] - Verify guest user name and Login/Signup button update to Vietnamese after language switch","Profile Page (English)","2026-09-02","passed","2026-09-02","","6. Guest User","",""
"","242","TC_25 [English] - Verify Goalkeeping section is displayed with Corners stat row","Upcoming Match Details Page [English]","2026-09-02","passed","2026-09-02","","6. Stats Tab [English]","",""
"","782","TC_11 [Vietnamese] - Verify protected pages are not accessible after logout via browser Back button","Logout (Vietnamese)","2026-09-02","passed","2026-09-02","","2. Logout Execution & Redirect [Vietnamese]","",""
"","1248","TC_08 [English] - Verify user can switch between Overview, Lineup, Stats and Ranking tabs","Upcoming Match Details Page [English]","2026-09-02","passed","2026-09-02","","3. Match Detail Tabs [English]","",""
"","269","TC_15 [Vietnamese] - Verify Head-to-Head (H2H) section heading is displayed","Upcoming Match Details Page [Vietnamese]","2026-09-02","passed","2026-09-02","","4. Overview Tab [Vietnamese]","",""
"","2838","TC_15 [Vietnamese] - Verify Knockout tab presence and Standings tab content on K-League 1 2026 page","Tournament Pages [Vietnamese]","2026-09-02","passed","2026-09-02","","K-League 1 2026 [Vietnamese]","",""
"","25934","TC_20 [Vietnamese] — Correct OTP navigates to the Link Telegram page","OTP Verification [Vietnamese]","2026-09-02","broken","2026-09-02","","","",""
"","82041","TC_11 [Vietnamese] - Verify Team Details page is reachable and loads correctly from Club Friendly Games 2026","Team Details Page [Vietnamese]","2026-09-02","skipped","2026-09-02","","1. Cross-Tournament Reachability [Vietnamese]","",""
"","3075","TC10 [Vietnamese] — Clicking the featured-competition promo banner navigates to that competition page","Smoke Suite [Vietnamese]","2026-09-02","passed","2026-09-02","","","",""
"","565","TC_01 [English] - Verify the Logout option is visible on the Account tab of Settings","Logout (English)","2026-09-02","passed","2026-09-02","","1. Logout Control Visibility & Non-Destructive Popup Checks","",""
"","31","TC_10 [English] - Verify the user is redirected to the Login/Landing page after logout","Logout (English)","2026-09-02","passed","2026-09-02","","2. Logout Execution & Redirect","",""
"","5199","TC_02 [Vietnamese] - Verify Back button navigates user back to the Dashboard","Upcoming Match Details Page [Vietnamese]","2026-09-02","passed","2026-09-02","","1. Navigation [Vietnamese]","",""
"","1558","TC_23 [English] — Directly navigating to the Link Telegram URL without OTP verification is not blocked [Known defect: route not protected]","OTP Verification [English]","2026-09-02","passed","2026-09-02","","","",""
"","1301","TC_53 [Vietnamese] - Verify the Beat SFC section is NOT displayed on Settings > Account tab for a logged-out user","Beat SFC [Vietnamese]","2026-09-02","passed","2026-09-02","","Settings - Account Tab - Beat SFC Section (Guest) [Vietnamese]","",""
"","513","TC_21 [English] — An incorrect OTP shows an error and keeps the user on the OTP page","Blue Moon — OTP Page (English)","2026-09-02","passed","2026-09-02","","","",""
"","507","TC_04 [English] - All 15 numbered sections are present","Privacy Policy (English)","2026-09-02","passed","2026-09-02","","","",""
"","5664","TC_16 [English] — Numeric only input and wrong OTP shows error","OTP Verification (English)","2026-09-02","passed","2026-09-02","","","",""
"","2440","TC_30 [Vietnamese] - Verify Knockout tab presence and Standings tab content on Int. Friendly Games 2026 page","Tournament Pages [Vietnamese]","2026-09-02","passed","2026-09-02","","Int. Friendly Games 2026 [Vietnamese]","",""
"","7204","TC08 [Vietnamese] — User is fully authenticated on Dashboard after completing signup","Smoke Suite [Vietnamese]","2026-09-02","passed","2026-09-02","","","",""
"","1696","TC_02 [English] — Clicking the first Signup CTA navigates to the Signup Details page","Blue Moon — Landing Page (English)","2026-09-02","passed","2026-09-02","","","",""
"","2037","TC_19 [Vietnamese] — No Login/Signup CTA is shown anywhere in Settings once the user is logged in","Organic Signup Journey (Vietnamese)","2026-09-02","passed","2026-09-02","","Post-Login Dashboard and Settings","",""
"","3345","TC_39 [English] — Direct URL to Dashboard page allows proceeding without being bounced to login (guest-accessible by design)","Welcome Page — Direct Access [English]","2026-09-02","passed","2026-09-02","","","",""
"","64","TC_26 [English] — Reached directly after OTP for an existing account, with the Welcome CTA visible","Blue Moon — Welcome Page (existing/login number) (English)","2026-09-02","passed","2026-09-02","","","",""
"","1430","TC_54 [English] - Verify Profile page displays correctly on the standard 360×740 viewport","Profile Page (English)","2026-09-02","passed","2026-09-02","","10. Edge Cases","",""
"","590","TC_17 [English] - Verify Terms of Service, Privacy Policy and Cookie Policy all redirect to unique pages","Profile Page (English)","2026-09-02","passed","2026-09-02","","4. Account Tab","",""
"","109","TC_25 [English] - Verify selecting English highlights it with a filled selection indicator","Profile Page (English)","2026-09-02","passed","2026-09-02","","5. Preferences Tab","",""
"","3223","TC_03 [English] — Country code selector defaults to +91 and can be changed to another country","Details Page [English]","2026-09-02","failed","2026-09-02","","","",""
"","250","TC_20 [Vietnamese] - Verify player name labels are visible on both team pitches","Upcoming Match Details Page [Vietnamese]","2026-09-02","failed","2026-09-02","","5. Lineups Tab [Vietnamese]","",""
"","3516","TC_02 [Vietnamese] — Clicking the Login/Signup CTA in the header navigates to the phone number entry page","Organic Signup Journey (Vietnamese)","2026-09-02","passed","2026-09-02","","Guest Dashboard","",""
"","5516","TC_10 [Vietnamese] - Verify navigation to CONMEBOL Sudamericana 2026 and URL/heading are correct","Tournament Pages [Vietnamese]","2026-09-02","passed","2026-09-02","","CONMEBOL Sudamericana 2026 [Vietnamese]","",""
"","7725","TC_03 [English] - Verify Team Details page is reachable and loads correctly from Brasileiro Serie B 2026","Team Details Page [English]","2026-09-02","passed","2026-09-02","","1. Cross-Tournament Reachability [English]","",""
"","7270","TC_10 [English] — Terms & privacy disclaimer is shown on the login splash; Continue is gated purely by phone validity (no separate checkbox in the current build)","Organic Signup Journey (English)","2026-09-02","passed","2026-09-02","","Login/Join Page","",""
"","3509","TC_05 [English] - Verify the Logout button is reachable and operable via keyboard","Logout (English)","2026-09-02","passed","2026-09-02","","1. Logout Control Visibility & Non-Destructive Popup Checks","",""
"","1771","TC_09 [English] - Cross-reference link to Privacy Policy navigates correctly","Terms of Use (English)","2026-09-02","passed","2026-09-02","","","",""
"","2569","TC_14 [English] — Continue stays disabled with only the mobile number filled","Blue Moon — Signup Details Page (English)","2026-09-02","passed","2026-09-02","","","",""
"","796","TC_41 [Vietnamese] — Incorrect OTP shows an error and allows the user to retry","OTP Verification — Wrong-Attempt Tests [Vietnamese]","2026-09-02","passed","2026-09-02","","","",""
"","1577","TC25 [Vietnamese] — Profile page loads successfully via direct URL","Smoke Suite [Vietnamese]","2026-09-02","passed","2026-09-02","","","",""
"","306","TC_34 [Vietnamese] - Verify standings displays position numbers 1 through 4","Upcoming Match Details Page [Vietnamese]","2026-09-02","passed","2026-09-02","","8. Rankings Tab [Vietnamese]","",""
"","6978","TC_10 [Vietnamese] — Terms & privacy disclaimer is shown on the login splash; Continue is gated purely by phone validity (no separate checkbox in the current build)","Organic Signup Journey (Vietnamese)","2026-09-02","passed","2026-09-02","","Login/Join Page","",""
"","5807","TC_25 [Vietnamese] - Verify navigation to Brasileiro Serie A 2026 and URL/heading are correct","Tournament Pages [Vietnamese]","2026-09-02","passed","2026-09-02","","Brasileiro Serie A 2026 [Vietnamese]","",""
"","9","TC_12 [Vietnamese] - Verify no leftover authenticated data is shown after logout completes","Logout (Vietnamese)","2026-09-02","passed","2026-09-02","","2. Logout Execution & Redirect [Vietnamese]","",""
"","2755","TC_32 [English] - Verify Overview and Matches tabs display content on Club Friendly Games 2026 page","Tournament Pages [English]","2026-09-02","passed","2026-09-02","","Club Friendly Games 2026 [English]","",""
"","19187","TC_04 [English] — Clicking the Login/Signup CTA on the Preferences tab navigates to the phone number entry page","Organic Signup Journey (English)","2026-09-02","passed","2026-09-02","","Guest Dashboard","",""
"","1086","TC_37 [English] — Direct URL to Dashboard page allows proceeding to Dashboard","Welcome Page — Direct Access (English)","2026-09-02","passed","2026-09-02","","","",""
"","2841","TC_07 [Vietnamese] — Terms/Privacy links preserve the entered phone number","Details Page [Vietnamese]","2026-09-02","passed","2026-09-02","","","",""
"","1761","TC_02 [English] - Verify Profile page is accessible via the Settings icon in the navigation","Profile Page (English)","2026-09-02","passed","2026-09-02","","1. Page Load","",""
"","2712","TC_01 [English] — Guest user can access the Dashboard directly and the Login/Signup CTA is displayed in the header","Organic Signup Journey (English)","2026-09-02","passed","2026-09-02","","Guest Dashboard","",""
"","6206","TC06 [English] — ""Maybe later"" on Link Telegram navigates to Welcome page without linking Telegram","Smoke Suite [English]","2026-09-02","passed","2026-09-02","","","",""
"","106","TC_23 [Vietnamese] - Verify Vietnamese language option displays 🇻🇳 flag and Tiếng Việt sub-label","Profile Page (Vietnamese)","2026-09-02","passed","2026-09-02","","5. Preferences Tab","",""
"","6807","TC_09 [English] — An inline validation error/disabled state is shown for an invalid/incomplete phone number","Organic Signup Journey (English)","2026-09-02","passed","2026-09-02","","Login/Join Page","",""
"","4981","TC_09 [Vietnamese] — Valid, new phone number triggers OTP dispatch and navigates to the OTP verification page","Details Page [Vietnamese]","2026-09-02","passed","2026-09-02","","","",""
"","6018","TC_26 [English] — Telegram-linked status: Connect CTA enabled; Skip path shows no Telegram link","Link Telegram (English)","2026-09-02","passed","2026-09-02","","","",""
"","2987","TC_02 [English] - Verify Dashboard Logo is displayed","Dashboard Validation (English)","2026-09-02","passed","2026-09-02","","","",""
"","2859","TC_06 [English] - Verify Today Matches, Trending Series, Upcoming Matches and Recent Results sections are displayed on the Dashboard page","Dashboard Validation (English)","2026-09-02","passed","2026-09-02","","","",""
"","64","TC_23 [English] - Verify Play by Play tab is displayed with correct label","Recent Match Details Page [English]","2026-09-02","passed","2026-09-02","","6. Play by Play Tab [English]","",""
"","3128","TC_10 [Vietnamese] - Verify Dashboard page is vertically scrollable","Dashboard Validation (Vietnamese)","2026-09-02","passed","2026-09-02","","","",""
"","3015","TC_11 [Vietnamese] - Verify Dashboard sections are displayed in the correct sequence","Dashboard Validation (Vietnamese)","2026-09-02","failed","2026-09-02","","","",""
"","7027","TC_23 [English] - Verify each Recent Result card displays flags/logos for both competing teams","Team Details Page [English]","2026-09-02","passed","2026-09-02","","4. Recent Results [English]","",""
"","136","TC_26 [Vietnamese] - Verify selecting Vietnamese highlights it with a filled selection indicator","Profile Page (Vietnamese)","2026-09-02","passed","2026-09-02","","5. Preferences Tab","",""
"","231","TC_15 [English] - Verify Defense section heading is displayed","Recent Match Details Page [English]","2026-09-02","passed","2026-09-02","","5. Stats Tab [English]","",""
"","6953","TC_13 [Vietnamese] - Verify the back arrow navigates to the previous page","Team Details Page [Vietnamese]","2026-09-02","passed","2026-09-02","","2. Navigation & Header [Vietnamese]","",""
"","1116","TC_02 [English] - Effective Date reads ""23 April 2026""","Privacy Policy (English)","2026-09-02","passed","2026-09-02","","","",""
"","6184","TC_35 [English] — Language (English) persists consistently across all steps of the journey","E2E Journey (English)","2026-09-02","passed","2026-09-02","","","",""
"","19305","TC_04 [Vietnamese] — Clicking the Login/Signup CTA on the Preferences tab navigates to the phone number entry page","Organic Signup Journey (Vietnamese)","2026-09-02","passed","2026-09-02","","Guest Dashboard","",""
"","3816","TC_36 [English] - Verify clicking option '1' in What's Your Take triggers the Express Signup popup","Beat SFC [English]","2026-09-02","passed","2026-09-02","","Match Details - Beat Aiko Widgets (Pre-login) [English]","",""
"","6077","TC_25 [English] — ""Maybe later"" navigates to the Welcome page","Link Telegram (English)","2026-09-02","passed","2026-09-02","","","",""
"","213","TC_36 [Vietnamese] - Verify all 7 social channel links are enabled and clickable in the Community tab","Profile Page (Vietnamese)","2026-09-02","passed","2026-09-02","","7. Community Tab","",""
"","15133","TC_34 [English] — Refreshing the OTP page ends the pending code; refreshing after verification retains the session","E2E Journey (English)","2026-09-02","broken","2026-09-02","","","",""
"","879","TC_27 [English] - Verify only one language can be selected at a time (mutual exclusion)","Profile Page (English)","2026-09-02","passed","2026-09-02","","5. Preferences Tab","",""
"","1484","TC_23 [English] — A logged-in user directly navigating to the login/join URL is redirected to the Dashboard instead of the phone entry page","Organic Signup Journey (English)","2026-09-02","passed","2026-09-02","","Post-Login Dashboard and Settings","",""
"","1771","TC_43 [Vietnamese] — Repeated wrong OTP attempts trigger lockout or throttling","OTP Verification — Wrong-Attempt Tests [Vietnamese]","2026-09-02","passed","2026-09-02","","","",""
"","577","TC_11 [English] - Language switch keeps user on /privacy (no re-login required)","Privacy Policy (English)","2026-09-02","passed","2026-09-02","","","",""
"","1590","TC_13 [English] - Verify clicking Privacy Policy redirects to the Privacy Policy page","Profile Page (English)","2026-09-02","passed","2026-09-02","","4. Account Tab","",""
"","2847","TC_36 [Vietnamese] - Verify Knockout tab presence and Standings tab content on V-League 1 26/27 page","Tournament Pages [Vietnamese]","2026-09-02","passed","2026-09-02","","V-League 1 26/27 [Vietnamese]","",""
"","831","TC_03 [English] - Verify the Logout option appears only under the Account tab and not other Settings tabs","Logout (English)","2026-09-02","passed","2026-09-02","","1. Logout Control Visibility & Non-Destructive Popup Checks","",""
"","52824","TC_33 [Vietnamese] — Complete ""Để sau"" path: Details → OTP → skip Telegram → Welcome → Dashboard","E2E Journey [Vietnamese]","2026-09-02","broken","2026-09-02","","","",""
"","34910","TC_01 [English] - Verify user is redirected to Match Details page after clicking a completed match","Recent Match Details Page [English]","2026-09-02","broken","2026-09-02","","1. Navigation [English]","",""
"","6663","TC_04 [Vietnamese] — Phone accepts numeric input only and enforces correct digit length","Details Page [Vietnamese]","2026-09-02","passed","2026-09-02","","","",""
"","3085","TC_11 [Vietnamese] — Phone numbers with extra formatting characters (spaces, dashes, leading zero) are normalized consistently","Details Page [Vietnamese]","2026-09-02","passed","2026-09-02","","","",""
"","6467","TC_17 [English] - Verify the team crest/flag icon displays correctly","Team Details Page [English]","2026-09-02","passed","2026-09-02","","2. Navigation & Header [English]","",""
"","188","TC_19 [Vietnamese] - Verify Passing section shows numeric stat comparison values","Recent Match Details Page [Vietnamese]","2026-09-02","passed","2026-09-02","","5. Stats Tab [Vietnamese]","",""
"","273","TC_26 [English] - Verify Play by Play section contains goal event entries","Recent Match Details Page [English]","2026-09-02","passed","2026-09-02","","6. Play by Play Tab [English]","",""
"","6709","TC_19 [Vietnamese] - Verify Group position and Last 10 record display correctly for a club team","Team Details Page [Vietnamese]","2026-09-02","passed","2026-09-02","","3. Stats [Vietnamese]","",""
"","10017","TC_15 [English] - Verify the favorite/star icon reacts to a tap","Team Details Page [English]","2026-09-02","passed","2026-09-02","","2. Navigation & Header [English]","",""
"","1510","TC_57 [English] - Verify Profile page layout is correct on tablet viewport 768x1024","Profile Page (English)","2026-09-02","passed","2026-09-02","","11. UI & Responsive","",""
"","190","TC_08 [English] - Verify clicking Account tab makes it active and loads DATA & PRIVACY section with all three rows","Profile Page (English)","2026-09-02","passed","2026-09-02","","4. Account Tab","",""
"","29020","""before all"" hook for TC27-TC28 — Logout [English]","","2026-09-02","broken","2026-09-02","","","",""
"","30065","TC_32 [Vietnamese] - Verify standings shows a team name for each of at least 4 teams","Recent Match Details Page [Vietnamese]","2026-09-02","broken","2026-09-02","","8. Rankings Tab [Vietnamese]","",""
"","1787","TC_55 [Vietnamese] - Verify Login/Signup button is visible across all three profile tabs for a guest user","Profile Page (Vietnamese)","2026-09-02","passed","2026-09-02","","10. Edge Cases","",""
"","35010","TC_01 [Vietnamese] - Verify user is redirected to Match Details page after clicking a completed match","Recent Match Details Page [Vietnamese]","2026-09-02","broken","2026-09-02","","1. Navigation [Vietnamese]","",""
"","23597","TC_10 [English] — Repeated rapid Sign Up submissions are rate-limited or accepted","Details Page [English]","2026-09-02","passed","2026-09-02","","","",""
"","328","TC_28 [Vietnamese] - Verify switching to English changes the entire page UI language to English","Profile Page (Vietnamese)","2026-09-02","passed","2026-09-02","","5. Preferences Tab","",""
"","3075","TC_10 [English] - Verify Dashboard page is vertically scrollable","Dashboard Validation (English)","2026-09-02","passed","2026-09-02","","","",""
"","2930","TC_08 [Vietnamese] - Verify Overview and Matches tabs display content on Brasileiro Serie B 2026 page","Tournament Pages [Vietnamese]","2026-09-02","passed","2026-09-02","","Brasileiro Serie B 2026 [Vietnamese]","",""
"","3232","TC_14 [Vietnamese] - Verify clicking the Today filter displays filtered match results","Dashboard Validation (Vietnamese)","2026-09-02","passed","2026-09-02","","","",""
"","30076","TC_32 [English] - Verify standings shows a team name for each of at least 4 teams","Recent Match Details Page [English]","2026-09-02","broken","2026-09-02","","8. Rankings Tab [English]","",""
"","135","TC_09 [English] - Verify win prediction section heading is displayed","Upcoming Match Details Page [English]","2026-09-02","passed","2026-09-02","","4. Overview Tab [English]","",""
"","3570","TC_34 [English] - Verify clicking 'No' in Cast Your Vote triggers the Express Signup popup","Beat SFC [English]","2026-09-02","passed","2026-09-02","","Match Details - Beat Aiko Widgets (Pre-login) [English]","",""
"","77","TC_10 [English] - Verify Terms of Service row is displayed and clickable","Profile Page (English)","2026-09-02","passed","2026-09-02","","4. Account Tab","",""
"","6805","TC_30 [Vietnamese] - Verify the Competitions list remains reachable when scrolled","Team Details Page [Vietnamese]","2026-09-02","passed","2026-09-02","","5. Competitions [Vietnamese]","",""
"","2813","TC_21 [English] - Verify Knockout tab presence and Standings tab content on J1 League 26/27 page","Tournament Pages [English]","2026-09-02","passed","2026-09-02","","J1 League 26/27 [English]","",""
"","52548","TC_37 [Vietnamese] — User who exits at Link Telegram can resume onboarding on return","E2E Journey [Vietnamese]","2026-09-02","broken","2026-09-02","","","",""
"","5360","TC03 [English] — Existing account phone submission on Join page is handled appropriately","Smoke Suite [English]","2026-09-02","passed","2026-09-02","","","",""
"","30079","TC_28 [Vietnamese] - Verify Rankings tab label and standings section heading text are correct","Recent Match Details Page [Vietnamese]","2026-09-02","broken","2026-09-02","","8. Rankings Tab [Vietnamese]","",""
"","4340","TC_07 [English] — Phone number field accepts only numeric input and enforces correct digit length for the selected country","Organic Signup Journey (English)","2026-09-02","passed","2026-09-02","","Login/Join Page","",""
"","7393","TC_02 [English] - Verify Team Details page is reachable and loads correctly from Africa Cup of Nations Qualification 2026","Team Details Page [English]","2026-09-02","passed","2026-09-02","","1. Cross-Tournament Reachability [English]","",""
"","1433","TC_19 [English] - Verify Key Insights widget is displayed in The Edge section","Landing Page Validation (English)","2026-09-02","passed","2026-09-02","","","",""
"","163","TC_20 [Vietnamese] - Verify stat rows display numeric comparison values for both teams","Recent Match Details Page [Vietnamese]","2026-09-02","passed","2026-09-02","","5. Stats Tab [Vietnamese]","",""
"","5083","TC_18 [English] — Resend OTP shows countdown immediately after page load","OTP Verification (English)","2026-09-02","passed","2026-09-02","","","",""
"","9180","TC_50 [English] - Verify all 7 social channel links open in a new tab and do not navigate away from Profile page","Profile Page (English)","2026-09-02","passed","2026-09-02","","10. Edge Cases","",""
"","2949","TC_08 [English] - Verify Recent Result cards display completed match information","Dashboard Validation (English)","2026-09-02","passed","2026-09-02","","","",""
"","1704","TC_17 [English] — Login/Signup CTA is no longer displayed after successful login, and a profile avatar is shown instead","Organic Signup Journey (English)","2026-09-02","passed","2026-09-02","","Post-Login Dashboard and Settings","",""
"","122","TC_11 [Vietnamese] - Verify lineup pitch shows at least 11 players","Recent Match Details Page [Vietnamese]","2026-09-02","passed","2026-09-02","","4. Lineups Tab [Vietnamese]","",""
"","2718","TC_38 [English] - Verify clicking WhatsApp row redirects to the WhatsApp channel in a new tab","Profile Page (English)","2026-09-02","passed","2026-09-02","","8. Community Tab – Social Redirections","",""
"","570","TC_13 [Vietnamese] — ""Verify OTP""/""Xác minh OTP"" button remains disabled until all 6 digits are entered","Organic Signup Journey (Vietnamese)","2026-09-02","passed","2026-09-02","","OTP Page — submission and display","",""
"","6975","TC_10 [English] - Verify Team Details page is reachable and loads correctly from Int. Friendly Games 2026","Team Details Page [English]","2026-09-02","passed","2026-09-02","","1. Cross-Tournament Reachability [English]","",""
"","317","TC_06 [Vietnamese] - Verify Account, Preferences and Community tabs are all displayed and enabled","Profile Page (Vietnamese)","2026-09-02","passed","2026-09-02","","3. Tab Navigation","",""
"","17100","TC_41 [English] - Verify clicking Facebook row redirects to the Facebook page in a new tab","Profile Page (English)","2026-09-02","broken","2026-09-02","","8. Community Tab – Social Redirections","",""
"","2751","TC10 [English] — Clicking the featured-competition promo banner navigates to that competition page","Smoke Suite [English]","2026-09-02","passed","2026-09-02","","","",""
"","3032","TC_15 [English] - Verify clicking the Tomorrow filter displays filtered match results","Dashboard Validation (English)","2026-09-02","passed","2026-09-02","","","",""
"","280","TC_08 [Vietnamese] - Verify dismissing the confirmation popup via Esc key keeps the user logged in","Logout (Vietnamese)","2026-09-02","passed","2026-09-02","","1. Logout Control Visibility & Non-Destructive Popup Checks [Vietnamese]","",""
"","9227","TC_20 [English] — Header Login/Signup CTA path reaches OTP dispatch","Organic Signup Journey (English)","2026-09-02","passed","2026-09-02","","End-to-End Journeys — entry points reach OTP dispatch","",""
"","2999","TC_17 [English] - Verify clicking a Today Match card navigates to the match detail page","Dashboard Validation (English)","2026-09-02","passed","2026-09-02","","","",""
"","5347","TC_01 [Vietnamese] — Sign Up CTA on landing navigates to the Details page","Red Journey V4 (Vietnamese) — Landing Page","2026-09-02","passed","2026-09-02","","","",""
"","162","TC_35 [Vietnamese] - Verify standings shows team logos for at least 4 teams","Upcoming Match Details Page [Vietnamese]","2026-09-02","passed","2026-09-02","","8. Rankings Tab [Vietnamese]","",""
"","6847","TC_22 [Vietnamese] - Verify the Recent Results section displays the team's recent matches","Team Details Page [Vietnamese]","2026-09-02","passed","2026-09-02","","4. Recent Results [Vietnamese]","",""
"","299","TC_07 [English] - Verify clicking Team 2 logo navigates to Team 2 details page and back returns to match","Recent Match Details Page [English]","2026-09-02","passed","2026-09-02","","2. Match Header [English]","",""
"","5760","TC_01 [English] — Sign Up CTA on landing navigates to the Details page","Red Journey V4 (English) — Landing Page","2026-09-02","passed","2026-09-02","","","",""
"","54","TC_05 [English] - Verify Full Time (FT) status indicator is shown in match header","Recent Match Details Page [English]","2026-09-02","passed","2026-09-02","","2. Match Header [English]","",""
"","1688","TC_07 [English] - Verify hero 'Sign Up' button is displayed and redirects correctly","Landing Page Validation (English)","2026-09-02","passed","2026-09-02","","","",""
"","1560","TC_23 [Vietnamese] — Directly navigating to the Link Telegram URL without OTP verification is not blocked [Known defect: route not protected]","OTP Verification [Vietnamese]","2026-09-02","passed","2026-09-02","","","",""
"","","TC_01 [English] - Verify 'Next Match' section label is displayed on Overview tab","Beat SFC [English]","2026-09-02","unknown","","","Overview Page - Next Match Widget [English]","",""
"","609","TC_05 [English] - No leftover Vietnamese diacritics in English Terms of Use","Terms of Use (English)","2026-09-02","passed","2026-09-02","","","",""
"","205","TC_19 [English] - Verify Passing section shows numeric stat comparison values","Recent Match Details Page [English]","2026-09-02","passed","2026-09-02","","5. Stats Tab [English]","",""
"","6408","TC_06 [Vietnamese] — Inline validation error is shown for an invalid/incomplete phone number","Details Page [Vietnamese]","2026-09-02","passed","2026-09-02","","","",""
"","19048","TC21 [English] — Team name is displayed correctly in the page header","Smoke Suite [English]","2026-09-02","broken","2026-09-02","","","",""
"","219","TC_23 [English] - Verify Defense section heading is displayed","Upcoming Match Details Page [English]","2026-09-02","passed","2026-09-02","","6. Stats Tab [English]","",""
"","1416","TC_24 [English] - Verify footer with copyright is displayed at the bottom of the Landing page","Landing Page Validation (English)","2026-09-02","passed","2026-09-02","","","",""
"","80","TC_14 [English] - Verify Cookie Policy row is displayed and clickable","Profile Page (English)","2026-09-02","passed","2026-09-02","","4. Account Tab","",""
"","52338","TC_22 [Vietnamese] — Submitting an expired OTP is rejected with an appropriate error message","OTP Verification [Vietnamese]","2026-09-02","failed","2026-09-02","","","",""
"","195","TC_36 [English] - Verify all 7 social channel links are enabled and clickable in the Community tab","Profile Page (English)","2026-09-02","passed","2026-09-02","","7. Community Tab","",""
"","1947","TC_51 [Vietnamese] - Verify Terms of Service, Privacy Policy and Cookie Policy links each redirect to unique pages","Profile Page (Vietnamese)","2026-09-02","passed","2026-09-02","","10. Edge Cases","",""
"","5498","TC_10 [English] - Verify navigation to CONMEBOL Sudamericana 2026 and URL/heading are correct","Tournament Pages [English]","2026-09-02","passed","2026-09-02","","CONMEBOL Sudamericana 2026 [English]","",""
"","9250","TC_23 [English] — Network failure during OTP verification shows an appropriate error","OTP Verification (English)","2026-09-02","passed","2026-09-02","","","",""
"","3197","TC_11 [English] — Phone numbers with extra formatting characters (spaces, dashes, leading zero) are normalized consistently","Details Page [English]","2026-09-02","passed","2026-09-02","","","",""
"","887","TC_02 [English] - Effective Date reads ""23 April 2026""","Terms of Use (English)","2026-09-02","passed","2026-09-02","","","",""
"","180","TC_28 [Vietnamese] - Verify stat rows display numeric comparison values for both teams","Upcoming Match Details Page [Vietnamese]","2026-09-02","passed","2026-09-02","","6. Stats Tab [Vietnamese]","",""
"","2757","TC_11 [English] — Blank/whitespace-only name keeps Continue disabled","Blue Moon — Signup Details Page (English)","2026-09-02","passed","2026-09-02","","","",""
"","131","TC_26 [English] - Verify selecting Vietnamese highlights it with a filled selection indicator","Profile Page (English)","2026-09-02","passed","2026-09-02","","5. Preferences Tab","",""
"","145","TC_13 [English] - Verify Expected Goals (xG) section heading is displayed","Upcoming Match Details Page [English]","2026-09-02","passed","2026-09-02","","4. Overview Tab [English]","",""
"","8830","TC_22 [Vietnamese] — Submitting the already-registered phone number reaches OTP dispatch the same as any number (no duplicate-account path)","Organic Signup Journey (Vietnamese)","2026-09-02","passed","2026-09-02","","End-to-End Journeys — entry points reach OTP dispatch","",""
"","4736","TC_40 [English] - Verify 'See 2 more insights' link expands/collapses additional insights without requiring login","Beat SFC [English]","2026-09-02","passed","2026-09-02","","Match Details - Beat Aiko Widgets (Pre-login) [English]","",""
"","269","TC_18 [Vietnamese] - Verify Passing section heading is displayed","Recent Match Details Page [Vietnamese]","2026-09-02","passed","2026-09-02","","5. Stats Tab [Vietnamese]","",""
"","179","TC_19 [English] - Verify clicking Preferences tab makes it active and loads Language section with language options","Profile Page (English)","2026-09-02","passed","2026-09-02","","5. Preferences Tab","",""
"","1103","TC_08 [Vietnamese] - Verify user can switch between Overview, Lineup, Stats and Ranking tabs","Upcoming Match Details Page [Vietnamese]","2026-09-02","passed","2026-09-02","","3. Match Detail Tabs [Vietnamese]","",""
"","6406","TC_06 [English] — Inline validation error is shown for an invalid/incomplete phone number","Details Page [English]","2026-09-02","passed","2026-09-02","","","",""
"","18731","TC22 [English] — Team logo/crest is displayed correctly","Smoke Suite [English]","2026-09-02","broken","2026-09-02","","","",""
"","2888","TC_04 [Vietnamese] - Verify Dashboard Filters are displayed","Dashboard Validation (Vietnamese)","2026-09-02","passed","2026-09-02","","","",""
"","6786","TC_14 [English] — 6-box display and verify button requires all 6 digits","OTP Verification (English)","2026-09-02","passed","2026-09-02","","","",""
"","3715","TC_03 [English] - Verify Profile Icon is displayed","Dashboard Validation (English)","2026-09-02","passed","2026-09-02","","","",""
"","81","TC_04 [Vietnamese] - Verify date/time element in header contains numeric content","Upcoming Match Details Page [Vietnamese]","2026-09-02","passed","2026-09-02","","2. Match Header [Vietnamese]","",""
"","211","TC_16 [Vietnamese] - Verify Defense section shows numeric stat comparison values","Recent Match Details Page [Vietnamese]","2026-09-02","passed","2026-09-02","","5. Stats Tab [Vietnamese]","",""
"","42","TC_20 [Vietnamese] - Verify Language section heading is displayed and section is expanded by default","Profile Page (Vietnamese)","2026-09-02","passed","2026-09-02","","5. Preferences Tab","",""
"","3062","TC_02 [Vietnamese] - Verify Dashboard Logo is displayed","Dashboard Validation (Vietnamese)","2026-09-02","passed","2026-09-02","","","",""
"","182","TC_19 [Vietnamese] - Verify each team pitch shows exactly 11 players","Upcoming Match Details Page [Vietnamese]","2026-09-02","failed","2026-09-02","","5. Lineups Tab [Vietnamese]","",""
"","130","TC_31 [Vietnamese] - Verify guest user name and Login/Signup button are displayed correctly in Vietnamese","Profile Page (Vietnamese)","2026-09-02","passed","2026-09-02","","6. Guest User","",""
"","32357","TC_16 [Vietnamese] — Clicking ""Resend OTP""/""Gửi lại OTP"" after the countdown expires sends a new OTP and resets the timer","Organic Signup Journey (Vietnamese)","2026-09-02","passed","2026-09-02","","OTP Page — resend","",""
"","2706","TC01 [Vietnamese] — Landing page loads successfully for a logged-out user","Smoke Suite [Vietnamese]","2026-09-02","passed","2026-09-02","","","",""
"","179","TC_32 [Vietnamese] - Verify Ranking tab label and Standings section heading are correct","Upcoming Match Details Page [Vietnamese]","2026-09-02","passed","2026-09-02","","8. Rankings Tab [Vietnamese]","",""
"","244","TC_14 [Vietnamese] - Verify Team Statistics section shows numeric stat comparison values","Recent Match Details Page [Vietnamese]","2026-09-02","passed","2026-09-02","","5. Stats Tab [Vietnamese]","",""
"","246","TC_17 [Vietnamese] - Verify Goalkeeping section is displayed with Corners stat row","Recent Match Details Page [Vietnamese]","2026-09-02","passed","2026-09-02","","5. Stats Tab [Vietnamese]","",""
"","40","TC_22 [Vietnamese] - Verify Used in label with AI Card and Voice chips are displayed inside Language section","Profile Page (Vietnamese)","2026-09-02","passed","2026-09-02","","5. Preferences Tab","",""
"","118","TC_13 [Vietnamese] - Verify Expected Goals (xG) section heading is displayed","Upcoming Match Details Page [Vietnamese]","2026-09-02","passed","2026-09-02","","4. Overview Tab [Vietnamese]","",""
"","3085","TC_05 [English] - verify FIFA world cup banner is displayed and after clicking on it, It redirects to the FIFA page","Dashboard Validation (English)","2026-09-02","passed","2026-09-02","","","",""
"","6791","TC07 [English] — ""Go to sportsfc.fans →"" on Welcome page navigates to the Dashboard","Smoke Suite [English]","2026-09-02","passed","2026-09-02","","","",""
"","1605","TC30 [English] — User is able to select English and Vietnamese language","Smoke Suite [English]","2026-09-02","passed","2026-09-02","","","",""
"","375","TC_16 [Vietnamese] — 6-box display and Verify OTP requires all 6 digits","OTP Verification [Vietnamese]","2026-09-02","passed","2026-09-02","","","",""
"","3191","TC17 [Vietnamese] — Completed match header shows logos, team names and competition name","Smoke Suite [Vietnamese]","2026-09-02","passed","2026-09-02","","","",""
"","1410","TC_56 [English] - Verify Profile page is fully responsive on mobile viewport 375x667","Profile Page (English)","2026-09-02","passed","2026-09-02","","11. UI & Responsive","",""
"","1539","TC_21 [English] - Verify footer copyright text is displayed","Landing Page Validation (English)","2026-09-02","passed","2026-09-02","","","",""
"","368","TC_37 [Vietnamese] - Verify all 7 social channel icons and rows load without broken images","Profile Page (Vietnamese)","2026-09-02","passed","2026-09-02","","7. Community Tab","",""
"","5435","TC_07 [Vietnamese] - Verify navigation to Brasileiro Serie B 2026 and URL/heading are correct","Tournament Pages [Vietnamese]","2026-09-02","passed","2026-09-02","","Brasileiro Serie B 2026 [Vietnamese]","",""
"","3232","TC_26 [Vietnamese] - Verify Overview and Matches tabs display content on Brasileiro Serie A 2026 page","Tournament Pages [Vietnamese]","2026-09-02","passed","2026-09-02","","Brasileiro Serie A 2026 [Vietnamese]","",""
"","6774","TC_29 [English] - Verify each competition entry displays an icon and name","Team Details Page [English]","2026-09-02","passed","2026-09-02","","5. Competitions [English]","",""
"","2930","TC_02 [Vietnamese] - Verify Overview and Matches tabs display content on Canadian Premier League 2026 page","Tournament Pages [Vietnamese]","2026-09-02","passed","2026-09-02","","Canadian Premier League 2026 [Vietnamese]","",""
"","6000","TC_05 [Vietnamese] — Page loads with heading, description, country code selector, phone field, Continue button and reCAPTCHA disclaimer","Organic Signup Journey (Vietnamese)","2026-09-02","passed","2026-09-02","","Login/Join Page","",""
"","5559","TC_13 [Vietnamese] - Verify navigation to K-League 1 2026 and URL/heading are correct","Tournament Pages [Vietnamese]","2026-09-02","passed","2026-09-02","","K-League 1 2026 [Vietnamese]","",""
"","255","TC_36 [English] - Verify standings shows a team name for each of at least 4 teams","Upcoming Match Details Page [English]","2026-09-02","passed","2026-09-02","","8. Rankings Tab [English]","",""
"","2812","TC_11 [Vietnamese] - Verify Overview and Matches tabs display content on CONMEBOL Sudamericana 2026 page","Tournament Pages [Vietnamese]","2026-09-02","passed","2026-09-02","","CONMEBOL Sudamericana 2026 [Vietnamese]","",""
"","10636","TC_07 [English] - Verify Cancel/No on the logout confirmation popup keeps the user logged in","Logout (English)","2026-09-02","passed","2026-09-02","","1. Logout Control Visibility & Non-Destructive Popup Checks","",""
"","5718","TC_01 [English] - Verify user is redirected to Match Details page after clicking the upcoming match","Upcoming Match Details Page [English]","2026-09-02","passed","2026-09-02","","1. Navigation [English]","",""
"","7208","TC_12 [English] - Verify Team Details page is reachable and loads correctly from V-League 1 26/27","Team Details Page [English]","2026-09-02","passed","2026-09-02","","1. Cross-Tournament Reachability [English]","",""
"","82","TC_14 [Vietnamese] - Verify Cookie Policy row is displayed and clickable","Profile Page (Vietnamese)","2026-09-02","passed","2026-09-02","","4. Account Tab","",""
"","3095","TC_05 [Vietnamese] - verify FIFA world cup banner is displayed and after clicking on it, It redirects to the FIFA page","Dashboard Validation (Vietnamese)","2026-09-02","passed","2026-09-02","","","",""
"","2864","TC_07 [English] — Terms/Privacy links preserve the entered phone number","Details Page [English]","2026-09-02","failed","2026-09-02","","","",""
"","681","TC_01 [English] - Terms of Use page loads in English with correct heading","Terms of Use (English)","2026-09-02","passed","2026-09-02","","","",""
"","26060","TC_20 [English] — Correct OTP navigates to the Link Telegram page","OTP Verification [English]","2026-09-02","broken","2026-09-02","","","",""
"","7384","TC_14 [Vietnamese] - Verify the breadcrumb title displays the correct team name","Team Details Page [Vietnamese]","2026-09-02","passed","2026-09-02","","2. Navigation & Header [Vietnamese]","",""
"","117","TC_18 [English] - Verify Profile header Login/Signup button remains visible and functional on Account tab","Profile Page (English)","2026-09-02","passed","2026-09-02","","4. Account Tab","",""
"","5419","TC_07 [English] - Verify navigation to Brasileiro Serie B 2026 and URL/heading are correct","Tournament Pages [English]","2026-09-02","passed","2026-09-02","","Brasileiro Serie B 2026 [English]","",""
"","259","TC_27 [English] - Verify team names in match header match team names shown in Lineups tab","Recent Match Details Page [English]","2026-09-02","passed","2026-09-02","","7. Data Consistency [English]","",""
"","2045","TC_01 [English] — Sign Up CTA on landing navigates to the join page","Signup Journey — Landing Page (English)","2026-09-02","passed","2026-09-02","","","",""
"","836","TC_40 [English] — Verify OTP button stays disabled until the 6th digit is entered, then a submission is triggered","OTP Verification — Wrong-Attempt Tests [English]","2026-09-02","passed","2026-09-02","","","",""
"","199","TC_33 [Vietnamese] - Verify standings table shows at least 4 team entries","Upcoming Match Details Page [Vietnamese]","2026-09-02","failed","2026-09-02","","8. Rankings Tab [Vietnamese]","",""
"","4711","TC_27 [Vietnamese] - Verify navigating to Match Details via the Match Card (not the banner) shows no popup and all 3 Beat Aiko sections are visible","Beat SFC [Vietnamese]","2026-09-02","passed","2026-09-02","","Match Details - Beat Aiko Widgets (Pre-login) [Vietnamese]","",""
"","3189","TC_18 [English] - Verify Knockout tab presence and Standings tab content on MLS 2026 page","Tournament Pages [English]","2026-09-02","passed","2026-09-02","","MLS 2026 [English]","",""
"","2969","TC_11 [Vietnamese] — Valid phone number triggers OTP dispatch and navigates to the OTP verification page","Organic Signup Journey (Vietnamese)","2026-09-02","passed","2026-09-02","","OTP Page — submission and display","",""
"","5935","TC_16 [English] - Verify navigation to MLS 2026 and URL/heading are correct","Tournament Pages [English]","2026-09-02","passed","2026-09-02","","MLS 2026 [English]","",""
"","30068","TC_29 [Vietnamese] - Verify standings table shows at least 4 team entries","Recent Match Details Page [Vietnamese]","2026-09-02","broken","2026-09-02","","8. Rankings Tab [Vietnamese]","",""
"","6668","TC_31 [English] - Verify no duplicate competition entries are shown for the same tournament","Team Details Page [English]","2026-09-02","passed","2026-09-02","","5. Competitions [English]","",""
"","3948","TC_02 [English] — Clicking the Login/Signup CTA in the header navigates to the phone number entry page","Organic Signup Journey (English)","2026-09-02","passed","2026-09-02","","Guest Dashboard","",""
"","149","TC_35 [English] - Verify standings shows team logos for at least 4 teams","Upcoming Match Details Page [English]","2026-09-02","passed","2026-09-02","","8. Rankings Tab [English]","",""
"","2924","TC_23 [Vietnamese] - Verify Overview and Matches tabs display content on CONMEBOL Libertadores 2026 page","Tournament Pages [Vietnamese]","2026-09-02","passed","2026-09-02","","CONMEBOL Libertadores 2026 [Vietnamese]","",""
"","5720","TC_05 [English] — Page loads with heading, description, country code selector, phone field, Continue button and reCAPTCHA disclaimer","Organic Signup Journey (English)","2026-09-02","passed","2026-09-02","","Login/Join Page","",""
"","116","TC_10 [Vietnamese] - Verify win prediction section shows percentage values","Upcoming Match Details Page [Vietnamese]","2026-09-02","passed","2026-09-02","","4. Overview Tab [Vietnamese]","",""
"","52498","TC_37 [English] — User who exits at Link Telegram can resume onboarding on return","E2E Journey [English]","2026-09-02","broken","2026-09-02","","","",""
"","164","TC_24 [Vietnamese] - Verify Defense section shows stat comparison values","Upcoming Match Details Page [Vietnamese]","2026-09-02","passed","2026-09-02","","6. Stats Tab [Vietnamese]","",""
"","8963","TC_22 [English] — Submitting the already-registered phone number reaches OTP dispatch the same as any number (no duplicate-account path)","Organic Signup Journey (English)","2026-09-02","passed","2026-09-02","","End-to-End Journeys — entry points reach OTP dispatch","",""
"","3316","TC_09 [Vietnamese] - Verify View All option is displayed in the Recent Results section and user is redirected to the Recent Results page after clicking it","Dashboard Validation (Vietnamese)","2026-09-02","passed","2026-09-02","","","",""
"","31757","TC_24 [English] - Verify each Recent Result card displays the correct result text and score","Team Details Page [English]","2026-09-02","passed","2026-09-02","","4. Recent Results [English]","",""
"","2994","TC_08 [English] - Verify Overview and Matches tabs display content on Brasileiro Serie B 2026 page","Tournament Pages [English]","2026-09-02","passed","2026-09-02","","Brasileiro Serie B 2026 [English]","",""
"","237","TC_21 [English] - Verify Language section can be collapsed and re-expanded","Profile Page (English)","2026-09-02","passed","2026-09-02","","5. Preferences Tab","",""
"","1708","TC_22 [English] - Verify three Sign Up buttons are present across the Landing page","Landing Page Validation (English)","2026-09-02","passed","2026-09-02","","","",""
"","6070","TC_08 [Vietnamese] — Submitting a phone number already associated with an existing account is handled appropriately","Details Page [Vietnamese]","2026-09-02","passed","2026-09-02","","","",""
"","3738","TC_39 [Vietnamese] - Verify clicking option '4+' in What's Your Take triggers the Express Signup popup","Beat SFC [Vietnamese]","2026-09-02","passed","2026-09-02","","Match Details - Beat Aiko Widgets (Pre-login) [Vietnamese]","",""
"","196","TC_29 [English] - Verify Match Information section heading is displayed","Upcoming Match Details Page [English]","2026-09-02","passed","2026-09-02","","6. Stats Tab [English]","",""
"","5202","TC_17 [English] — Clicking Continue with all fields valid redirects to the OTP page","Blue Moon — Signup Details Page (English)","2026-09-02","passed","2026-09-02","","","",""
"","32051","TC_30 [Vietnamese] - Verify language setting applies globally to other pages such as Dashboard","Profile Page (Vietnamese)","2026-09-02","broken","2026-09-02","","5. Preferences Tab","",""
"","6106","TC_21 [English] — Repeated wrong OTP attempts trigger lockout or throttling","OTP Verification (English)","2026-09-02","passed","2026-09-02","","","",""
"","2961","TC_05 [English] - Verify Overview and Matches tabs display content on Africa Cup of Nations Qualification 2026 page","Tournament Pages [English]","2026-09-02","passed","2026-09-02","","Africa Cup of Nations Qualification 2026 [English]","",""
"","5853","TC_25 [English] - Verify navigation to Brasileiro Serie A 2026 and URL/heading are correct","Tournament Pages [English]","2026-09-02","passed","2026-09-02","","Brasileiro Serie A 2026 [English]","",""
"","463","TC_42 [English] — Setting a 6-digit code fills the OTP field correctly and triggers submission","OTP Verification — Wrong-Attempt Tests [English]","2026-09-02","passed","2026-09-02","","","",""
"","2917","TC_41 [English] - Verify the Leaderboard teaser ('You're in the game!') is NOT shown when the user is logged out","Beat SFC [English]","2026-09-02","passed","2026-09-02","","Match Details - Beat Aiko Widgets (Pre-login) [English]","",""
"","459","TC_10 [English] - No horizontal overflow on mobile viewport","Privacy Policy (English)","2026-09-02","passed","2026-09-02","","","",""
"","5976","TC_35 [English] — Refreshing mid-flow retains session so the user can continue","E2E Journey [English]","2026-09-02","passed","2026-09-02","","","",""
"","193","TC_27 [English] — Clicking the Welcome CTA redirects to the Dashboard","Blue Moon — Welcome Page (existing/login number) (English)","2026-09-02","passed","2026-09-02","","","",""
"","2669","TC_29 [English] - Verify Overview and Matches tabs display content on Int. Friendly Games 2026 page","Tournament Pages [English]","2026-09-02","passed","2026-09-02","","Int. Friendly Games 2026 [English]","",""
"","6566","TC_21 [English] - Verify the General Info section displays the FIFA Ranking and points correctly","Team Details Page [English]","2026-09-02","passed","2026-09-02","","3. Stats [English]","",""
"","503","TC_10 [English] - Verify Lineups tab displays football pitch with both team names, logos and pitch container","Recent Match Details Page [English]","2026-09-02","passed","2026-09-02","","4. Lineups Tab [English]","",""
"","3562","TC_38 [Vietnamese] - Verify clicking option '3' in What's Your Take triggers the Express Signup popup","Beat SFC [Vietnamese]","2026-09-02","passed","2026-09-02","","Match Details - Beat Aiko Widgets (Pre-login) [Vietnamese]","",""
"","0","TC_28 [English] — Direct URL without completing signup redirects away [Product defect: route not protected]","","2026-09-02","skipped","2026-09-02","","","",""
"","4948","TC04 [Vietnamese] — Valid new phone triggers OTP dispatch and shows OTP verification page","Smoke Suite [Vietnamese]","2026-09-02","passed","2026-09-02","","","",""
"","1533","TC_53 [English] - Verify no JavaScript console errors appear across all three tabs","Profile Page (English)","2026-09-02","passed","2026-09-02","","10. Edge Cases","",""
"","268","TC_07 [Vietnamese] - Verify Cancel/No on the logout confirmation popup keeps the user logged in","Logout (Vietnamese)","2026-09-02","passed","2026-09-02","","1. Logout Control Visibility & Non-Destructive Popup Checks [Vietnamese]","",""
"","112","TC_23 [English] - Verify Vietnamese language option displays 🇻🇳 flag and Tiếng Việt sub-label","Profile Page (English)","2026-09-02","passed","2026-09-02","","5. Preferences Tab","",""
"","474","TC_04 [English] - All 15 numbered sections are present","Terms of Use (English)","2026-09-02","passed","2026-09-02","","","",""
"","1146","TC02 [English] — ""Sign up"" CTA on Landing page navigates to sign-up flow","Smoke Suite [English]","2026-09-02","passed","2026-09-02","","","",""
"","575","TC_04 [English] - Verify the Logout button shows a hover/focus state and pointer cursor on desktop","Logout (English)","2026-09-02","passed","2026-09-02","","1. Logout Control Visibility & Non-Destructive Popup Checks","",""
"","37","TC_22 [English] - Verify Used in label with AI Card and Voice chips are displayed inside Language section","Profile Page (English)","2026-09-02","passed","2026-09-02","","5. Preferences Tab","",""
"","3804","TC_17 [Vietnamese] - Verify Overview and Matches tabs display content on MLS 2026 page","Tournament Pages [Vietnamese]","2026-09-02","passed","2026-09-02","","MLS 2026 [Vietnamese]","",""
"","190","TC_24 [English] - Verify Defense section shows stat comparison values","Upcoming Match Details Page [English]","2026-09-02","passed","2026-09-02","","6. Stats Tab [English]","",""
"","22723","TC_09 [Vietnamese] - Verify default country code is pre-selected based on geo-location","Beat SFC [Vietnamese]","2026-09-02","failed","2026-09-02","","Express Signup - Login/OTP Popup [Vietnamese]","",""
"","2812","TC_35 [English] - Verify Overview and Matches tabs display content on V-League 1 26/27 page","Tournament Pages [English]","2026-09-02","passed","2026-09-02","","V-League 1 26/27 [English]","",""
"","3239","TC_19 [Vietnamese] — Network failure during OTP verification shows an appropriate error","OTP Verification [Vietnamese]","2026-09-02","passed","2026-09-02","","","",""
"","1422","TC_17 [English] - Verify The Edge section widgets (MATCH PREDICTION, KEY INSIGHTS) are displayed","Landing Page Validation (English)","2026-09-02","passed","2026-09-02","","","",""
"","1","TC_24 [English] — Direct URL to link-telegram is blocked without OTP verification [Product defect: route not protected]","","2026-09-02","skipped","2026-09-02","","","",""
"","95","TC_07 [Vietnamese] - Verify Preferences tab is the default active tab on page load","Profile Page (Vietnamese)","2026-09-02","passed","2026-09-02","","3. Tab Navigation","",""
"","7156","TC_13 [English] - Verify the back arrow navigates to the previous page","Team Details Page [English]","2026-09-02","passed","2026-09-02","","2. Navigation & Header [English]","",""
"","360","TC_05 [Vietnamese] - Verify clicking Team 1 logo navigates to Team 1 details page and back returns to match","Upcoming Match Details Page [Vietnamese]","2026-09-02","passed","2026-09-02","","2. Match Header [Vietnamese]","",""
"","1813","TC_58 [English] - Verify no broken images or missing icons on the Profile page across all three tabs","Profile Page (English)","2026-09-02","passed","2026-09-02","","11. UI & Responsive","",""
"","1932","TC_51 [English] - Verify Terms of Service, Privacy Policy and Cookie Policy links each redirect to unique pages","Profile Page (English)","2026-09-02","passed","2026-09-02","","10. Edge Cases","",""
"","547","TC_04 [Vietnamese] - Verify the Logout button shows a hover/focus state and pointer cursor on desktop","Logout (Vietnamese)","2026-09-02","passed","2026-09-02","","1. Logout Control Visibility & Non-Destructive Popup Checks [Vietnamese]","",""
"","92","TC_12 [Vietnamese] - Verify Privacy Policy row is displayed and clickable","Profile Page (Vietnamese)","2026-09-02","passed","2026-09-02","","4. Account Tab","",""
"","3104","TC_27 [English] - Verify Knockout tab presence and Standings tab content on Brasileiro Serie A 2026 page","Tournament Pages [English]","2026-09-02","passed","2026-09-02","","Brasileiro Serie A 2026 [English]","",""
"","7125","TC_12 [Vietnamese] - Verify Team Details page is reachable and loads correctly from V-League 1 26/27","Team Details Page [Vietnamese]","2026-09-02","passed","2026-09-02","","1. Cross-Tournament Reachability [Vietnamese]","",""
"","1468","TC_05 [English] - Verify hero headline text element is displayed","Landing Page Validation (English)","2026-09-02","passed","2026-09-02","","","",""
"","1738","TC_23 [English] - Verify all four main page sections are displayed on the Landing page","Landing Page Validation (English)","2026-09-02","passed","2026-09-02","","","",""
"","241","TC_33 [Vietnamese] - Verify clicking Community tab makes it active and loads all 7 social channels","Profile Page (Vietnamese)","2026-09-02","passed","2026-09-02","","7. Community Tab","",""
"","7883","TC_04 [English] - Verify Team Details page is reachable and loads correctly from CONMEBOL Sudamericana 2026","Team Details Page [English]","2026-09-02","passed","2026-09-02","","1. Cross-Tournament Reachability [English]","",""
"","4808","TC03 [Vietnamese] — Existing account phone submission on Join page is handled appropriately","Smoke Suite [Vietnamese]","2026-09-02","passed","2026-09-02","","","",""
"","5241","TC_34 [Vietnamese] - Verify navigation to V-League 1 26/27 and URL/heading are correct","Tournament Pages [Vietnamese]","2026-09-02","passed","2026-09-02","","V-League 1 26/27 [Vietnamese]","",""
"","32050","TC_30 [English] - Verify language setting applies globally to other pages such as Dashboard","Profile Page (English)","2026-09-02","broken","2026-09-02","","5. Preferences Tab","",""
"","2968","TC_11 [English] - Verify Overview and Matches tabs display content on CONMEBOL Sudamericana 2026 page","Tournament Pages [English]","2026-09-02","passed","2026-09-02","","CONMEBOL Sudamericana 2026 [English]","",""
"","17666","TC_11 [English] - Verify clicking the country-code dropdown opens the 'Select Country' modal","Beat SFC [English]","2026-09-02","broken","2026-09-02","","Express Signup - Login/OTP Popup [English]","",""
"","3593","TC_27 [English] - Verify navigating to Match Details via the Match Card (not the banner) shows no popup and all 3 Beat Aiko sections are visible","Beat SFC [English]","2026-09-02","passed","2026-09-02","","Match Details - Beat Aiko Widgets (Pre-login) [English]","",""
"","1677","TC_20 [English] - Verify The Edge section 'Sign Up' button is displayed and redirects correctly","Landing Page Validation (English)","2026-09-02","passed","2026-09-02","","","",""
"","292","TC_06 [English] - Verify Account, Preferences and Community tabs are all displayed and enabled","Profile Page (English)","2026-09-02","passed","2026-09-02","","3. Tab Navigation","",""
"","79","TC_10 [Vietnamese] - Verify Terms of Service row is displayed and clickable","Profile Page (Vietnamese)","2026-09-02","passed","2026-09-02","","4. Account Tab","",""
"","211","TC_12 [English] - Verify player name labels are visible in the lineup pitch area","Recent Match Details Page [English]","2026-09-02","passed","2026-09-02","","4. Lineups Tab [English]","",""
"","1578","TC25 [English] — Profile page loads successfully via direct URL","Smoke Suite [English]","2026-09-02","passed","2026-09-02","","","",""
"","4813","TC_03 [English] — Clicking the profile icon as a guest redirects to Settings > Preferences tab, where a Login/Signup CTA is displayed","Organic Signup Journey (English)","2026-09-02","passed","2026-09-02","","Guest Dashboard","",""
"","0","TC_43 [Vietnamese] - Verify clicking TikTok row redirects to the TikTok profile in a new tab [TikTok removed from Community tab]","","2026-09-02","skipped","2026-09-02","","","",""
"","1146","TC_02 [English] — Join page loads with all expected UI elements","Signup Journey — Join Page (English)","2026-09-02","passed","2026-09-02","","","",""
"","3160","TC_06 [English] - Verify Knockout tab presence and Standings tab content on Africa Cup of Nations Qualification 2026 page","Tournament Pages [English]","2026-09-02","passed","2026-09-02","","Africa Cup of Nations Qualification 2026 [English]","",""
"","18332","TC_13 [English] - Verify searching by dial code filters the country list","Beat SFC [English]","2026-09-02","broken","2026-09-02","","Express Signup - Login/OTP Popup [English]","",""
"","11477","TC_25 [Vietnamese] - Verify a drawn match displays correctly in the Recent Results section","Team Details Page [Vietnamese]","2026-09-02","passed","2026-09-02","","4. Recent Results [Vietnamese]","",""
"","5784","TC_25 [English] — An existing/login number goes DIRECTLY to the Welcome page (Download App page is skipped)","Blue Moon — OTP Page (English)","2026-09-02","passed","2026-09-02","","","",""
"","1934","TC_19 [English] — No Login/Signup CTA is shown anywhere in Settings once the user is logged in","Organic Signup Journey (English)","2026-09-02","passed","2026-09-02","","Post-Login Dashboard and Settings","",""
"","876","TC_27 [Vietnamese] - Verify only one language can be selected at a time (mutual exclusion)","Profile Page (Vietnamese)","2026-09-02","passed","2026-09-02","","5. Preferences Tab","",""
"","6190","TC07 [Vietnamese] — ""Đi tới sportsfc.fans →"" on Welcome page navigates to the Dashboard","Smoke Suite [Vietnamese]","2026-09-02","passed","2026-09-02","","","",""
"","1004","TC_12 [English] — Continue is disabled by default on a freshly loaded page","Blue Moon — Signup Details Page (English)","2026-09-02","passed","2026-09-02","","","",""
"","3582","TC_31 [English] - Verify clicking Team B WIN in Guess the Winner triggers the Express Signup popup","Beat SFC [English]","2026-09-02","passed","2026-09-02","","Match Details - Beat Aiko Widgets (Pre-login) [English]","",""
"","3678","TC_37 [Vietnamese] - Verify clicking option '2' in What's Your Take triggers the Express Signup popup","Beat SFC [Vietnamese]","2026-09-02","passed","2026-09-02","","Match Details - Beat Aiko Widgets (Pre-login) [Vietnamese]","",""
"","321","TC_07 [English] - Verify all four tabs are displayed and Overview is active by default","Upcoming Match Details Page [English]","2026-09-02","passed","2026-09-02","","3. Match Detail Tabs [English]","",""
"","90356","TC_18 [English] - Verify Lineup tab displays football pitch for both teams with team names and logos","Upcoming Match Details Page [English]","2026-09-02","broken","2026-09-02","","5. Lineups Tab [English]","",""
"","9570","TC_20 [Vietnamese] — Header Login/Signup CTA path reaches OTP dispatch","Organic Signup Journey (Vietnamese)","2026-09-02","passed","2026-09-02","","End-to-End Journeys — entry points reach OTP dispatch","",""
"","607","TC_05 [English] - No leftover Vietnamese diacritics in English page","Privacy Policy (English)","2026-09-02","passed","2026-09-02","","","",""
"","204","TC_08 [Vietnamese] - Verify clicking Account tab makes it active and loads DATA & PRIVACY section with all three rows","Profile Page (Vietnamese)","2026-09-02","passed","2026-09-02","","4. Account Tab","",""
"","4207","TC_07 [Vietnamese] — Phone number field accepts only numeric input and enforces correct digit length for the selected country","Organic Signup Journey (Vietnamese)","2026-09-02","passed","2026-09-02","","Login/Join Page","",""
"","343","TC_34 [English] - Verify standings displays position numbers 1 through 4","Upcoming Match Details Page [English]","2026-09-02","passed","2026-09-02","","8. Rankings Tab [English]","",""
"","210","TC_18 [English] - Verify Passing section heading is displayed","Recent Match Details Page [English]","2026-09-02","passed","2026-09-02","","5. Stats Tab [English]","",""
"","1866","TC_46 [Vietnamese] - Verify switching between all three tabs works correctly with no content overlap","Profile Page (Vietnamese)","2026-09-02","passed","2026-09-02","","9. Tab Switching","",""
"","780","TC_11 [English] - Verify protected pages are not accessible after logout via browser Back button","Logout (English)","2026-09-02","passed","2026-09-02","","2. Logout Execution & Redirect","",""
"","6767","TC_36 [English] — User who exits at Link Telegram can resume onboarding on return","E2E Journey (English)","2026-09-02","passed","2026-09-02","","","",""
"","3590","TC_01 [English] - Verify Dashboard URL","Dashboard Validation (English)","2026-09-02","passed","2026-09-02","","","",""
"","436","TC_28 [English] - Verify switching to Vietnamese changes the entire page UI language to Vietnamese","Profile Page (English)","2026-09-02","passed","2026-09-02","","5. Preferences Tab","",""
"","36192","TC13 [Vietnamese] — Team Details page loads for Sevilla via valid URL","Smoke Suite [Vietnamese]","2026-09-02","broken","2026-09-02","","","",""
"","17366","TC_42 [English] - Verify clicking Instagram row redirects to the Instagram profile in a new tab","Profile Page (English)","2026-09-02","broken","2026-09-02","","8. Community Tab – Social Redirections","",""
"","3137","TC_15 [Vietnamese] - Verify clicking the Tomorrow filter displays filtered match results","Dashboard Validation (Vietnamese)","2026-09-02","passed","2026-09-02","","","",""
"","2508","TC_32 [Vietnamese] - Verify an invalid/non-existent team slug is handled gracefully","Team Details Page [Vietnamese]","2026-09-02","passed","2026-09-02","","6. Data Integrity [Vietnamese]","",""
"","5261","TC_31 [English] - Verify navigation to Club Friendly Games 2026 and URL/heading are correct","Tournament Pages [English]","2026-09-02","passed","2026-09-02","","Club Friendly Games 2026 [English]","",""
"","30396","TC_08 [English] - Verify all four tabs (Lineups, Stats, Play by Play, Rankings) are displayed and Lineups is the default active tab","Recent Match Details Page [English]","2026-09-02","broken","2026-09-02","","3. Match Detail Tabs [English]","",""
"","6395","TC_13 [Vietnamese] — Network failure on Sign Up shows an appropriate error","Details Page [Vietnamese]","2026-09-02","passed","2026-09-02","","","",""
"","348","TC_12 [Vietnamese] - Verify Both Teams Score section shows Có and Không buttons","Upcoming Match Details Page [Vietnamese]","2026-09-02","passed","2026-09-02","","4. Overview Tab [Vietnamese]","",""
"","30","TC_10 [Vietnamese] - Verify the user is redirected to the Login/Landing page after logout","Logout (Vietnamese)","2026-09-02","passed","2026-09-02","","2. Logout Execution & Redirect [Vietnamese]","",""
"","3474","TC_19 [English] - Verify clicking an Upcoming match card navigates to the match detail page","Dashboard Validation (English)","2026-09-02","passed","2026-09-02","","","",""
"","198","TC_25 [Vietnamese] - Verify Play by Play section shows match event minute indicators","Recent Match Details Page [Vietnamese]","2026-09-02","passed","2026-09-02","","6. Play by Play Tab [Vietnamese]","",""
"","7126","TC_06 [Vietnamese] - Verify a confirmation popup appears when Logout is clicked","Logout (Vietnamese)","2026-09-02","passed","2026-09-02","","1. Logout Control Visibility & Non-Destructive Popup Checks [Vietnamese]","",""
"","17015","TC_40 [English] - Verify clicking Telegram row redirects to the Telegram channel in a new tab","Profile Page (English)","2026-09-02","broken","2026-09-02","","8. Community Tab – Social Redirections","",""
"","235","TC_13 [English] - Verify Team Statistics section heading is displayed","Recent Match Details Page [English]","2026-09-02","passed","2026-09-02","","5. Stats Tab [English]","",""
"","1612","TC_55 [English] - Verify Login/Signup button is visible across all three profile tabs for a guest user","Profile Page (English)","2026-09-02","passed","2026-09-02","","10. Edge Cases","",""
"","287","TC_05 [English] - Verify clicking Team 1 logo navigates to Team 1 details page and back returns to match","Upcoming Match Details Page [English]","2026-09-02","passed","2026-09-02","","2. Match Header [English]","",""
"","1948","TC_01 [English] - Verify Profile page loads successfully via direct URL with all three tabs visible","Profile Page (English)","2026-09-02","passed","2026-09-02","","1. Page Load","",""
"","6668","TC_28 [Vietnamese] - Verify the Competitions section lists tournaments the team has participated in","Team Details Page [Vietnamese]","2026-09-02","passed","2026-09-02","","5. Competitions [Vietnamese]","",""
"","163","TC_16 [Vietnamese] - Verify H2H section contains at least one past match entry","Upcoming Match Details Page [Vietnamese]","2026-09-02","failed","2026-09-02","","4. Overview Tab [Vietnamese]","",""
"","1447","TC_09 [English] - Verify Personalisation section is displayed","Landing Page Validation (English)","2026-09-02","passed","2026-09-02","","","",""
"","3256","TC_03 [English] - Verify Knockout tab presence and Standings tab content on Canadian Premier League 2026 page","Tournament Pages [English]","2026-09-02","passed","2026-09-02","","Canadian Premier League 2026 [English]","",""
"","3685","TC_39 [English] - Verify clicking option '4+' in What's Your Take triggers the Express Signup popup","Beat SFC [English]","2026-09-02","passed","2026-09-02","","Match Details - Beat Aiko Widgets (Pre-login) [English]","",""
"","2887","TC_45 [Vietnamese] - Verify Profile page URL is correct after navigating away to Dashboard and returning","Profile Page (Vietnamese)","2026-09-02","passed","2026-09-02","","9. Tab Switching","",""
"","3833","TC17 [English] — Completed match header shows logos, team names and competition name","Smoke Suite [English]","2026-09-02","passed","2026-09-02","","","",""
"","169","TC_17 [Vietnamese] - Verify Standings section is displayed in Overview tab","Upcoming Match Details Page [Vietnamese]","2026-09-02","passed","2026-09-02","","4. Overview Tab [Vietnamese]","",""
"","2640","TC_29 [Vietnamese] - Verify Overview and Matches tabs display content on Int. Friendly Games 2026 page","Tournament Pages [Vietnamese]","2026-09-02","passed","2026-09-02","","Int. Friendly Games 2026 [Vietnamese]","",""
"","6547","TC_21 [Vietnamese] - Verify the General Info section displays the FIFA Ranking and points correctly","Team Details Page [Vietnamese]","2026-09-02","passed","2026-09-02","","3. Stats [Vietnamese]","",""
"","129","TC_09 [Vietnamese] - Verify win prediction section heading is displayed","Upcoming Match Details Page [Vietnamese]","2026-09-02","passed","2026-09-02","","4. Overview Tab [Vietnamese]","",""
"","1144","TC_13 [English] — Continue stays disabled with only the name filled","Blue Moon — Signup Details Page (English)","2026-09-02","passed","2026-09-02","","","",""
"","209","TC_13 [Vietnamese] - Verify Team Statistics section heading is displayed","Recent Match Details Page [Vietnamese]","2026-09-02","passed","2026-09-02","","5. Stats Tab [Vietnamese]","",""
"","1558","TC_16 [English] - Verify ""View insights"" button is displayed in Alerts card","Landing Page Validation (English)","2026-09-02","passed","2026-09-02","","","",""
"","10185","TC_16 [English] - Verify tapping the favorite icon as a guest prompts sign-up/login","Team Details Page [English]","2026-09-02","passed","2026-09-02","","2. Navigation & Header [English]","",""
"","3045","TC_14 [English] - Verify clicking the Today filter displays filtered match results","Dashboard Validation (English)","2026-09-02","passed","2026-09-02","","","",""
"","1","TC_27 [English] — Linking a Telegram account already connected to another SportsFC account shows a conflict message [requires conflicted Telegram test account]","","2026-09-02","skipped","2026-09-02","","","",""
"","3902","TC_30 [English] - Verify clicking 'Draw' in Guess the Winner triggers the Express Signup popup","Beat SFC [English]","2026-09-02","passed","2026-09-02","","Match Details - Beat Aiko Widgets (Pre-login) [English]","",""
"","4342","TC_40 [Vietnamese] - Verify 'Xem thêm 2 phân tích' link expands/collapses additional insights without requiring login","Beat SFC [Vietnamese]","2026-09-02","passed","2026-09-02","","Match Details - Beat Aiko Widgets (Pre-login) [Vietnamese]","",""
"","1735","TC_02 [English] - Verify brand logo is displayed on Landing page","Landing Page Validation (English)","2026-09-02","passed","2026-09-02","","","",""
"","19234","TC24 [English] — Clicking a player navigates to the Player Details page","Smoke Suite [English]","2026-09-02","broken","2026-09-02","","","",""
"","2707","TC_35 [Vietnamese] - Verify Overview and Matches tabs display content on V-League 1 26/27 page","Tournament Pages [Vietnamese]","2026-09-02","passed","2026-09-02","","V-League 1 26/27 [Vietnamese]","",""
"","3454","TC_28 [English] - Verify 'BEAT SFC · GUESS THE WINNER!' section displays correctly","Beat SFC [English]","2026-09-02","passed","2026-09-02","","Match Details - Beat Aiko Widgets (Pre-login) [English]","",""
"","4609","TC_24 [English] — Back navigation returns to the Signup Details page","Blue Moon — OTP Page (English)","2026-09-02","passed","2026-09-02","","","",""
"","19432","TC22 [Vietnamese] — Team logo/crest is displayed correctly","Smoke Suite [Vietnamese]","2026-09-02","broken","2026-09-02","","","",""
"","2465","TC_33 [Vietnamese] - Verify Knockout tab presence and Standings tab content on Club Friendly Games 2026 page","Tournament Pages [Vietnamese]","2026-09-02","passed","2026-09-02","","Club Friendly Games 2026 [Vietnamese]","",""
"","920","TC_07 [English] - Liability cap of 100 GBP is stated","Terms of Use (English)","2026-09-02","passed","2026-09-02","","","",""
"","593","TC_17 [Vietnamese] - Verify Terms of Service, Privacy Policy and Cookie Policy all redirect to unique pages","Profile Page (Vietnamese)","2026-09-02","passed","2026-09-02","","4. Account Tab","",""
"","5353","TC_28 [Vietnamese] - Verify navigation to Int. Friendly Games 2026 and URL/heading are correct","Tournament Pages [Vietnamese]","2026-09-02","passed","2026-09-02","","Int. Friendly Games 2026 [Vietnamese]","",""
"","3059","TC_18 [Vietnamese] - Verify Knockout tab presence and Standings tab content on MLS 2026 page","Tournament Pages [Vietnamese]","2026-09-02","passed","2026-09-02","","MLS 2026 [Vietnamese]","",""
"","19033","TC21 [Vietnamese] — Team name is displayed correctly in the page header","Smoke Suite [Vietnamese]","2026-09-02","broken","2026-09-02","","","",""
"","5466","TC_28 [English] - Verify navigation to Int. Friendly Games 2026 and URL/heading are correct","Tournament Pages [English]","2026-09-02","passed","2026-09-02","","Int. Friendly Games 2026 [English]","",""
"","5304","TC_34 [English] - Verify navigation to V-League 1 26/27 and URL/heading are correct","Tournament Pages [English]","2026-09-02","passed","2026-09-02","","V-League 1 26/27 [English]","",""
"","1993","TC_09 [English] — A number shorter than 10 digits keeps Continue disabled","Blue Moon — Signup Details Page (English)","2026-09-02","passed","2026-09-02","","","",""
"","1947","TC_12 [Vietnamese] — Phone number field sanitizes/rejects script or injection-style input without executing it or causing errors","Details Page [Vietnamese]","2026-09-02","passed","2026-09-02","","","",""
"","481","TC_06 [English] - Minimum age requirement (18 years) is stated","Terms of Use (English)","2026-09-02","passed","2026-09-02","","","",""
"","18766","TC_12 [English] - Verify searching by country name filters the country list","Beat SFC [English]","2026-09-02","broken","2026-09-02","","Express Signup - Login/OTP Popup [English]","",""
"","4212","TC_06 [Vietnamese] — Country code selector allows changing the default country code to another country","Organic Signup Journey (Vietnamese)","2026-09-02","passed","2026-09-02","","Login/Join Page","",""
"","3059","TC_09 [Vietnamese] - Verify Knockout tab presence and Standings tab content on Brasileiro Serie B 2026 page","Tournament Pages [Vietnamese]","2026-09-02","passed","2026-09-02","","Brasileiro Serie B 2026 [Vietnamese]","",""
"","1301","TC26 [English] — Profile header displays Guest state and Login/Signup button","Smoke Suite [English]","2026-09-02","passed","2026-09-02","","","",""
"","6997","TC_19 [English] - Verify Group position and Last 10 record display correctly for a club team","Team Details Page [English]","2026-09-02","passed","2026-09-02","","3. Stats [English]","",""
"","218","TC_37 [English] - Verify all 7 social channel icons and rows load without broken images","Profile Page (English)","2026-09-02","passed","2026-09-02","","7. Community Tab","",""
"","478","TC_35 [Vietnamese] - Verify all 7 social channel rows display correct channel names","Profile Page (Vietnamese)","2026-09-02","passed","2026-09-02","","7. Community Tab","",""
"","3724","TC_37 [English] - Verify clicking option '2' in What's Your Take triggers the Express Signup popup","Beat SFC [English]","2026-09-02","passed","2026-09-02","","Match Details - Beat Aiko Widgets (Pre-login) [English]","",""
"","72","TC_04 [Vietnamese] - Verify final score is displayed between team names in match header","Recent Match Details Page [Vietnamese]","2026-09-02","passed","2026-09-02","","2. Match Header [Vietnamese]","",""
"","2856","TC_20 [Vietnamese] - Verify Overview and Matches tabs display content on J1 League 26/27 page","Tournament Pages [Vietnamese]","2026-09-02","passed","2026-09-02","","J1 League 26/27 [Vietnamese]","",""
"","166","TC_14 [English] - Verify Expected Goals section shows numeric xG values","Upcoming Match Details Page [English]","2026-09-02","passed","2026-09-02","","4. Overview Tab [English]","",""
"","3879","TC_33 [English] - Verify clicking 'Yes' in Cast Your Vote triggers the Express Signup popup","Beat SFC [English]","2026-09-02","passed","2026-09-02","","Match Details - Beat Aiko Widgets (Pre-login) [English]","",""
"","5160","TC_18 [English] — Resend OTP after the countdown expires sends a new OTP and resets the timer","OTP Verification [English]","2026-09-02","passed","2026-09-02","","","",""
"","10267","TC_22 [Vietnamese] - Verify Match Information section shows match date and venue details","Recent Match Details Page [Vietnamese]","2026-09-02","broken","2026-09-02","","5. Stats Tab [Vietnamese]","",""
"","53133","TC_22 [English] — Submitting an expired OTP is rejected with an appropriate error message","OTP Verification [English]","2026-09-02","failed","2026-09-02","","","",""
"","3118","TC_12 [English] - Verify Knockout tab presence and Standings tab content on CONMEBOL Sudamericana 2026 page","Tournament Pages [English]","2026-09-02","passed","2026-09-02","","CONMEBOL Sudamericana 2026 [English]","",""
"","2977","TC_12 [English] - Verify match cards are displayed without any UI distortion","Dashboard Validation (English)","2026-09-02","passed","2026-09-02","","","",""
"","442","TC_17 [English] — OTP field accepts numeric input only","OTP Verification [English]","2026-09-02","passed","2026-09-02","","","",""
"","3275","TC_35 [English] - Verify 'BEAT SFC · WHAT'S YOUR TAKE?' section displays correctly","Beat SFC [English]","2026-09-02","passed","2026-09-02","","Match Details - Beat Aiko Widgets (Pre-login) [English]","",""
"","16370","TC12 [English] — Selecting a tournament from the competition list navigates to its page","Smoke Suite [English]","2026-09-02","broken","2026-09-02","","","",""
"","357","TC_16 [English] — 6-box display and Verify OTP requires all 6 digits","OTP Verification [English]","2026-09-02","passed","2026-09-02","","","",""
"","1538","TC_56 [Vietnamese] - Verify Profile page is fully responsive on mobile viewport 375x667","Profile Page (Vietnamese)","2026-09-02","passed","2026-09-02","","11. UI & Responsive","",""
"","52698","TC_33 [English] — Complete ""Maybe later"" path: Details → OTP → skip Telegram → Welcome → Dashboard","E2E Journey [English]","2026-09-02","broken","2026-09-02","","","",""
"","1192","TC_59 [English] - Verify Profile page loads within 5 seconds","Profile Page (English)","2026-09-02","passed","2026-09-02","","12. Performance","",""
"","151","TC_02 [Vietnamese] - Verify the Logout button displays the correct label and icon","Logout (Vietnamese)","2026-09-02","passed","2026-09-02","","1. Logout Control Visibility & Non-Destructive Popup Checks [Vietnamese]","",""
"","305","TC_04 [Vietnamese] - Verify Profile header displays Guest username and Login/Signup button for guest user","Profile Page (Vietnamese)","2026-09-02","passed","2026-09-02","","2. Profile Header","",""
"","1576","TC_11 [English] - Verify clicking Terms of Service redirects to the Terms of Service page","Profile Page (English)","2026-09-02","passed","2026-09-02","","4. Account Tab","",""
"","2671","TC_30 [English] - Verify Knockout tab presence and Standings tab content on Int. Friendly Games 2026 page","Tournament Pages [English]","2026-09-02","passed","2026-09-02","","Int. Friendly Games 2026 [English]","",""
"","2979","TC_17 [English] - Verify Overview and Matches tabs display content on MLS 2026 page","Tournament Pages [English]","2026-09-02","passed","2026-09-02","","MLS 2026 [English]","",""
"","0","TC_39 [Vietnamese] - Verify clicking Viber row redirects to the Viber channel in a new tab [Viber removed from Community tab]","","2026-09-02","skipped","2026-09-02","","","",""
"","2081","TC_08 [English] - Verify dismissing the confirmation popup via Esc key keeps the user logged in","Logout (English)","2026-09-02","passed","2026-09-02","","1. Logout Control Visibility & Non-Destructive Popup Checks","",""
"","2004","TC_47 [Vietnamese] - Verify active tab indicator updates on each tab click","Profile Page (Vietnamese)","2026-09-02","passed","2026-09-02","","9. Tab Switching","",""
"","90366","TC_18 [Vietnamese] - Verify Lineup tab displays football pitch for both teams with team names and logos","Upcoming Match Details Page [Vietnamese]","2026-09-02","broken","2026-09-02","","5. Lineups Tab [Vietnamese]","",""
"","157","TC_27 [Vietnamese] - Verify Passing section shows stat comparison values","Upcoming Match Details Page [Vietnamese]","2026-09-02","passed","2026-09-02","","6. Stats Tab [Vietnamese]","",""
"","5949","TC_01 [Vietnamese] - Verify user is redirected to Match Details page after clicking the upcoming match","Upcoming Match Details Page [Vietnamese]","2026-09-02","passed","2026-09-02","","1. Navigation [Vietnamese]","",""
"","386","TC_06 [English] - Verify clicking Team 1 logo navigates to Team 1 details page and back returns to match","Recent Match Details Page [English]","2026-09-02","passed","2026-09-02","","2. Match Header [English]","",""
"","5096","TC_02 [Vietnamese] - Verify Back button navigates user back to the Dashboard","Recent Match Details Page [Vietnamese]","2026-09-02","passed","2026-09-02","","1. Navigation [Vietnamese]","",""
"","85","TC_04 [English] - Verify final score is displayed between team names in match header","Recent Match Details Page [English]","2026-09-02","passed","2026-09-02","","2. Match Header [English]","",""
"","10","TC_14 [English] — Page displays the exact phone number entered on the Details page","OTP Verification [English]","2026-09-02","passed","2026-09-02","","","",""
"","35906","TC13 [English] — Team Details page loads for Sevilla via valid URL","Smoke Suite [English]","2026-09-02","broken","2026-09-02","","","",""
"","2890","TC_21 [Vietnamese] - Verify Knockout tab presence and Standings tab content on J1 League 26/27 page","Tournament Pages [Vietnamese]","2026-09-02","passed","2026-09-02","","J1 League 26/27 [Vietnamese]","",""
"","1838","TC_29 [Vietnamese] - Verify language selection persists after page refresh","Profile Page (Vietnamese)","2026-09-02","passed","2026-09-02","","5. Preferences Tab","",""
"","6480","TC_17 [Vietnamese] - Verify the team crest/flag icon displays correctly","Team Details Page [Vietnamese]","2026-09-02","passed","2026-09-02","","2. Navigation & Header [Vietnamese]","",""
"","3033","TC_08 [Vietnamese] - Verify Recent Result cards display completed match information","Dashboard Validation (Vietnamese)","2026-09-02","passed","2026-09-02","","","",""
"","3365","TC_06 [Vietnamese] - Verify Knockout tab presence and Standings tab content on Africa Cup of Nations Qualification 2026 page","Tournament Pages [Vietnamese]","2026-09-02","passed","2026-09-02","","Africa Cup of Nations Qualification 2026 [Vietnamese]","",""
"","1504","TC_04 [English] - Verify hero tagline text element is displayed","Landing Page Validation (English)","2026-09-02","passed","2026-09-02","","","",""
"","30927","TC_09 [Vietnamese] - Verify user can switch between Lineups, Stats, Play by Play and Rankings tabs","Recent Match Details Page [Vietnamese]","2026-09-02","broken","2026-09-02","","3. Match Detail Tabs [Vietnamese]","",""
"","3301","TC_12 [Vietnamese] - Verify Knockout tab presence and Standings tab content on CONMEBOL Sudamericana 2026 page","Tournament Pages [Vietnamese]","2026-09-02","passed","2026-09-02","","CONMEBOL Sudamericana 2026 [Vietnamese]","",""
"","3257","TC_07 [English] - Verify View All option is displayed in the Upcoming section and user is redirected to the Upcoming Matches page after clicking it","Dashboard Validation (English)","2026-09-02","passed","2026-09-02","","","",""
"","10730","TC_08 [English] - Verify Team Details page is reachable and loads correctly from CONMEBOL Libertadores 2026","Team Details Page [English]","2026-09-02","passed","2026-09-02","","1. Cross-Tournament Reachability [English]","",""
"","6099","TC06 [Vietnamese] — ""Để sau"" on Link Telegram navigates to Welcome page without linking Telegram","Smoke Suite [Vietnamese]","2026-09-02","passed","2026-09-02","","","",""
"","43","TC_09 [Vietnamese] - Verify DATA & PRIVACY section heading is displayed correctly in the Account tab","Profile Page (Vietnamese)","2026-09-02","passed","2026-09-02","","4. Account Tab","",""
"","19267","TC24 [Vietnamese] — Clicking a player navigates to the Player Details page","Smoke Suite [Vietnamese]","2026-09-02","broken","2026-09-02","","","",""
"","19397","TC23 [Vietnamese] — Squad list is displayed with registered players","Smoke Suite [Vietnamese]","2026-09-02","broken","2026-09-02","","","",""
"","892","TC_03 [Vietnamese] - Verify the Logout option appears only under the Account tab and not other Settings tabs","Logout (Vietnamese)","2026-09-02","passed","2026-09-02","","1. Logout Control Visibility & Non-Destructive Popup Checks [Vietnamese]","",""
"","792","TC_10 [English] - Browser tab title contains ""Terms of Use""","Terms of Use (English)","2026-09-02","passed","2026-09-02","","","",""
"","1495","TC_57 [Vietnamese] - Verify Profile page layout is correct on tablet viewport 768x1024","Profile Page (Vietnamese)","2026-09-02","passed","2026-09-02","","11. UI & Responsive","",""
"","5701","TC_34 [English] — Back button at each step returns to previous step, not forward in flow","E2E Journey [English]","2026-09-02","passed","2026-09-02","","","",""
"","0","TC_43 [English] - Verify clicking TikTok row redirects to the TikTok profile in a new tab [TikTok removed from Community tab]","","2026-09-02","skipped","2026-09-02","","","",""
"","5752","TC_08 [English] — An inline validation error/disabled state is shown when Continue is clicked with an empty phone number field","Organic Signup Journey (English)","2026-09-02","passed","2026-09-02","","Login/Join Page","",""
"","10891","TC_05 [English] - Verify Team Details page is reachable and loads correctly from K-League 1 2026","Team Details Page [English]","2026-09-02","passed","2026-09-02","","1. Cross-Tournament Reachability [English]","",""
"","188","TC_19 [Vietnamese] - Verify clicking Preferences tab makes it active and loads Language section with language options","Profile Page (Vietnamese)","2026-09-02","passed","2026-09-02","","5. Preferences Tab","",""
"","542","TC_13 [English] — ""Verify OTP""/""Xác minh OTP"" button remains disabled until all 6 digits are entered","Organic Signup Journey (English)","2026-09-02","passed","2026-09-02","","OTP Page — submission and display","",""
"","35","TC_15 [Vietnamese] — Resend OTP shows a countdown immediately after the OTP is sent","OTP Verification [Vietnamese]","2026-09-02","passed","2026-09-02","","","",""
"","6471","TC_30 [English] — ""Go to sportsfc.fans"" navigates to the Dashboard","Welcome Page (English)","2026-09-02","passed","2026-09-02","","","",""
"","2024","TC_06 [English] - Verify a confirmation popup appears when Logout is clicked","Logout (English)","2026-09-02","passed","2026-09-02","","1. Logout Control Visibility & Non-Destructive Popup Checks","",""
"","3642","TC16 [Vietnamese] — Clicking a completed match navigates to Match Details page","Smoke Suite [Vietnamese]","2026-09-02","passed","2026-09-02","","","",""
"","3218","TC_01 [English] - Verify Landing page URL","Landing Page Validation (English)","2026-09-02","passed","2026-09-02","","","",""
"","7800","TC_03 [Vietnamese] - Verify Team Details page is reachable and loads correctly from Brasileiro Serie B 2026","Team Details Page [Vietnamese]","2026-09-02","passed","2026-09-02","","1. Cross-Tournament Reachability [Vietnamese]","",""
"","6892","TC_31 [Vietnamese] - Verify no duplicate competition entries are shown for the same tournament","Team Details Page [Vietnamese]","2026-09-02","passed","2026-09-02","","5. Competitions [Vietnamese]","",""
"","16725","TC_42 [Vietnamese] - Verify clicking Instagram row redirects to the Instagram profile in a new tab","Profile Page (Vietnamese)","2026-09-02","broken","2026-09-02","","8. Community Tab – Social Redirections","",""
"","1513","TC_13 [English] - Verify Live Alerts card is displayed in the Feed section","Landing Page Validation (English)","2026-09-02","passed","2026-09-02","","","",""
"","3694","TC_29 [Vietnamese] - Verify clicking Team A WIN in Guess the Winner triggers the Express Signup popup","Beat SFC [Vietnamese]","2026-09-02","passed","2026-09-02","","Match Details - Beat Aiko Widgets (Pre-login) [Vietnamese]","",""
"","6705","TC_20 [English] - Verify FIFA Ranking and Last 10 record display correctly for a national team","Team Details Page [English]","2026-09-02","passed","2026-09-02","","3. Stats [English]","",""
"","6486","TC_13 [English] — Network failure on Sign Up shows an appropriate error","Details Page [English]","2026-09-02","passed","2026-09-02","","","",""
"","1759","TC_46 [English] - Verify switching between all three tabs works correctly with no content overlap","Profile Page (English)","2026-09-02","passed","2026-09-02","","9. Tab Switching","",""
"","7231","TC_22 [English] - Verify the Recent Results section displays the team's recent matches","Team Details Page [English]","2026-09-02","passed","2026-09-02","","4. Recent Results [English]","",""
"","195","TC_22 [English] - Verify Team Statistics section shows stat comparison values","Upcoming Match Details Page [English]","2026-09-02","passed","2026-09-02","","6. Stats Tab [English]","",""
"","175","TC_15 [English] - Verify Head-to-Head (H2H) section heading is displayed","Upcoming Match Details Page [English]","2026-09-02","passed","2026-09-02","","4. Overview Tab [English]","",""
"","137","TC_25 [English] - Verify Play by Play section shows match event minute indicators","Recent Match Details Page [English]","2026-09-02","passed","2026-09-02","","6. Play by Play Tab [English]","",""
"","5584","TC_13 [English] - Verify navigation to K-League 1 2026 and URL/heading are correct","Tournament Pages [English]","2026-09-02","passed","2026-09-02","","K-League 1 2026 [English]","",""
"","33","TC_15 [English] — Resend OTP shows a countdown immediately after the OTP is sent","OTP Verification [English]","2026-09-02","passed","2026-09-02","","","",""
"","2010","TC_02 [English] — Details page loads with heading, description, country selector, phone field, terms text, Sign Up button and disclaimer","Details Page [English]","2026-09-02","passed","2026-09-02","","","",""
"","6","TC_14 [Vietnamese] — Page displays the exact phone number entered on the Details page","OTP Verification [Vietnamese]","2026-09-02","passed","2026-09-02","","","",""
"","1638","TC_02 [Vietnamese] - Verify Profile page is accessible via the Settings icon in the navigation","Profile Page (Vietnamese)","2026-09-02","passed","2026-09-02","","1. Page Load","",""
"","2010","TC_48 [Vietnamese] - Verify rapid tab switching does not cause content overlap or errors","Profile Page (Vietnamese)","2026-09-02","passed","2026-09-02","","9. Tab Switching","",""
"","3275","TC_13 [English] - Verify Dashboard page loads without any broken UI elements","Dashboard Validation (English)","2026-09-02","passed","2026-09-02","","","",""
"","2927","TC_01 [English] — Both Signup CTAs are visible and enabled","Blue Moon — Landing Page (English)","2026-09-02","passed","2026-09-02","","","",""
"","6088","TC_35 [Vietnamese] — Refreshing mid-flow retains session so the user can continue","E2E Journey [Vietnamese]","2026-09-02","passed","2026-09-02","","","",""
"","3240","TC_12 [Vietnamese] - Verify match cards are displayed without any UI distortion","Dashboard Validation (Vietnamese)","2026-09-02","passed","2026-09-02","","","",""
"","2539","TC_16 [English] — Continue becomes enabled once Name, Mobile and the checkbox are all valid","Blue Moon — Signup Details Page (English)","2026-09-02","passed","2026-09-02","","","",""
"","124","TC_12 [Vietnamese] — Page displays the exact phone number entered, 6 separate OTP boxes, and an active resend countdown","Organic Signup Journey (Vietnamese)","2026-09-02","passed","2026-09-02","","OTP Page — submission and display","",""
"","1983","TC_47 [English] - Verify active tab indicator updates on each tab click","Profile Page (English)","2026-09-02","passed","2026-09-02","","9. Tab Switching","",""
"","10841","TC11 [Vietnamese] — Clicking a Today Match card navigates to the Match Detail page","Smoke Suite [Vietnamese]","2026-09-02","broken","2026-09-02","","","",""
"","30694","TC_26 [English] - Verify tapping a Recent Result card navigates to that match's Match Details page","Team Details Page [English]","2026-09-02","passed","2026-09-02","","4. Recent Results [English]","",""
"","2575","TC_10 [English] - Verify 'Continue' button is disabled when the phone number field is empty","Beat SFC [English]","2026-09-02","passed","2026-09-02","","Express Signup - Login/OTP Popup [English]","",""
"","3799","TC_33 [Vietnamese] - Verify clicking 'Có' (Yes) in Cast Your Vote triggers the Express Signup popup","Beat SFC [Vietnamese]","2026-09-02","passed","2026-09-02","","Match Details - Beat Aiko Widgets (Pre-login) [Vietnamese]","",""
"","3404","TC_24 [Vietnamese] - Verify Knockout tab presence and Standings tab content on CONMEBOL Libertadores 2026 page","Tournament Pages [Vietnamese]","2026-09-02","passed","2026-09-02","","CONMEBOL Libertadores 2026 [Vietnamese]","",""
"","30067","TC_30 [English] - Verify standings displays position numbers 1 through 4","Recent Match Details Page [English]","2026-09-02","broken","2026-09-02","","8. Rankings Tab [English]","",""
"","88145","TC_09 [English] - Verify Team Details page is reachable and loads correctly from Brasileiro Serie A 2026","Team Details Page [English]","2026-09-02","skipped","2026-09-02","","1. Cross-Tournament Reachability [English]","",""
"","3056","TC_11 [English] - Verify Dashboard sections are displayed in the correct sequence","Dashboard Validation (English)","2026-09-02","failed","2026-09-02","","","",""
"","4014","TC_41 [Vietnamese] - Verify clicking Facebook row redirects to the Facebook page in a new tab","Profile Page (Vietnamese)","2026-09-02","passed","2026-09-02","","8. Community Tab – Social Redirections","",""
"","353","TC_23 [Vietnamese] - Verify Defense section heading is displayed","Upcoming Match Details Page [Vietnamese]","2026-09-02","passed","2026-09-02","","6. Stats Tab [Vietnamese]","",""
"","2966","TC11 [English] — Clicking a Today Match card navigates to the Match Detail page","Smoke Suite [English]","2026-09-02","passed","2026-09-02","","","",""
"","1368","TC02 [Vietnamese] — ""Đăng ký"" CTA on Landing page navigates to sign-up flow","Smoke Suite [Vietnamese]","2026-09-02","passed","2026-09-02","","","",""
"","212","TC_14 [English] - Verify Team Statistics section shows numeric stat comparison values","Recent Match Details Page [English]","2026-09-02","passed","2026-09-02","","5. Stats Tab [English]","",""
"","1424","TC_52 [Vietnamese] - Verify Profile page loads correctly after clearing all browser cache and storage","Profile Page (Vietnamese)","2026-09-02","passed","2026-09-02","","10. Edge Cases","",""
"","13506","TC_34 [Vietnamese] - Verify switching from one team's page to another's fully refreshes with no stale data","Team Details Page [Vietnamese]","2026-09-02","passed","2026-09-02","","6. Data Integrity [Vietnamese]","",""
"","24255","TC_21 [English] — Profile icon > Preferences tab CTA path reaches OTP dispatch","Organic Signup Journey (English)","2026-09-02","passed","2026-09-02","","End-to-End Journeys — entry points reach OTP dispatch","",""
"","2195","TC_03 [Vietnamese] - Verify Back arrow navigates the user away from the Profile page","Profile Page (Vietnamese)","2026-09-02","passed","2026-09-02","","1. Page Load","",""
"","5261","TC_31 [Vietnamese] - Verify navigation to Club Friendly Games 2026 and URL/heading are correct","Tournament Pages [Vietnamese]","2026-09-02","passed","2026-09-02","","Club Friendly Games 2026 [Vietnamese]","",""
"","19382","TC23 [English] — Squad list is displayed with registered players","Smoke Suite [English]","2026-09-02","broken","2026-09-02","","","",""
"","6711","TC_33 [Vietnamese] - Verify all sections consistently reflect the same team with no cross-team data leakage","Team Details Page [Vietnamese]","2026-09-02","passed","2026-09-02","","6. Data Integrity [Vietnamese]","",""
"","5037","TC_09 [English] — Valid, new phone number triggers OTP dispatch and navigates to the OTP verification page","Details Page [English]","2026-09-02","passed","2026-09-02","","","",""
"","1500","TC_03 [English] - Verify hero ball image is displayed on Landing page","Landing Page Validation (English)","2026-09-02","passed","2026-09-02","","","",""
"","996","TC_04 [English] — English heading, sub-heading and description are displayed correctly","Blue Moon — Signup Details Page (English)","2026-09-02","passed","2026-09-02","","","",""
"","362","TC_35 [English] - Verify all 7 social channel rows display correct channel names","Profile Page (English)","2026-09-02","passed","2026-09-02","","7. Community Tab","",""
"","21050","TC_23 [English] — Repeated incorrect OTP attempts are handled gracefully (no crash, consistent error/lockout)","Blue Moon — OTP Page (English)","2026-09-02","passed","2026-09-02","","","",""
"","6273","TC_16 [Vietnamese] - Verify navigation to MLS 2026 and URL/heading are correct","Tournament Pages [Vietnamese]","2026-09-02","passed","2026-09-02","","MLS 2026 [Vietnamese]","",""
"","5210","TC_28 [English] — The existing/login number can be reused for another full login without Firebase cleanup","Blue Moon — Welcome Page (existing/login number) (English)","2026-09-02","passed","2026-09-02","","","",""
"","491","TC_11 [English] - No horizontal overflow on mobile viewport","Terms of Use (English)","2026-09-02","passed","2026-09-02","","","",""
"","376","TC_12 [English] - Verify Both Teams Score section shows Yes and No buttons","Upcoming Match Details Page [English]","2026-09-02","passed","2026-09-02","","4. Overview Tab [English]","",""
"","1328","TC_52 [English] - Verify Profile page loads correctly after clearing all browser cache and storage","Profile Page (English)","2026-09-02","passed","2026-09-02","","10. Edge Cases","",""
"","2226","TC_49 [Vietnamese] - Verify language selection in Preferences tab persists when switching to other tabs and back","Profile Page (Vietnamese)","2026-09-02","passed","2026-09-02","","9. Tab Switching","",""
"","95","TC_07 [English] - Verify Preferences tab is the default active tab on page load","Profile Page (English)","2026-09-02","passed","2026-09-02","","3. Tab Navigation","",""
"","2824","TC_36 [English] - Verify Knockout tab presence and Standings tab content on V-League 1 26/27 page","Tournament Pages [English]","2026-09-02","passed","2026-09-02","","V-League 1 26/27 [English]","",""
"","799","TC_09 [English] - Browser tab title contains ""Privacy Policy""","Privacy Policy (English)","2026-09-02","passed","2026-09-02","","","",""
"","30062","TC_30 [Vietnamese] - Verify standings displays position numbers 1 through 4","Recent Match Details Page [Vietnamese]","2026-09-02","broken","2026-09-02","","8. Rankings Tab [Vietnamese]","",""
"","5194","TC_04 [Vietnamese] - Verify navigation to Africa Cup of Nations Qualification 2026 and URL/heading are correct","Tournament Pages [Vietnamese]","2026-09-02","passed","2026-09-02","","Africa Cup of Nations Qualification 2026 [Vietnamese]","",""
"","5738","TC_34 [Vietnamese] — Back button at each step returns to previous step, not forward in flow","E2E Journey [Vietnamese]","2026-09-02","passed","2026-09-02","","","",""
"","245","TC_30 [English] - Verify Match Information section shows match date and venue details","Upcoming Match Details Page [English]","2026-09-02","passed","2026-09-02","","6. Stats Tab [English]","",""
"","1982","TC29 [Vietnamese] — Account, Preferences and Community sections are present and navigable","Smoke Suite [Vietnamese]","2026-09-02","passed","2026-09-02","","","",""
"","2535","TC_33 [English] - Verify Knockout tab presence and Standings tab content on Club Friendly Games 2026 page","Tournament Pages [English]","2026-09-02","passed","2026-09-02","","Club Friendly Games 2026 [English]","",""
"","246","TC_17 [English] - Verify Goalkeeping section is displayed with Corners stat row","Recent Match Details Page [English]","2026-09-02","passed","2026-09-02","","5. Stats Tab [English]","",""
"","7082","TC_18 [English] - Verify the team name and competition context line display correctly","Team Details Page [English]","2026-09-02","passed","2026-09-02","","2. Navigation & Header [English]","",""
"","31779","TC_26 [Vietnamese] - Verify tapping a Recent Result card navigates to that match's Match Details page","Team Details Page [Vietnamese]","2026-09-02","passed","2026-09-02","","4. Recent Results [Vietnamese]","",""
"","1131","TC_59 [Vietnamese] - Verify Profile page loads within 5 seconds","Profile Page (Vietnamese)","2026-09-02","passed","2026-09-02","","12. Performance","",""
"","301","TC_30 [Vietnamese] - Verify Match Information section shows match date and venue details","Upcoming Match Details Page [Vietnamese]","2026-09-02","passed","2026-09-02","","6. Stats Tab [Vietnamese]","",""
"","2730","TC_20 [English] - Verify Overview and Matches tabs display content on J1 League 26/27 page","Tournament Pages [English]","2026-09-02","passed","2026-09-02","","J1 League 26/27 [English]","",""
"","226","TC_21 [English] - Verify Team Statistics section heading is displayed","Upcoming Match Details Page [English]","2026-09-02","passed","2026-09-02","","6. Stats Tab [English]","",""
"","163","TC_28 [English] - Verify stat rows display numeric comparison values for both teams","Upcoming Match Details Page [English]","2026-09-02","passed","2026-09-02","","6. Stats Tab [English]","",""
"","86988","TC_09 [Vietnamese] - Verify Team Details page is reachable and loads correctly from Brasileiro Serie A 2026","Team Details Page [Vietnamese]","2026-09-02","skipped","2026-09-02","","1. Cross-Tournament Reachability [Vietnamese]","",""
"","338","TC_05 [Vietnamese] - Verify clicking Login/Signup button redirects to the Login/Registration page","Profile Page (Vietnamese)","2026-09-02","passed","2026-09-02","","2. Profile Header","",""
"","293","TC_15 [Vietnamese] - Verify Defense section heading is displayed","Recent Match Details Page [Vietnamese]","2026-09-02","passed","2026-09-02","","5. Stats Tab [Vietnamese]","",""
"","5497","TC_17 [English] — Pasting 6-digit code redirects to Link Telegram","OTP Verification (English)","2026-09-02","passed","2026-09-02","","","",""
"","88","TC_34 [English] - Verify the JOIN OUR PUBLIC CHANNELS section heading is displayed correctly","Profile Page (English)","2026-09-02","passed","2026-09-02","","7. Community Tab","",""
"","39149","TC20 [Vietnamese] — Team Details page loads successfully via an upcoming match's team link","Smoke Suite [Vietnamese]","2026-09-02","failed","2026-09-02","","","",""
"","6607","TC_23 [Vietnamese] - Verify each Recent Result card displays flags/logos for both competing teams","Team Details Page [Vietnamese]","2026-09-02","passed","2026-09-02","","4. Recent Results [Vietnamese]","",""
"","6880","TC_25 [English] - Verify a drawn match displays correctly in the Recent Results section","Team Details Page [English]","2026-09-02","passed","2026-09-02","","4. Recent Results [English]","",""
"","7286","TC_14 [English] - Verify the breadcrumb title displays the correct team name","Team Details Page [English]","2026-09-02","passed","2026-09-02","","2. Navigation & Header [English]","",""
"","92","TC_31 [English] - Verify guest user name and Login/Signup button are displayed correctly in English","Profile Page (English)","2026-09-02","passed","2026-09-02","","6. Guest User","",""
"","2197","TC_49 [English] - Verify language selection in Preferences tab persists when switching to other tabs and back","Profile Page (English)","2026-09-02","passed","2026-09-02","","9. Tab Switching","",""
"","7627","TC_15 [Vietnamese] — Entering an incorrect OTP displays an error and allows the user to retry","Organic Signup Journey (Vietnamese)","2026-09-02","passed","2026-09-02","","OTP Page — incorrect code","",""
"","3656","TC_29 [English] - Verify clicking Team A WIN in Guess the Winner triggers the Express Signup popup","Beat SFC [English]","2026-09-02","passed","2026-09-02","","Match Details - Beat Aiko Widgets (Pre-login) [English]","",""
"","7877","TC_14 [Vietnamese] — Entering the correct OTP redirects directly to the Dashboard as a logged-in user, with no Telegram-link or Welcome step","Organic Signup Journey (Vietnamese)","2026-09-02","passed","2026-09-02","","OTP Page — correct verification","",""
"","3241","TC_32 [Vietnamese] - Verify 'ĐÁNH BẠI SFC · BÌNH CHỌN!' (Cast Your Vote) section displays correctly","Beat SFC [Vietnamese]","2026-09-02","passed","2026-09-02","","Match Details - Beat Aiko Widgets (Pre-login) [Vietnamese]","",""
"","144","TC_11 [English] - Verify Goal Scoring Chances section heading is displayed","Upcoming Match Details Page [English]","2026-09-02","passed","2026-09-02","","4. Overview Tab [English]","",""
"","30063","TC_29 [English] - Verify standings table shows at least 4 team entries","Recent Match Details Page [English]","2026-09-02","broken","2026-09-02","","8. Rankings Tab [English]","",""
"","1043","TC_06 [English] - Support email (support@sportsfc.fans) is present","Privacy Policy (English)","2026-09-02","passed","2026-09-02","","","",""
"","115","TC_10 [English] - Verify win prediction section shows percentage values","Upcoming Match Details Page [English]","2026-09-02","passed","2026-09-02","","4. Overview Tab [English]","",""
"","565","TC_24 [English] - Verify clicking Play by Play tab loads match event content","Recent Match Details Page [English]","2026-09-02","passed","2026-09-02","","6. Play by Play Tab [English]","",""
"","388","TC_17 [Vietnamese] — OTP field accepts numeric input only","OTP Verification [Vietnamese]","2026-09-02","passed","2026-09-02","","","",""
"","6474","TC_27 [Vietnamese] - Verify an appropriate state is shown when the team has no recent results","Team Details Page [Vietnamese]","2026-09-02","passed","2026-09-02","","4. Recent Results [Vietnamese]","",""
"","2834","TC_01 [English] - Privacy Policy page loads in English with correct heading","Privacy Policy (English)","2026-09-02","passed","2026-09-02","","","",""
"","2917","TC_03 [Vietnamese] — Country code selector defaults to +91 and can be changed to another country","Details Page [Vietnamese]","2026-09-02","failed","2026-09-02","","","",""
"","10800","TC_33 [English] — Back button at each step returns to previous step, not forward in flow","E2E Journey (English)","2026-09-02","passed","2026-09-02","","","",""
"","131","TC_11 [Vietnamese] - Verify Goal Scoring Chances section heading is displayed","Upcoming Match Details Page [Vietnamese]","2026-09-02","passed","2026-09-02","","4. Overview Tab [Vietnamese]","",""
"","1224","TC01 [English] — Landing page loads successfully for a logged-out user","Smoke Suite [English]","2026-09-02","passed","2026-09-02","","","",""
"","2756","TC_01 [Vietnamese] — Guest user can access the Dashboard directly and the Login/Signup CTA is displayed in the header","Organic Signup Journey (Vietnamese)","2026-09-02","passed","2026-09-02","","Guest Dashboard","",""
"","3477","TC_28 [Vietnamese] - Verify 'ĐÁNH BẠI SFC · ĐOÁN NGƯỜI THẮNG!' section displays correctly","Beat SFC [Vietnamese]","2026-09-02","passed","2026-09-02","","Match Details - Beat Aiko Widgets (Pre-login) [Vietnamese]","",""
"","135","TC_25 [Vietnamese] - Verify selecting English highlights it with a filled selection indicator","Profile Page (Vietnamese)","2026-09-02","passed","2026-09-02","","5. Preferences Tab","",""
"","4391","TC_16 [Vietnamese] - Verify all three Data & Privacy links redirect to their correct pages when clicked in sequence","Profile Page (Vietnamese)","2026-09-02","passed","2026-09-02","","4. Account Tab","",""
"","105","TC_24 [Vietnamese] - Verify English language option displays 🌐 globe icon and English label","Profile Page (Vietnamese)","2026-09-02","passed","2026-09-02","","5. Preferences Tab","",""
"","17148","TC_44 [Vietnamese] - Verify clicking YouTube row redirects to the YouTube channel in a new tab","Profile Page (Vietnamese)","2026-09-02","broken","2026-09-02","","8. Community Tab – Social Redirections","",""
"","5615","TC14 [Vietnamese] — Clicking an upcoming match card navigates to Match Details page","Smoke Suite [Vietnamese]","2026-09-02","passed","2026-09-02","","","",""
"","3540","TC_34 [Vietnamese] - Verify clicking 'Không' (No) in Cast Your Vote triggers the Express Signup popup","Beat SFC [Vietnamese]","2026-09-02","passed","2026-09-02","","Match Details - Beat Aiko Widgets (Pre-login) [Vietnamese]","",""
"","1932","TC_48 [English] - Verify rapid tab switching does not cause content overlap or errors","Profile Page (English)","2026-09-02","passed","2026-09-02","","9. Tab Switching","",""
"","1435","TC_12 [English] - Verify Real-Time Feed section is displayed","Landing Page Validation (English)","2026-09-02","passed","2026-09-02","","","",""
"","2883","TC_41 [Vietnamese] - Verify the Leaderboard teaser is NOT shown when the user is logged out","Beat SFC [Vietnamese]","2026-09-02","passed","2026-09-02","","Match Details - Beat Aiko Widgets (Pre-login) [Vietnamese]","",""
"","194","TC_21 [Vietnamese] - Verify Team Statistics section heading is displayed","Upcoming Match Details Page [Vietnamese]","2026-09-02","passed","2026-09-02","","6. Stats Tab [Vietnamese]","",""
"","967","TC_03 [English] - Company name (RICH ABLE DEVELOPMENTS LIMITED) and Samoa address are unchanged","Terms of Use (English)","2026-09-02","passed","2026-09-02","","","",""
"","30068","TC_31 [English] - Verify standings shows team logos for at least 4 teams","Recent Match Details Page [English]","2026-09-02","broken","2026-09-02","","8. Rankings Tab [English]","",""
"","4004","TC_09 [English] - Verify Ok/Yes on the logout confirmation popup logs the user out","Logout (English)","2026-09-02","passed","2026-09-02","","2. Logout Execution & Redirect","",""
"","3325","TC_13 [Vietnamese] - Verify Dashboard page loads without any broken UI elements","Dashboard Validation (Vietnamese)","2026-09-02","passed","2026-09-02","","","",""
"","2082","TC_39 [Vietnamese] — Direct URL to Dashboard page allows proceeding without being bounced to login (guest-accessible by design)","Welcome Page — Direct Access [Vietnamese]","2026-09-02","passed","2026-09-02","","","",""
"","243","TC_21 [Vietnamese] - Verify Language section can be collapsed and re-expanded","Profile Page (Vietnamese)","2026-09-02","passed","2026-09-02","","5. Preferences Tab","",""
"","3159","TC_27 [Vietnamese] - Verify Knockout tab presence and Standings tab content on Brasileiro Serie A 2026 page","Tournament Pages [Vietnamese]","2026-09-02","passed","2026-09-02","","Brasileiro Serie A 2026 [Vietnamese]","",""
"","0","TC_39 [English] - Verify clicking Viber row redirects to the Viber channel in a new tab [Viber removed from Community tab]","","2026-09-02","skipped","2026-09-02","","","",""
"","1415","TC_18 [English] - Verify Match Prediction widget is displayed in The Edge section","Landing Page Validation (English)","2026-09-02","passed","2026-09-02","","","",""
"","6670","TC_20 [Vietnamese] - Verify FIFA Ranking and Last 10 record display correctly for a national team","Team Details Page [Vietnamese]","2026-09-02","passed","2026-09-02","","3. Stats [Vietnamese]","",""
"","6098","TC05 [English] — Correct OTP navigates user to Link Telegram page","Smoke Suite [English]","2026-09-02","passed","2026-09-02","","","",""
"","579","TC_12 [English] - Language switch keeps user on /terms (no re-login required)","Terms of Use (English)","2026-09-02","passed","2026-09-02","","","",""
"","9001","TC_06 [Vietnamese] - Verify Team Details page is reachable and loads correctly from MLS 2026","Team Details Page [Vietnamese]","2026-09-02","passed","2026-09-02","","1. Cross-Tournament Reachability [Vietnamese]","",""
"","1293","TC26 [Vietnamese] — Profile header displays Guest state and Login/Signup button","Smoke Suite [Vietnamese]","2026-09-02","passed","2026-09-02","","","",""
"","6090","TC05 [Vietnamese] — Correct OTP navigates user to Link Telegram page","Smoke Suite [Vietnamese]","2026-09-02","passed","2026-09-02","","","",""
"","489","TC_42 [Vietnamese] — Setting a 6-digit code fills the OTP field correctly and triggers submission","OTP Verification — Wrong-Attempt Tests [Vietnamese]","2026-09-02","passed","2026-09-02","","","",""
"","4841","TC_03 [Vietnamese] — Clicking the profile icon as a guest redirects to Settings > Preferences tab, where a Login/Signup CTA is displayed","Organic Signup Journey (Vietnamese)","2026-09-02","passed","2026-09-02","","Guest Dashboard","",""
"","2060","TC_02 [Vietnamese] — Details page loads with heading, description, country selector, phone field, terms text, Sign Up button and disclaimer","Details Page [Vietnamese]","2026-09-02","passed","2026-09-02","","","",""
"","184","TC_20 [English] - Verify stat rows display numeric comparison values for both teams","Recent Match Details Page [English]","2026-09-02","passed","2026-09-02","","5. Stats Tab [English]","",""
"","5709","TC_15 [English] — Correct OTP auto-submits and navigates to link-telegram","OTP Verification (English)","2026-09-02","passed","2026-09-02","","","",""
"","284","TC_21 [English] - Verify Match Information section heading is displayed","Recent Match Details Page [English]","2026-09-02","passed","2026-09-02","","5. Stats Tab [English]","",""
"","1962","TC_01 [Vietnamese] - Verify Profile page loads successfully via direct URL with all three tabs visible","Profile Page (Vietnamese)","2026-09-02","passed","2026-09-02","","1. Page Load","",""
"","5809","TC_21 [Vietnamese] — Back navigation returns to the Details page","OTP Verification [Vietnamese]","2026-09-02","passed","2026-09-02","","","",""
"","133","TC_11 [English] - Verify lineup pitch shows at least 11 players","Recent Match Details Page [English]","2026-09-02","passed","2026-09-02","","4. Lineups Tab [English]","",""
"","4361","TC_06 [English] — Country code selector allows changing the default country code to another country","Organic Signup Journey (English)","2026-09-02","passed","2026-09-02","","Login/Join Page","",""
"","1601","TC_53 [Vietnamese] - Verify no JavaScript console errors appear across all three tabs","Profile Page (Vietnamese)","2026-09-02","passed","2026-09-02","","10. Edge Cases","",""
"","1577","TC_15 [English] - Verify clicking Cookie Policy redirects to the Cookie Policy page","Profile Page (English)","2026-09-02","passed","2026-09-02","","4. Account Tab","",""
"","3872","TC15 [English] — Upcoming match header shows logos, team names, competition and date/time","Smoke Suite [English]","2026-09-02","passed","2026-09-02","","","",""
"","3299","TC_03 [Vietnamese] - Verify Knockout tab presence and Standings tab content on Canadian Premier League 2026 page","Tournament Pages [Vietnamese]","2026-09-02","passed","2026-09-02","","Canadian Premier League 2026 [Vietnamese]","",""
"","253","TC_12 [Vietnamese] - Verify player name labels are visible in the lineup pitch area","Recent Match Details Page [Vietnamese]","2026-09-02","passed","2026-09-02","","4. Lineups Tab [Vietnamese]","",""
"","136","TC_26 [Vietnamese] - Verify Play by Play section contains goal event entries","Recent Match Details Page [Vietnamese]","2026-09-02","passed","2026-09-02","","6. Play by Play Tab [Vietnamese]","",""
"","45","TC_22 [English] — Submitting with the OTP field empty does not attempt verification","Blue Moon — OTP Page (English)","2026-09-02","passed","2026-09-02","","","",""
"","73","TC_04 [English] - Verify date/time element in header contains numeric content","Upcoming Match Details Page [English]","2026-09-02","passed","2026-09-02","","2. Match Header [English]","",""
"","5178","TC_18 [Vietnamese] — Resend OTP after the countdown expires sends a new OTP and resets the timer","OTP Verification [Vietnamese]","2026-09-02","passed","2026-09-02","","","",""
"","9","TC_12 [English] - Verify no leftover authenticated data is shown after logout completes","Logout (English)","2026-09-02","passed","2026-09-02","","2. Logout Execution & Redirect","",""
"","621","TC_03 [English] - Verify header shows team logos, team names and competition name","Recent Match Details Page [English]","2026-09-02","passed","2026-09-02","","2. Match Header [English]","",""
"","5745","TC_21 [English] — Back navigation returns to the Details page","OTP Verification [English]","2026-09-02","passed","2026-09-02","","","",""
"","247","TC_17 [English] - Verify Standings section is displayed in Overview tab","Upcoming Match Details Page [English]","2026-09-02","passed","2026-09-02","","4. Overview Tab [English]","",""
"","30343","TC_08 [Vietnamese] - Verify all four tabs (Lineups, Stats, Play by Play, Rankings) are displayed and Lineups is the default active tab","Recent Match Details Page [Vietnamese]","2026-09-02","broken","2026-09-02","","3. Match Detail Tabs [Vietnamese]","",""
"","30065","TC_31 [Vietnamese] - Verify standings shows team logos for at least 4 teams","Recent Match Details Page [Vietnamese]","2026-09-02","broken","2026-09-02","","8. Rankings Tab [Vietnamese]","",""
"","52548","TC_38 [Vietnamese] — Signup journey renders and functions correctly on a mobile viewport","E2E Journey [Vietnamese]","2026-09-02","broken","2026-09-02","","","",""
"","1727","TC_17 [Vietnamese] — Login/Signup CTA is no longer displayed after successful login, and a profile avatar is shown instead","Organic Signup Journey (Vietnamese)","2026-09-02","passed","2026-09-02","","Post-Login Dashboard and Settings","",""
"","3233","TC_19 [English] — Network failure during OTP verification shows an appropriate error","OTP Verification [English]","2026-09-02","passed","2026-09-02","","","",""
"","3095","TC_17 [Vietnamese] - Verify clicking a Today Match card navigates to the match detail page","Dashboard Validation (Vietnamese)","2026-09-02","passed","2026-09-02","","","",""
"","243","TC_33 [English] - Verify clicking Community tab makes it active and loads all 7 social channels","Profile Page (English)","2026-09-02","passed","2026-09-02","","7. Community Tab","",""
"","6669","TC_29 [Vietnamese] - Verify each competition entry displays an icon and name","Team Details Page [Vietnamese]","2026-09-02","passed","2026-09-02","","5. Competitions [Vietnamese]","",""
"","5016","TC14 [English] — Clicking an upcoming match card navigates to Match Details page","Smoke Suite [English]","2026-09-02","passed","2026-09-02","","","",""
"","5200","TC_22 [English] — Back navigation returns to join page","OTP Verification (English)","2026-09-02","passed","2026-09-02","","","",""
"","3500","TC_18 [Vietnamese] - Verify clicking a Trending Series card navigates to the series detail page","Dashboard Validation (Vietnamese)","2026-09-02","passed","2026-09-02","","","",""
"","1503","TC_23 [Vietnamese] — A logged-in user directly navigating to the login/join URL is redirected to the Dashboard instead of the phone entry page","Organic Signup Journey (Vietnamese)","2026-09-02","passed","2026-09-02","","Post-Login Dashboard and Settings","",""
"","5816","TC_08 [Vietnamese] — An inline validation error/disabled state is shown when Continue is clicked with an empty phone number field","Organic Signup Journey (Vietnamese)","2026-09-02","passed","2026-09-02","","Login/Join Page","",""
"","4976","TC_05 [English] — Inline validation error is shown when Sign Up is clicked with an empty phone number field","Details Page [English]","2026-09-02","passed","2026-09-02","","","",""
"","186","TC_29 [Vietnamese] - Verify Match Information section heading is displayed","Upcoming Match Details Page [Vietnamese]","2026-09-02","passed","2026-09-02","","6. Stats Tab [Vietnamese]","",""
"","382","TC_06 [Vietnamese] - Verify clicking Team 1 logo navigates to Team 1 details page and back returns to match","Recent Match Details Page [Vietnamese]","2026-09-02","passed","2026-09-02","","2. Match Header [Vietnamese]","",""
"","3257","TC_20 [English] - Verify clicking the Login/Signup button redirects the user to the Login/Signup page","Dashboard Validation (English)","2026-09-02","passed","2026-09-02","","","",""
"","2984","TC_16 [English] - Verify clicking the All Matches filter displays filtered match results","Dashboard Validation (English)","2026-09-02","passed","2026-09-02","","","",""
"","33491","TC_07 [Vietnamese] - Verify Team Details page is reachable and loads correctly from J1 League 26/27","Team Details Page [Vietnamese]","2026-09-02","passed","2026-09-02","","1. Cross-Tournament Reachability [Vietnamese]","",""
"","12181","TC_05 [Vietnamese] - Verify the Logout button is reachable and operable via keyboard","Logout (Vietnamese)","2026-09-02","broken","2026-09-02","","1. Logout Control Visibility & Non-Destructive Popup Checks [Vietnamese]","",""
"","2055","TC_58 [Vietnamese] - Verify no broken images or missing icons on the Profile page across all three tabs","Profile Page (Vietnamese)","2026-09-02","passed","2026-09-02","","11. UI & Responsive","",""
"","3748","TC_31 [Vietnamese] - Verify clicking Team B WIN in Guess the Winner triggers the Express Signup popup","Beat SFC [Vietnamese]","2026-09-02","passed","2026-09-02","","Match Details - Beat Aiko Widgets (Pre-login) [Vietnamese]","",""
"","23516","TC_10 [Vietnamese] — Repeated rapid Sign Up submissions are rate-limited or accepted","Details Page [Vietnamese]","2026-09-02","passed","2026-09-02","","","",""
"","76","TC_23 [Vietnamese] - Verify Play by Play tab is displayed with correct label","Recent Match Details Page [Vietnamese]","2026-09-02","passed","2026-09-02","","6. Play by Play Tab [Vietnamese]","",""
"","1812","TC30 [Vietnamese] — User is able to select English and Vietnamese language","Smoke Suite [Vietnamese]","2026-09-02","passed","2026-09-02","","","",""
"","459","TC_10 [Vietnamese] - Verify Lineups tab displays football pitch with both team names, logos and pitch container","Recent Match Details Page [Vietnamese]","2026-09-02","passed","2026-09-02","","4. Lineups Tab [Vietnamese]","",""
"","111","TC_24 [English] - Verify English language option displays 🌐 globe icon and English label","Profile Page (English)","2026-09-02","passed","2026-09-02","","5. Preferences Tab","",""
"","8367","TC_50 [Vietnamese] - Verify all 7 social channel links open in a new tab and do not navigate away from Profile page","Profile Page (Vietnamese)","2026-09-02","passed","2026-09-02","","10. Edge Cases","",""
"","1682","TC_03 [English] — Clicking the second Signup CTA navigates to the same Signup Details page","Blue Moon — Landing Page (English)","2026-09-02","passed","2026-09-02","","","",""
"","3087","TC_06 [Vietnamese] - Verify Today Matches, Trending Series, Upcoming Matches and Recent Results sections are displayed on the Dashboard page","Dashboard Validation (Vietnamese)","2026-09-02","passed","2026-09-02","","","",""
"","","TC_01 [Vietnamese] - Verify 'Next Match' section label is displayed on Overview tab","Beat SFC [Vietnamese]","2026-09-02","unknown","","","Overview Page - Next Match Widget [Vietnamese]","",""
"","296","TC_32 [English] - Verify Ranking tab label and Standings section heading are correct","Upcoming Match Details Page [English]","2026-09-02","passed","2026-09-02","","8. Rankings Tab [English]","",""
"","205","TC_06 [Vietnamese] - Verify clicking Team 2 logo navigates to Team 2 details page and back returns to match","Upcoming Match Details Page [Vietnamese]","2026-09-02","passed","2026-09-02","","2. Match Header [Vietnamese]","",""
"","6745","TC_33 [English] - Verify all sections consistently reflect the same team with no cross-team data leakage","Team Details Page [English]","2026-09-02","passed","2026-09-02","","6. Data Integrity [English]","",""
"","261","TC_27 [Vietnamese] - Verify team names in match header match team names shown in Lineups tab","Recent Match Details Page [Vietnamese]","2026-09-02","passed","2026-09-02","","7. Data Consistency [Vietnamese]","",""
